0.0,0.0,0.0,-0.15106389752030344,-0.12307647263113654,-0.014380262043456169,-0.2578929425014084,-0.30491702009329213,-0.036891940833923415,-0.3527954758815478,-0.4276560687981808,-0.07496827607067541,-0.4428545243398282,-0.53751426038992,-0.11144259227731132,-0.14904620103924174,-0.5685012525195631,0.04050186066842321,-0.2659378464767668,-0.7165123125448001,-0.03949657726502316,-0.3627607109111976,-0.6859612053004033,-0.1181276069626499,-0.4326526543489137,-0.6144640332654967,-0.16007301967515028,-0.0932703273018325,-0.6093650154514386,0.011553818773008852,-0.16185037089642582,-0.8303734419564058,-0.03650353186484229,-0.26332664541114414,-0.9081310329086612,-0.07894706938729665,-0.36111960363353757,-0.926650457458197,-0.10445842026409781,-0.024424480200401912,-0.5985284214758817,-0.032170999322678084,-0.06486550463376808,-0.8317109498653599,-0.0701287795708342,-0.15770528776996615,-0.9230038414955126,-0.08796022699882838,-0.25355888006560534,-0.9590556845278506,-0.09522239031491657,0.04692411027607169,-0.5455791578284409,-0.08214033186100421,0.05658930641675675,-0.7448742725144409,-0.1110964212109299,-0.006361344823860403,-0.8497643623933773,-0.12020984569786733,-0.0906981545718351,-0.911301914001303,-0.12206827062242673,0.0,0.0,0.0,0.0,0.0,0.0,0.0,0.0,0.0,0.0,0.0,0.0,0.0,0.0,0.0,0.0,0.0,0.0,0.0,0.0,0.0,0.0,0.0,0.0,0.0,0.0,0.0,0.0,0.0,0.0,0.0,0.0,0.0,0.0,0.0,0.0,0.0,0.0,0.0,0.0,0.0,0.0,0.0,0.0,0.0,0.0,0.0,0.0,0.0,0.0,0.0,0.0,0.0,0.0,0.0,0.0,0.0,0.0,0.0,0.0,0.0,0.0,0.0,OK
0.0,0.0,0.0,-0.13505710030896975,-0.1024514025366192,-0.015993249968421445,-0.23947601199160795,-0.24255378684698353,-0.039134994530388,-0.32765191281572426,-0.33660499905919605,-0.07435532828052908,-0.40540742190830364,-0.41684648926325624,-0.1092205873377608,-0.14703502059830448,-0.4786973861459122,0.015213804782661707,-0.26007035971462633,-0.5823428152031827,-0.062105270792999774,-0.35295376726254246,-0.550365696338144,-0.129123162722394,-0.4101405291174547,-0.4911419560590026,-0.16168871216076997,-0.09500041855741798,-0.5234748719607423,-0.010830073440679122,-0.14361785290072465,-0.7286697214057054,-0.051141859057787405,-0.20305310786951516,-0.8602772805878041,-0.08131730104698,-0.25520241499767904,-0.9618555947271674,-0.09851671062007485,-0.03337184821987499,-0.5150741845395327,-0.05034189437695702,-0.05944420271124336,-0.7169295376623745,-0.09329182709720718,-0.1136349621348629,-0.8422516184568549,-0.11362342809132396,-0.16684967198591844,-0.9380538541574079,-0.12011596283164014,0.028242057761981392,-0.4626503557019476,-0.09372847226862326,0.06074783907694189,-0.6344605566843601,-0.1273645429735336,0.05429167007461546,-0.7610692482790384,-0.1353187520271941,0.03378058606608876,-0.8697303840779287,-0.13434170826102423,0.0,0.0,0.0,0.0,0.0,0.0,0.0,0.0,0.0,0.0,0.0,0.0,0.0,0.0,0.0,0.0,0.0,0.0,0.0,0.0,0.0,0.0,0.0,0.0,0.0,0.0,0.0,0.0,0.0,0.0,0.0,0.0,0.0,0.0,0.0,0.0,0.0,0.0,0.0,0.0,0.0,0.0,0.0,0.0,0.0,0.0,0.0,0.0,0.0,0.0,0.0,0.0,0.0,0.0,0.0,0.0,0.0,0.0,0.0,0.0,0.0,0.0,0.0,OK
0.0,0.0,0.0,-0.13570351699502148,-0.08522023052282394,-0.024606566914420827,-0.2418474039710322,-0.2290989585449015,-0.05115074886771499,-0.332931234127055,-0.3298448666330498,-0.08665839385428942,-0.4109485341742461,-0.41833057905521015,-0.12155277416152901,-0.15907852220468294,-0.47220617218769245,0.0007856552556766898,-0.2709855206464476,-0.5808575329907991,-0.07786742911607922,-0.35953873657040303,-0.5579784483937571,-0.1436256841251539,-0.4122847966756894,-0.5032582944035888,-0.17531132286997078,-0.10029652398055425,-0.522316783077063,-0.021351786253812996,-0.1551538583825144,-0.7287543813877199,-0.06493278573178335,-0.2208279897094278,-0.8577143241229223,-0.09587045643158579,-0.2809484238432015,-0.9529797277353129,-0.11356769639976809,-0.03008533910874809,-0.5162400615925529,-0.057108695991141746,-0.0635468760875798,-0.7142092944640019,-0.10501269827040143,-0.1250035727227968,-0.8364526387705951,-0.1278149864474917,-0.1870940096201315,-0.9303253351920678,-0.1357770756232365,0.041050567029125726,-0.46583693552873695,-0.09668617967824217,0.07444357772583216,-0.6437955990868105,-0.1342815790091308,0.07019699379472423,-0.7764733483223929,-0.14564278272673337,0.049184994690513975,-0.891351651471012,-0.1478004816618339,0.0,0.0,0.0,0.0,0.0,0.0,0.0,0.0,0.0,0.0,0.0,0.0,0.0,0.0,0.0,0.0,0.0,0.0,0.0,0.0,0.0,0.0,0.0,0.0,0.0,0.0,0.0,0.0,0.0,0.0,0.0,0.0,0.0,0.0,0.0,0.0,0.0,0.0,0.0,0.0,0.0,0.0,0.0,0.0,0.0,0.0,0.0,0.0,0.0,0.0,0.0,0.0,0.0,0.0,0.0,0.0,0.0,0.0,0.0,0.0,0.0,0.0,0.0,OK
0.0,0.0,0.0,-0.14033297964984862,-0.06710925006514303,-0.03140614381419798,-0.258373778348919,-0.2025318475166756,-0.059053840760306696,-0.3565040699176859,-0.3068300502611303,-0.0944629854616005,-0.43783303072571655,-0.3972052764600355,-0.12754572024283564,-0.18196911017036108,-0.45512681675020594,0.0009901609947085774,-0.3007307812130195,-0.558078177749021,-0.07486068538423858,-0.3893351575240646,-0.5375271407653617,-0.13716258144444582,-0.44321714760753744,-0.4881051989220103,-0.16688917282631932,-0.11963555812897013,-0.5193216364819755,-0.017271565397504483,-0.1913408406490936,-0.7239500589824281,-0.059630298940247704,-0.2604323921560815,-0.8476748938593803,-0.08807811381117767,-0.3235039770729547,-0.940500241000293,-0.1039445693452621,-0.0434565769456275,-0.529516552475514,-0.05006446432021702,-0.09843892113480437,-0.7248365564596015,-0.09723055186789602,-0.1699628480337727,-0.8440024100299813,-0.1178663514787906,-0.2411979059791878,-0.9346660501683365,-0.12434664608686781,0.03860742664520686,-0.49924589423017507,-0.08755667577409743,0.059349829560293,-0.6841498453665414,-0.12368943509147652,0.0491343729300932,-0.817447916967954,-0.1347252008973296,0.019607597741564106,-0.92984322568389,-0.13685297684818706,0.0,0.0,0.0,0.0,0.0,0.0,0.0,0.0,0.0,0.0,0.0,0.0,0.0,0.0,0.0,0.0,0.0,0.0,0.0,0.0,0.0,0.0,0.0,0.0,0.0,0.0,0.0,0.0,0.0,0.0,0.0,0.0,0.0,0.0,0.0,0.0,0.0,0.0,0.0,0.0,0.0,0.0,0.0,0.0,0.0,0.0,0.0,0.0,0.0,0.0,0.0,0.0,0.0,0.0,0.0,0.0,0.0,0.0,0.0,0.0,0.0,0.0,0.0,OK
0.0,0.0,0.0,-0.15174235108788373,-0.05889630556144654,-0.03063100878945105,-0.2766202122708924,-0.18352731431709154,-0.05753049699802248,-0.37595262926667883,-0.2929560153244601,-0.09383913126507812,-0.457832388901241,-0.39322480086699557,-0.12875927818107058,-0.1925996178892392,-0.4419297122090348,0.012709097531097757,-0.31579390999929285,-0.5375142213541394,-0.06227762933760613,-0.406416047339854,-0.5202569148347137,-0.12723262286298614,-0.4661244730506901,-0.4738660887843101,-0.15972661263024887,-0.13078771745762238,-0.5132191541038165,-0.008284584171336963,-0.21575678292975892,-0.716934530877519,-0.05026268105229501,-0.29396947181282124,-0.833451902229102,-0.08594132529822378,-0.3651095393770559,-0.9246199037568976,-0.10850372266636514,-0.05088382963707684,-0.5341013697957545,-0.04416553544684163,-0.12173067361453103,-0.7324088169863467,-0.09272859954990234,-0.19906776976829277,-0.8430095901571597,-0.11905495379411236,-0.27325294257559385,-0.9255855091552223,-0.1301991191246369,0.03612438290490471,-0.5167444146146033,-0.08460807224662201,0.039211320853487566,-0.713606923322828,-0.11978643416840261,0.025827749174764176,-0.8499050802244844,-0.1310093153642209,-0.0021163665608455243,-0.965408600439541,-0.1345255482982276,0.0,0.0,0.0,0.0,0.0,0.0,0.0,0.0,0.0,0.0,0.0,0.0,0.0,0.0,0.0,0.0,0.0,0.0,0.0,0.0,0.0,0.0,0.0,0.0,0.0,0.0,0.0,0.0,0.0,0.0,0.0,0.0,0.0,0.0,0.0,0.0,0.0,0.0,0.0,0.0,0.0,0.0,0.0,0.0,0.0,0.0,0.0,0.0,0.0,0.0,0.0,0.0,0.0,0.0,0.0,0.0,0.0,0.0,0.0,0.0,0.0,0.0,0.0,OK
0.0,0.0,0.0,-0.15053187199354504,-0.07259994148245523,-0.02141125424079635,-0.2657088913318132,-0.20590848335999748,-0.04820555002171119,-0.365550133546339,-0.31231648831988457,-0.08740097105766256,-0.4515617568089741,-0.40474346633384944,-0.12599103562254002,-0.1738368204217126,-0.4590217628338922,0.019932740860459444,-0.2945299460201761,-0.5591016163807841,-0.057616415308546116,-0.386340048257614,-0.5373107478929324,-0.12624586581755806,-0.45017953598244775,-0.4880830259853601,-0.16023461269546244,-0.11655195724862585,-0.5237940387953737,-0.005156062354826298,-0.19350503827256296,-0.7227041827417903,-0.045373968985229246,-0.27585322693192926,-0.8388238925272863,-0.07941536527793584,-0.35297918138702644,-0.9301679839577776,-0.10096147348007727,-0.04418634678815705,-0.5382826977752938,-0.04482960693706744,-0.10128070420672813,-0.7401394840494373,-0.08805141053666395,-0.1808353195483674,-0.8485891012326426,-0.10917641924823188,-0.259834516704306,-0.9278027291615631,-0.11686252308617828,0.030682925818344548,-0.5146843244878068,-0.0890672974856478,0.036025775336002486,-0.7090892501037996,-0.11939815180394675,0.015959552505060697,-0.8396034520408603,-0.12631681036497244,-0.020406220022602586,-0.9467103614120156,-0.1262085967717698,0.0,0.0,0.0,0.0,0.0,0.0,0.0,0.0,0.0,0.0,0.0,0.0,0.0,0.0,0.0,0.0,0.0,0.0,0.0,0.0,0.0,0.0,0.0,0.0,0.0,0.0,0.0,0.0,0.0,0.0,0.0,0.0,0.0,0.0,0.0,0.0,0.0,0.0,0.0,0.0,0.0,0.0,0.0,0.0,0.0,0.0,0.0,0.0,0.0,0.0,0.0,0.0,0.0,0.0,0.0,0.0,0.0,0.0,0.0,0.0,0.0,0.0,0.0,OK
0.0,0.0,0.0,-0.15575728883098974,-0.08822523742376272,0.013945024644572269,-0.2668738239245487,-0.2172803292118731,0.0037535374008805193,-0.36472773688114757,-0.2885484805317066,-0.025787474052807537,-0.45747071647602444,-0.3544391195064854,-0.05491891557816128,-0.18993265397688766,-0.4917546497708665,0.05505554340845489,-0.3198187701915873,-0.5770520571801822,-0.0171701438849956,-0.4089177573001079,-0.5067447400302406,-0.08913491056853935,-0.46202827907189065,-0.4193532503143952,-0.12640247845104202,-0.158198559248162,-0.5262497886620381,0.015139905932932624,-0.24019075036832843,-0.7291263803431434,-0.021277640744550227,-0.34091052355982093,-0.8255069375839149,-0.058716833976914094,-0.4318164380881712,-0.898027828573324,-0.0841461995857534,-0.11576233200445339,-0.5215832948130507,-0.03676767817656106,-0.17172854709417187,-0.7367834001944854,-0.07044693711119537,-0.2608806684472705,-0.8359623408105783,-0.09145175728770204,-0.34236015646941304,-0.9055580040321426,-0.10255720020269596,-0.08085966919188278,-0.4853418063822573,-0.09115367145233803,-0.08991464012494718,-0.6690012910439824,-0.1156020808681393,-0.13768087358387715,-0.7852818937438414,-0.12179492094879538,-0.1963104578124095,-0.8807585636531582,-0.12276561944883116,0.0,0.0,0.0,0.0,0.0,0.0,0.0,0.0,0.0,0.0,0.0,0.0,0.0,0.0,0.0,0.0,0.0,0.0,0.0,0.0,0.0,0.0,0.0,0.0,0.0,0.0,0.0,0.0,0.0,0.0,0.0,0.0,0.0,0.0,0.0,0.0,0.0,0.0,0.0,0.0,0.0,0.0,0.0,0.0,0.0,0.0,0.0,0.0,0.0,0.0,0.0,0.0,0.0,0.0,0.0,0.0,0.0,0.0,0.0,0.0,0.0,0.0,0.0,OK
0.0,0.0,0.0,-0.17577622148493302,-0.12607794032368808,0.05956599718972788,-0.272241935853578,-0.2602483439125939,0.060827593140184065,-0.3668774865723629,-0.3358522908408532,0.03514708779104234,-0.46346317467623666,-0.4076995411243689,0.006729711627112568,-0.17787048593476282,-0.5023472904944227,0.08478152807328768,-0.3141765074012997,-0.6092193083009538,0.02903508508951267,-0.40076619370271377,-0.5481099207968105,-0.03764933192354265,-0.45676574917012036,-0.4641883235009112,-0.077250305295619,-0.1572068245909827,-0.506270742702011,0.021965911404097076,-0.26023224169291903,-0.7233639180209257,-0.004490045051849732,-0.36572654382515046,-0.8204184612863162,-0.04422440876951129,-0.45567268902317837,-0.8865904720467859,-0.07949676316834131,-0.13331832779777925,-0.47636727394792494,-0.04728820296179371,-0.20397791739376334,-0.7114673053575287,-0.06330502826566643,-0.2843597100644786,-0.8239482630174599,-0.07945111734012483,-0.35256371116005064,-0.8988020538859436,-0.09836110820165744,-0.12893986589786424,-0.43730249610444777,-0.11565884144577629,-0.15563222268520435,-0.6242515232797428,-0.1293313032642589,-0.20776193901734907,-0.743859725923247,-0.13290148253110237,-0.2669191763589442,-0.8449731264253096,-0.14016050344500663,0.0,0.0,0.0,0.0,0.0,0.0,0.0,0.0,0.0,0.0,0.0,0.0,0.0,0.0,0.0,0.0,0.0,0.0,0.0,0.0,0.0,0.0,0.0,0.0,0.0,0.0,0.0,0.0,0.0,0.0,0.0,0.0,0.0,0.0,0.0,0.0,0.0,0.0,0.0,0.0,0.0,0.0,0.0,0.0,0.0,0.0,0.0,0.0,0.0,0.0,0.0,0.0,0.0,0.0,0.0,0.0,0.0,0.0,0.0,0.0,0.0,0.0,0.0,OK
0.0,0.0,0.0,-0.16227086641539684,-0.5610537309644074,0.0012511694463814347,-0.4964785883649675,-0.8495565076836549,0.0033278454908860235,-0.7782798621193993,-0.9477260413921184,-0.013850259043599785,-0.9788598287998603,-0.9783038205762139,-0.012518213002939031,-0.8349646332085101,-0.8973304450538933,0.06136273585080418,-1.071554819998574,-1.2589041967610632,-0.044108916677045036,-1.065752820722494,-1.0853928756320443,-0.11353937853505748,-0.9625451307663495,-0.8429024525360013,-0.1362545197920948,-0.9781788523817164,-0.680655644168743,0.03199991159189298,-1.10593778046325,-0.8671168779874506,-0.019906712118863943,-0.9800901306505011,-0.684982083158992,-0.031559130886507705,-0.8398009691634734,-0.5420411901438041,-0.03042499596678879,-1.0599287682356202,-0.412749898051668,-0.014410316098915398,-1.1359969750541368,-0.5452703148272894,-0.05222823643541481,-0.991365335878101,-0.3983812288009197,-0.01967501635610254,-0.8475870891318688,-0.28922318160517413,0.006808731604914004,-1.1003576498533367,-0.14233409557880444,-0.06505366647715068,-1.141251653735065,-0.26527673607882357,-0.06906199416681773,-1.0222144363828702,-0.18495159129801375,-0.017952209765760865,-0.902754866630021,-0.10606391489348224,0.030469022494180847,0.0,0.0,0.0,-0.18402267889590893,-0.1758463503296713,0.12825226259888725,-0.2620596294937069,-0.2904164888825737,0.14595991233920977,-0.3597226232951088,-0.356122579154512,0.12725616326177705,-0.4537855729559139,-0.42575868398788336,0.1033896553647619,-0.15841338485462242,-0.5248967581903698,0.09706161886194192,-0.315645223863947,-0.6183850450010893,0.058675335933936076,-0.39935815954160564,-0.5703946143373273,0.018545715430436805,-0.45947691530120854,-0.49753541094905257,-0.004421727145385103,-0.13127860244688533,-0.5008871491861802,0.006582541162582318,-0.27444553507684794,-0.7389186205080358,-0.016389948044031433,-0.3812881385616095,-0.8305425955196298,-0.039417077874094604,-0.4699491249375539,-0.8804659337681225,-0.0626702436907298,-0.1230801112387664,-0.4362223417352419,-0.07885951532793627,-0.2397777429631348,-0.7180740535729516,-0.08025921715118205,-0.3242530614765967,-0.8268527565446714,-0.059636860060436156,-0.3944588907452868,-0.8998378895095055,-0.05600916531398673,-0.15209233440196068,-0.3880049848904778,-0.15676262434624785,-0.20188685229451825,-0.5779428006350265,-0.16881033885470262,-0.24916326045245157,-0.6974143760687795,-0.15944060020281223,-0.3074575128539171,-0.8058988217898686,-0.15546516125920798,OK
0.0,0.0,0.0,-0.178709957273414,-0.13160858057525396,0.08264159085555364,-0.25675805249982386,-0.2675333533839502,0.08562476078263698,-0.34723251932091764,-0.33737954635458073,0.05894850491053672,-0.44686181015005216,-0.38501660820039246,0.024832068058633118,-0.15874238130801394,-0.5137371776885911,0.08936978019261758,-0.2893151671770919,-0.64916987035509,0.0694125486942373,-0.37074276754397145,-0.692399661770583,0.0466272190346427,-0.4332225864278514,-0.7221592574688891,0.027135263274275255,-0.12933842428322534,-0.5186418030601541,0.011562985044273959,-0.2890578155924815,-0.7215381205766777,-0.012894172026433256,-0.3957272048828768,-0.811154963681624,-0.03441625508081115,-0.48238388937158194,-0.874234644434893,-0.054950611866855355,-0.12338235563498057,-0.477164534323554,-0.06706325013600538,-0.2610654534015213,-0.7122420491719367,-0.08674075611048472,-0.3575986130167612,-0.8172396202088565,-0.09230138333073722,-0.4335812141541622,-0.8945756761728134,-0.10516649366225671,-0.1519768068327051,-0.4141745251540824,-0.14093015868013442,-0.21820267078193586,-0.5834655668138409,-0.16648392266283507,-0.2775926882107774,-0.6960313023054944,-0.17565316445493734,-0.3353334518042887,-0.7998956120716273,-0.18840169440141058,0.0,0.0,0.0,0.0,0.0,0.0,0.0,0.0,0.0,0.0,0.0,0.0,0.0,0.0,0.0,0.0,0.0,0.0,0.0,0.0,0.0,0.0,0.0,0.0,0.0,0.0,0.0,0.0,0.0,0.0,0.0,0.0,0.0,0.0,0.0,0.0,0.0,0.0,0.0,0.0,0.0,0.0,0.0,0.0,0.0,0.0,0.0,0.0,0.0,0.0,0.0,0.0,0.0,0.0,0.0,0.0,0.0,0.0,0.0,0.0,0.0,0.0,0.0,OK
0.0,0.0,0.0,-0.1654010026275541,-0.13504789083381055,0.11690405991575041,-0.238964344008811,-0.259593419004448,0.14337579199974934,-0.3244836969049243,-0.3281128746502831,0.137503230602237,-0.42031095383977873,-0.3785936210701558,0.12362218772763345,-0.13783658474571212,-0.509308266182656,0.1171793177569985,-0.25576456185667984,-0.6621945112099283,0.10348176987307411,-0.3362693882158799,-0.735222262191613,0.08502612010469239,-0.40665339865068484,-0.7831841367896439,0.07022424715908104,-0.1121010975207583,-0.5095306099035793,0.028285409447937757,-0.2584558421936133,-0.7359803191539435,0.009863989364872722,-0.3626139252575951,-0.8359173110917546,-0.008372829191298437,-0.45130370306713996,-0.8920443596047333,-0.02412111306030541,-0.11883025038731142,-0.46677894888524113,-0.05841818672039497,-0.25163117980053096,-0.7069067279111048,-0.07358027799122326,-0.35328857163421606,-0.8105804456206109,-0.07919833413994803,-0.4386017038002188,-0.8813846365512271,-0.08855180318825875,-0.16268945338788451,-0.40871493032169914,-0.13649816900465067,-0.24843446673445976,-0.5909009184096113,-0.1589648657169854,-0.3186566944728801,-0.6871800490336463,-0.16579057226566327,-0.38620748083068135,-0.7726713325705158,-0.17317103254013666,0.0,0.0,0.0,0.0,0.0,0.0,0.0,0.0,0.0,0.0,0.0,0.0,0.0,0.0,0.0,0.0,0.0,0.0,0.0,0.0,0.0,0.0,0.0,0.0,0.0,0.0,0.0,0.0,0.0,0.0,0.0,0.0,0.0,0.0,0.0,0.0,0.0,0.0,0.0,0.0,0.0,0.0,0.0,0.0,0.0,0.0,0.0,0.0,0.0,0.0,0.0,0.0,0.0,0.0,0.0,0.0,0.0,0.0,0.0,0.0,0.0,0.0,0.0,OK
0.0,0.0,0.0,-0.16274844386982415,-0.10883216086931992,0.12642316945445944,-0.2415738595971124,-0.23532005983128915,0.16384191858034933,-0.32333165597441765,-0.32162591643546945,0.16797697899177838,-0.41532395386804066,-0.3772239615546081,0.1648700067236048,-0.14749301911368615,-0.5056204117474562,0.14560789396452767,-0.25798695020427426,-0.6852123184201558,0.15477580204330574,-0.3442539801010295,-0.7818486505045373,0.150861954226126,-0.42567297488647393,-0.8519493708037414,0.14446875758107874,-0.1290163275764577,-0.5162818141975654,0.058608455925856964,-0.26371170394011656,-0.736953277282804,0.067327884196094,-0.3699604745478479,-0.8340994991739666,0.06340036828509596,-0.455969281127175,-0.888258899074275,0.05557106156736754,-0.14847564336815622,-0.48088972759652,-0.02527458239545008,-0.27642121520689916,-0.7087298608119426,-0.013807434364408401,-0.3793429098275439,-0.8073049569624511,-0.008949905512447284,-0.4625777924353354,-0.8737239540148596,-0.01404913503756027,-0.20638587034056147,-0.42147445145036705,-0.10123237619412352,-0.29951674214463675,-0.619101492287277,-0.09508139649208576,-0.3684661605730075,-0.714465285464064,-0.08657741546788249,-0.43098532342118107,-0.7923314758135424,-0.08492234671060282,0.0,0.0,0.0,0.0,0.0,0.0,0.0,0.0,0.0,0.0,0.0,0.0,0.0,0.0,0.0,0.0,0.0,0.0,0.0,0.0,0.0,0.0,0.0,0.0,0.0,0.0,0.0,0.0,0.0,0.0,0.0,0.0,0.0,0.0,0.0,0.0,0.0,0.0,0.0,0.0,0.0,0.0,0.0,0.0,0.0,0.0,0.0,0.0,0.0,0.0,0.0,0.0,0.0,0.0,0.0,0.0,0.0,0.0,0.0,0.0,0.0,0.0,0.0,OK
0.0,0.0,0.0,-0.14137577795346404,-0.6667498267345994,0.011331803476569497,-0.5696688621958936,-0.9649855866994606,0.021281179617806793,-0.9121911107346217,-0.8950913325543717,0.021435204349788194,-1.1127426326908498,-0.6448011062298273,0.016465472702994515,-0.9749420964055293,-1.1195623423490535,0.0954929477287245,-1.2186673532031456,-0.7980758567640113,0.04348399854736907,-1.0979726999813955,-0.600133339943136,-0.05177332287699122,-0.9119674500093404,-0.5417628855492631,-0.11084051442321562,-1.143107212347396,-0.7735120262405661,0.0764575313090124,-1.2881559101021287,-0.4906794418822955,0.08806138828013355,-1.143406906619485,-0.3405115219687678,0.03943202966255613,-0.9519716404286909,-0.306185428026719,0.0006924475446753409,-1.2234413719596453,-0.3561167137143221,0.055030015217713765,-1.338656614906701,-0.13470702541009041,0.05862210168109843,-1.1835931335596597,-0.031673244644668176,0.056925481764020354,-0.9978465086446296,-0.04175629193228569,0.04938622835810666,-1.2553460471810933,0.0730232843414554,0.033154518625948724,-1.3287772487262255,0.23928811660252045,0.02800865480837425,-1.156786035910689,0.30872394950919163,0.0713109759226243,-0.9952025391775331,0.2936260180686177,0.11819007142962992,0.0,0.0,0.0,-0.1736010671383689,-0.179946762662035,0.14562127597022076,-0.23645743600641875,-0.3056207215191574,0.17782129989435855,-0.3200423313266229,-0.3891878685123062,0.16780224770770305,-0.4071396935094205,-0.4704427488690118,0.15107405437536864,-0.1125367930473784,-0.527408435830987,0.16705794243730282,-0.2538260582703257,-0.6450123762526813,0.14952867350076773,-0.34743617514429537,-0.6057270621349798,0.1138605003474758,-0.4063019056122696,-0.5404519974500964,0.09251980096902247,-0.07879546063875173,-0.527583852515514,0.06873388965155089,-0.20926560097288535,-0.7529628070867308,0.06975245064186492,-0.31389138114503046,-0.8610140751625094,0.04714950027225217,-0.39212363630948316,-0.9196634826990104,0.021404028530978312,-0.0800104308768008,-0.4858358972369343,-0.02762634227615379,-0.17479379118565677,-0.7550928494611463,-0.015171978958996347,-0.2637252484674153,-0.8788046456675759,-0.0023473531825764045,-0.33004269306612244,-0.9536045445689523,-0.005193060898680428,-0.12069816674158837,-0.45433978898275734,-0.11534990471779577,-0.17415448672001066,-0.6553491964319587,-0.11259633838941824,-0.21898609226058158,-0.775960870470123,-0.0994037470463398,-0.2657115415490705,-0.8757961826678021,-0.09478549710670464,OK
0.0,0.0,0.0,-0.1617099335881473,-0.6315811184789342,0.12722087234356094,-0.5027917190749632,-0.9125682681700213,0.1784993910167471,-0.7574576557600446,-0.9314582011740409,0.17944960813854144,-0.946883852805743,-0.7718863252888969,0.17867925632849965,-0.7165846095096146,-1.222969811109505,0.24199203473530892,-0.9823529904114965,-1.3259604370591456,0.20054452635072764,-1.0673367591478533,-1.0946847389460956,0.13285658083650953,-1.0300865776159347,-0.8651768023977278,0.09030424034099276,-0.8909711483982306,-1.0506058136285683,0.15676569938796273,-1.0824862986590245,-0.8117623894364769,0.17299548732113104,-0.9962906150612704,-0.5817787028495266,0.14657753696458767,-0.8513744163376017,-0.5114892508716874,0.11636300721676257,-1.0102370946186998,-0.7595586838492158,0.064604474565086,-1.1423285695865713,-0.49969612385775714,0.08384695615813441,-1.0178390328409557,-0.3116734296754571,0.09781860428121536,-0.859962066780237,-0.2703105460333563,0.08946704907174448,-1.087772276033562,-0.4286910343430316,-0.02476617453543276,-1.1558278763073973,-0.18253989636032877,0.0005753592161476776,-1.0160765037217065,-0.028499922785063855,0.04615813281392697,-0.8687843722757433,0.00997948092776061,0.07936845454242465,0.0,0.0,0.0,-0.16092269211141652,-0.1865877665555825,0.1339729467050368,-0.22717186030038555,-0.31268280278843696,0.15726251038953226,-0.31301614039490944,-0.40488391269169544,0.139231674660749,-0.39904396030625366,-0.49025904652235475,0.11642171156481677,-0.08595883487715168,-0.5285213045471462,0.14482054313583997,-0.22652667911898183,-0.6535129404680857,0.11782300384389918,-0.32244529585177273,-0.6149564903914724,0.07550404756166353,-0.38815516197839683,-0.5486321531313032,0.05084366524161682,-0.050658850657429796,-0.5209379940782856,0.05305640599322765,-0.16576785508734054,-0.7564208398818342,0.049130807068876584,-0.2665768142897281,-0.8726144523558598,0.023397286067041494,-0.34322825319595424,-0.9392413271158515,-0.00448281671584747,-0.04960144036830992,-0.47552674911583326,-0.03597136231757762,-0.12498010839564365,-0.7495196947380347,-0.015910492610183652,-0.1972544498843138,-0.8774400425544585,0.010987752173705193,-0.25288664719739,-0.9588016162887417,0.01694259800035486,-0.0893681004834078,-0.45515737176123855,-0.1189444480647082,-0.12717328012237883,-0.6566573731885079,-0.10553314051496059,-0.15805966309444114,-0.77988914024761,-0.08123680209679528,-0.19360478734428319,-0.8865832913683063,-0.068219952053266,OK
0.0,0.0,0.0,-0.2328466478054674,-0.8392728026642818,0.08545431912724666,-0.6153583066566287,-1.2666880015689397,0.13116992868231123,-0.872372338898974,-1.3430746519103747,0.14975034811431095,-0.9597441115592524,-1.130790003233506,0.15357196030809364,-1.0846575642529552,-1.1926288200541546,0.195946158503194,-1.0470818602698844,-1.1047703319108009,0.20214500495633206,-0.8718371825384362,-1.0126703836039166,0.11556801049482203,-0.7468937426348756,-0.9378067375169866,0.04483269674096473,-1.1010438444088655,-0.7533727099954827,0.14167332737933555,-1.0792748600834932,-0.7478037391186351,0.20356919919181665,-0.9344919974734824,-0.7001119652254824,0.13638941520773404,-0.7887022566247872,-0.6114957233561084,0.06341711687043346,-1.0265873323634656,-0.30279873492396914,0.09565478212853275,-1.0458298942583244,-0.35137686153926284,0.15761455697355925,-0.918919985400632,-0.3632073925052491,0.15106474843389517,-0.7823478515205121,-0.3342022637703619,0.12222822566981865,-0.9168618247855891,0.09557846465038071,0.05502491506165593,-0.9704622323749394,0.004622067057878613,0.12612704051205717,-0.8576935996736164,-0.021180773670470814,0.19811659094360565,-0.7467951308486127,-0.004821597338855032,0.24456580587059834,0.0,0.0,0.0,-0.15710728054187778,-0.1389972276596937,0.10275832329613635,-0.23184378165346878,-0.26445960550144654,0.1225639862100917,-0.31741239332237803,-0.35581093337270153,0.10497191113519323,-0.3971370317355853,-0.45782300314841173,0.08466440311685312,-0.09736056296155139,-0.5138232821561519,0.16776189392112936,-0.2285140547316177,-0.6160392063396398,0.12966842721746696,-0.33666804124197,-0.5820162330573696,0.06967520980642639,-0.40772965428574287,-0.5247508983146434,0.03912654394244376,-0.06869528392149502,-0.5374375929190015,0.09030853546647478,-0.14833965230075644,-0.7672610250357211,0.10023645130906052,-0.24650064915374867,-0.8722906814757896,0.0831507778434149,-0.3293357356431338,-0.9419442007319295,0.06541479905864064,-0.05206811761151459,-0.5303123210508561,0.004819696570455441,-0.09445056962112522,-0.787546175488724,0.024025037508785048,-0.16491909728859497,-0.9126855530095679,0.03271995447749049,-0.22265698644292684,-0.9867249639636176,0.031637457982452995,-0.06660177847929885,-0.5183005872574259,-0.07884097361212147,-0.08028621386638107,-0.7199782605851645,-0.05863454681446931,-0.12236911699637273,-0.8402521093464387,-0.03731060768687359,-0.17225603021879976,-0.9347120910225245,-0.02454865795828848,OK
0.0,0.0,0.0,-0.1929879390291241,-0.1546723358916566,0.12615856182533403,-0.263838365634692,-0.2347043798263864,0.15458126828996008,-0.36032924762789237,-0.31739155789205015,0.1435780301374498,-0.4346423630005319,-0.4217134679787925,0.13161431275136096,-0.1235428044833005,-0.48646919453655213,0.16093812239338026,-0.27719884244676213,-0.5861248530454426,0.11223384048442779,-0.3788928355745735,-0.5439919995845393,0.04424857916741923,-0.4467411846162027,-0.48548736274355697,0.010598241782368834,-0.10704577512798721,-0.5092089236049426,0.07943588972028627,-0.18881528814895385,-0.7756192952139085,0.054029859426036955,-0.2839798783572497,-0.8770465533440877,0.02379642026536423,-0.3768495340734622,-0.9262312720349164,0.008947590356919215,-0.08686640670873486,-0.5025757866796797,-0.003895298212515671,-0.13260689464063202,-0.795476621731138,0.001584411811108671,-0.20763326100782056,-0.9324783345499177,0.02021160240943275,-0.2819335900148212,-0.9983862099757835,0.03714036247764252,-0.09784147122882036,-0.484206309858603,-0.082529557567687,-0.11620658524797296,-0.7215317268408864,-0.0592268173010043,-0.1683461625619164,-0.8551392804428165,-0.02359870224623917,-0.21929335255000812,-0.9455693580031569,0.006969716726537155,0.0,0.0,0.0,0.0,0.0,0.0,0.0,0.0,0.0,0.0,0.0,0.0,0.0,0.0,0.0,0.0,0.0,0.0,0.0,0.0,0.0,0.0,0.0,0.0,0.0,0.0,0.0,0.0,0.0,0.0,0.0,0.0,0.0,0.0,0.0,0.0,0.0,0.0,0.0,0.0,0.0,0.0,0.0,0.0,0.0,0.0,0.0,0.0,0.0,0.0,0.0,0.0,0.0,0.0,0.0,0.0,0.0,0.0,0.0,0.0,0.0,0.0,0.0,OK
0.0,0.0,0.0,-0.15111254120242387,-0.10605614508730506,0.057737785097493714,-0.2297085504404593,-0.23547820580638254,0.0673372789922185,-0.3215602353182953,-0.33405029524826757,0.05051174656316273,-0.4056201382466755,-0.4335823021544126,0.03539063573823079,-0.10739798632367348,-0.49391636951763424,0.1126640038900924,-0.2418406550655028,-0.5937175305224359,0.057208260426575196,-0.3464023072853035,-0.5645834002522757,-0.010248727034822366,-0.41640935383350663,-0.5072446709227415,-0.04368597073618329,-0.08063503162630127,-0.5344693787952056,0.055205829243327446,-0.14417478324337699,-0.7773566896713604,0.026417520650883788,-0.25056687979688846,-0.8795705453970154,-0.006098936482813904,-0.34985946398169815,-0.9365125834972035,-0.023292411078123264,-0.05248930593303256,-0.5452794194436846,-0.011297361799347492,-0.08125827726058718,-0.8074057801579151,-0.02598964948721581,-0.166160088970556,-0.937779310438886,-0.03348378613240759,-0.24213561128456593,-1.0128341423701677,-0.033136290427526256,-0.045474141612766174,-0.5325489544781483,-0.07816143053178147,-0.04178411095656063,-0.7518063691454784,-0.0756402637622268,-0.09484040866238372,-0.8844433478721595,-0.06262028623564456,-0.15419189984647053,-0.9718437085665678,-0.048967280862249205,0.0,0.0,0.0,0.0,0.0,0.0,0.0,0.0,0.0,0.0,0.0,0.0,0.0,0.0,0.0,0.0,0.0,0.0,0.0,0.0,0.0,0.0,0.0,0.0,0.0,0.0,0.0,0.0,0.0,0.0,0.0,0.0,0.0,0.0,0.0,0.0,0.0,0.0,0.0,0.0,0.0,0.0,0.0,0.0,0.0,0.0,0.0,0.0,0.0,0.0,0.0,0.0,0.0,0.0,0.0,0.0,0.0,0.0,0.0,0.0,0.0,0.0,0.0,OK
0.0,0.0,0.0,0.20893276276258266,0.048874385833904,0.005501497212726895,0.4477168715553004,0.04498210637296347,-0.009511537193040136,0.612748378151392,0.0936828249432482,-0.03775066796037086,0.7339033837830439,0.15446027362179365,-0.06297391887783312,0.5402369637006766,-0.3497776752563309,0.020824420183399254,0.7544334441178248,-0.18048789305820628,-0.03284534433857559,0.9085166769699187,-0.030564676698465923,-0.0867085758227332,0.9991435674322875,0.0925010496822601,-0.12120483681616534,0.5134423138499455,-0.3109123888855363,-0.014283471336091653,0.742152578804959,-0.11521109119457752,-0.048569205998235325,0.872782352384681,0.057259163193206036,-0.08231857398209437,0.9739991374352018,0.19813492447720243,-0.10985550499586257,0.4862359659466434,-0.20773765777741326,-0.05463809255027903,0.6948968023359274,-0.006442065272192677,-0.09301091107104142,0.8103238350622421,0.17063075245076373,-0.1036610631534165,0.8990609514849645,0.31266162954738563,-0.11094011608880054,0.45398108022198824,-0.06654198311306558,-0.0977482236358399,0.6201791281085751,0.09510148844540119,-0.11975851413633615,0.7144511268606369,0.2378114197767449,-0.11227957484592979,0.7828002397234249,0.36252584261406695,-0.10443097374028124,0.0,0.0,0.0,-0.1423180014172862,-0.08396106208248803,0.0044105545388522125,-0.23759140048864336,-0.23290561975975937,-0.006361955258751099,-0.32072949544784407,-0.34263577147592916,-0.03463078147163645,-0.40056966926468257,-0.45140928266704766,-0.0604292650879315,-0.12199281902133635,-0.5082383788048063,0.061948392155661516,-0.2371724155053689,-0.6144811099463445,-0.0013266961640052875,-0.3393719769727456,-0.5798806899920813,-0.06634198703138007,-0.40610771451463934,-0.517455468927877,-0.09891730887544894,-0.08000262949730592,-0.5497160248423046,0.027812579430551144,-0.13693320409420712,-0.7642457372020673,-0.002554824818602015,-0.23604192229016227,-0.8673649472054233,-0.034269067266917586,-0.325902578828245,-0.9438537240802056,-0.05410782432353688,-0.032659322473735854,-0.5498449333925606,-0.01955418965745425,-0.07031761807817634,-0.7753357037222507,-0.04823704434158829,-0.16092642069289437,-0.8867298832427484,-0.06364427217994018,-0.2440395967665061,-0.9608109613335918,-0.0687936278876292,0.0053363761293765384,-0.5194631455497454,-0.07098094424058911,0.004965747949919381,-0.7210087019401966,-0.08973910219432923,-0.04348004268877673,-0.8490764812695862,-0.09202050021836443,-0.10315542931380504,-0.9482435367015714,-0.08899230025654839,OK
0.0,0.0,0.0,-0.13830412894524166,-0.09328709086037419,-0.013196739965717815,-0.24220079490466898,-0.25053294985032887,-0.0314465217064457,-0.32515260754198105,-0.36775327978977435,-0.06324582872562902,-0.3932726811472267,-0.4789352360700896,-0.09300014903773729,-0.1345483812545935,-0.49396008605235675,0.03541367492656059,-0.23739483599383465,-0.6196646551068434,-0.032245875775350805,-0.32682082338200064,-0.5985542072857115,-0.0952693653843164,-0.3897163657536728,-0.5493092416868395,-0.12638615673433243,-0.07928543143902254,-0.5412982979269595,0.010192152516315557,-0.13832743116516316,-0.7463406044673139,-0.020855000405107703,-0.21758608984087163,-0.8640164432270336,-0.04954688125429504,-0.2919640489748273,-0.9540082531361662,-0.06800916889879771,-0.013388488772672185,-0.5400233690221046,-0.02906548104318869,-0.05732457653873359,-0.7503805648722175,-0.06170115028623723,-0.13764807229606835,-0.8667722096157041,-0.07850550977291972,-0.21816728191114818,-0.949612314137568,-0.08506008802795095,0.05247176529209962,-0.5024694866069941,-0.07315724747000235,0.06221915825405666,-0.6944498453235233,-0.09893895373654464,0.03166077578655482,-0.8226661581843907,-0.10575760315935667,-0.016827301482792045,-0.9272623865333767,-0.10592520406627222,0.0,0.0,0.0,0.0,0.0,0.0,0.0,0.0,0.0,0.0,0.0,0.0,0.0,0.0,0.0,0.0,0.0,0.0,0.0,0.0,0.0,0.0,0.0,0.0,0.0,0.0,0.0,0.0,0.0,0.0,0.0,0.0,0.0,0.0,0.0,0.0,0.0,0.0,0.0,0.0,0.0,0.0,0.0,0.0,0.0,0.0,0.0,0.0,0.0,0.0,0.0,0.0,0.0,0.0,0.0,0.0,0.0,0.0,0.0,0.0,0.0,0.0,0.0,OK
0.0,0.0,0.0,-0.13509419665204112,-0.10454666383795756,-0.01689988104369574,-0.2363104139570546,-0.2617663058760371,-0.03986533596171416,-0.319663227547049,-0.3766402385760994,-0.07570942195723865,-0.3917443972192389,-0.48612001147386363,-0.11012078790193106,-0.128057087153988,-0.5098808603185836,0.027017444369514518,-0.23126271163588163,-0.6313301214932004,-0.04372557093694424,-0.320169920852485,-0.6134710386074734,-0.11074866981907892,-0.38530903927104787,-0.5686927632347589,-0.14593703954115314,-0.07073331436005957,-0.5514068900828659,0.0013680657813941834,-0.12315604960174378,-0.7546838946776204,-0.03677067890894208,-0.20185173949587007,-0.8713406258863,-0.07260982790057471,-0.2784488452025527,-0.9555931456770591,-0.09647787591146402,-0.0037261371252987436,-0.542699141067538,-0.038019231218292544,-0.04106552673254621,-0.7517683694702183,-0.07755047559036106,-0.11862623822811592,-0.8676327457861792,-0.10189958100049915,-0.1996800054942138,-0.9477916145348092,-0.11366352560222444,0.06506511660984195,-0.49367470763570886,-0.0818309492497162,0.08094191255850822,-0.6838846115999182,-0.11153729723582395,0.04820280644207513,-0.8054767035681765,-0.12214194356003702,-0.007398720310075783,-0.8987324318983916,-0.12570684072464003,0.0,0.0,0.0,0.0,0.0,0.0,0.0,0.0,0.0,0.0,0.0,0.0,0.0,0.0,0.0,0.0,0.0,0.0,0.0,0.0,0.0,0.0,0.0,0.0,0.0,0.0,0.0,0.0,0.0,0.0,0.0,0.0,0.0,0.0,0.0,0.0,0.0,0.0,0.0,0.0,0.0,0.0,0.0,0.0,0.0,0.0,0.0,0.0,0.0,0.0,0.0,0.0,0.0,0.0,0.0,0.0,0.0,0.0,0.0,0.0,0.0,0.0,0.0,OK
0.0,0.0,0.0,-0.13774601322075392,-0.11087011248276721,-0.01965252842109951,-0.24061082007079318,-0.27566161734529465,-0.045749077132122486,-0.32248325329058075,-0.39429837824751096,-0.08346485531652344,-0.39523384829559605,-0.4995090743357064,-0.12015882317446004,-0.13332316760023746,-0.5061627380999686,0.012667356560007219,-0.2358709080534479,-0.6442708172565268,-0.06328075855651666,-0.3253256157603249,-0.6291440537033799,-0.1314480529488866,-0.3913683819843874,-0.5838009571438283,-0.16678825757375723,-0.07044728088914867,-0.5431464459264173,-0.012753670573111475,-0.11990289773341714,-0.7486357467140168,-0.05425416369908157,-0.19518470202277685,-0.8685742419802371,-0.09129133065260653,-0.26906566652458064,-0.9561086934076253,-0.11601652247868338,5.132667520466717e-05,-0.5271604336205065,-0.051251542112337116,-0.03638789264285163,-0.7320824209035973,-0.09457128555113335,-0.11429504454250722,-0.8460835788380778,-0.11973463156107861,-0.1945670079568921,-0.9286095401850105,-0.13221784959575658,0.07082832823364046,-0.46803588824004455,-0.09380437898634933,0.08753433316315956,-0.6471074439111848,-0.1275528136181324,0.05856669301423979,-0.7667437740733777,-0.13945649258367193,0.008705429865934448,-0.8647323693826308,-0.14386192379652968,0.0,0.0,0.0,0.0,0.0,0.0,0.0,0.0,0.0,0.0,0.0,0.0,0.0,0.0,0.0,0.0,0.0,0.0,0.0,0.0,0.0,0.0,0.0,0.0,0.0,0.0,0.0,0.0,0.0,0.0,0.0,0.0,0.0,0.0,0.0,0.0,0.0,0.0,0.0,0.0,0.0,0.0,0.0,0.0,0.0,0.0,0.0,0.0,0.0,0.0,0.0,0.0,0.0,0.0,0.0,0.0,0.0,0.0,0.0,0.0,0.0,0.0,0.0,OK
0.0,0.0,0.0,-0.1282283677355053,-0.1133074573814395,-0.027950798091770288,-0.2280393458905006,-0.27474854074153243,-0.060704134535005665,-0.30899607510084426,-0.3931427629127473,-0.10329056417240341,-0.3759386303288723,-0.501830921882646,-0.1442255361230309,-0.12000997775547165,-0.5027688226796118,-0.004441193681105892,-0.2204333996514262,-0.6510803222808174,-0.08426931300682182,-0.3074084017459027,-0.6299739013761685,-0.15485735684024218,-0.3703801754109247,-0.580057738768423,-0.19317065005845532,-0.057667771141966945,-0.530008356804536,-0.027965998597246917,-0.10640048467934435,-0.7419312427978083,-0.0755351760474927,-0.1799520670057576,-0.8622450451602814,-0.11934403169091626,-0.25361335267514606,-0.9554240509807437,-0.1511461218570197,0.012576500827862554,-0.5045072953228678,-0.0640184155059291,-0.012222048299311103,-0.7122865684719016,-0.11269318804120573,-0.09112124051300059,-0.8127295680195942,-0.144697254790054,-0.17716633268877177,-0.882539079134355,-0.1636315980198408,0.08414292068358026,-0.4358998976869833,-0.10410255869377846,0.11257549293278511,-0.6103043545381467,-0.14309481257975612,0.08434942780891024,-0.7210337262819676,-0.16085488197974887,0.029981775233092683,-0.8085371537402652,-0.17097903934719064,0.0,0.0,0.0,0.0,0.0,0.0,0.0,0.0,0.0,0.0,0.0,0.0,0.0,0.0,0.0,0.0,0.0,0.0,0.0,0.0,0.0,0.0,0.0,0.0,0.0,0.0,0.0,0.0,0.0,0.0,0.0,0.0,0.0,0.0,0.0,0.0,0.0,0.0,0.0,0.0,0.0,0.0,0.0,0.0,0.0,0.0,0.0,0.0,0.0,0.0,0.0,0.0,0.0,0.0,0.0,0.0,0.0,0.0,0.0,0.0,0.0,0.0,0.0,OK
0.0,0.0,0.0,-0.10309421604060189,-0.09435363695174986,-0.034793675706095734,-0.17115330077262056,-0.2766022451360844,-0.05563124482295867,-0.09696228937477763,-0.39601845893125315,-0.08378988820673726,0.006593363068806359,-0.4365732937299562,-0.1124998006057012,-0.15890842470922165,-0.49349354709807974,-0.03455697553961296,-0.23212716052125498,-0.6725047777112911,-0.07752814387607648,-0.27605602984994376,-0.7846708499364934,-0.1022108208199403,-0.31055783803831677,-0.8818948502796589,-0.12047330871385832,-0.057998863538527415,-0.5008653907144294,-0.05811768595904889,-0.03988217314911668,-0.7351645202143164,-0.10598756793709506,-0.03298713339753816,-0.8687556704499976,-0.13354294820049084,-0.021456689601340177,-0.9890313791634165,-0.14613877480484805,0.03357841969577159,-0.4450441687075435,-0.0871202505246337,0.04077410475684783,-0.556712809602486,-0.1579664088100744,-0.0018210957906694073,-0.40516508967825016,-0.1585318076391195,-0.017987149906141735,-0.31255674258149874,-0.13769993685959783,0.11411320183000769,-0.3523238144731885,-0.11897121667697158,0.08632192071441683,-0.41457606139548475,-0.17028335208102444,0.04135940909008954,-0.3069255476404125,-0.15622751346937744,0.025664692561033885,-0.23847031243368347,-0.13387024161696678,0.0,0.0,0.0,0.0,0.0,0.0,0.0,0.0,0.0,0.0,0.0,0.0,0.0,0.0,0.0,0.0,0.0,0.0,0.0,0.0,0.0,0.0,0.0,0.0,0.0,0.0,0.0,0.0,0.0,0.0,0.0,0.0,0.0,0.0,0.0,0.0,0.0,0.0,0.0,0.0,0.0,0.0,0.0,0.0,0.0,0.0,0.0,0.0,0.0,0.0,0.0,0.0,0.0,0.0,0.0,0.0,0.0,0.0,0.0,0.0,0.0,0.0,0.0,PEACE
0.0,0.0,0.0,-0.09784919266929146,-0.0863102668117793,-0.035952899560606766,-0.17436578180957893,-0.2756404508305983,-0.05732064185819871,-0.11354801431649336,-0.37840157450169,-0.08553852039780421,-0.01226582395370265,-0.3742608779265218,-0.11348463479809451,-0.13499116177653134,-0.5087616680125666,-0.0369262174721749,-0.2008947418173677,-0.6846035131447706,-0.07496001916491747,-0.2398307488671183,-0.7913416452424805,-0.09736632515834973,-0.2683033819326581,-0.8859402822387393,-0.1158241184665622,-0.039107117575048554,-0.5127215554901527,-0.058264199131664224,-0.017282558915185087,-0.7332257218507016,-0.10462109226878219,-0.005487709507400825,-0.8674412452570637,-0.13359279357623166,0.011007186787283222,-0.9889410002312575,-0.14790043914955012,0.04878846994508684,-0.45520872495040704,-0.08415070913471322,0.03905615058804541,-0.5333799103153656,-0.14502598767696812,-0.008566610347507352,-0.38746300996573274,-0.14586485232640264,-0.027238935084993747,-0.2949405107109215,-0.12763209311056256,0.1254197595473872,-0.36295640020922415,-0.1142934140804437,0.08503609213670066,-0.3991776977046383,-0.15545779181874397,0.04009736159825918,-0.30080844383786814,-0.1434883433685902,0.02794445673614991,-0.23736127464053677,-0.12468241584963925,0.0,0.0,0.0,0.0,0.0,0.0,0.0,0.0,0.0,0.0,0.0,0.0,0.0,0.0,0.0,0.0,0.0,0.0,0.0,0.0,0.0,0.0,0.0,0.0,0.0,0.0,0.0,0.0,0.0,0.0,0.0,0.0,0.0,0.0,0.0,0.0,0.0,0.0,0.0,0.0,0.0,0.0,0.0,0.0,0.0,0.0,0.0,0.0,0.0,0.0,0.0,0.0,0.0,0.0,0.0,0.0,0.0,0.0,0.0,0.0,0.0,0.0,0.0,PEACE
0.0,0.0,0.0,-0.1089044097038906,-0.07846883318278827,-0.03398087017951518,-0.19745489147951775,-0.262948472111113,-0.05524824117065007,-0.1433203718280319,-0.3648470303297633,-0.08292763735576347,-0.04008602484957452,-0.36190858939283904,-0.11043783404009945,-0.13867380879722283,-0.495651900332159,-0.038402904927047087,-0.20166446566448173,-0.6710927183377139,-0.07728766421646857,-0.23934577641175198,-0.775902540593805,-0.09858086307326776,-0.26994107853703836,-0.8708899740292049,-0.11522440225344578,-0.04242176653189022,-0.5056493692146846,-0.05936309478559596,-0.024977042298507453,-0.7288767914440147,-0.10459081486942881,-0.016807391601454225,-0.8662199132820554,-0.13187650779837523,-0.005327359079600972,-0.989513362979579,-0.1443430764882087,0.04722471937416698,-0.45475027416343083,-0.08465595816510373,0.007895428913457129,-0.5105132493298105,-0.14611903045530777,-0.03075600884497528,-0.3741846009237496,-0.15123784117041628,-0.03781209344406223,-0.2836073307382733,-0.13503520916613068,0.1258827116262838,-0.37204262955363504,-0.11376574104060425,0.06210147188524407,-0.3921251809332664,-0.15499373528200946,0.018083136092366607,-0.29515927902662964,-0.1468318599253319,0.009714907617138595,-0.22760074459204788,-0.13035601178084266,0.0,0.0,0.0,0.0,0.0,0.0,0.0,0.0,0.0,0.0,0.0,0.0,0.0,0.0,0.0,0.0,0.0,0.0,0.0,0.0,0.0,0.0,0.0,0.0,0.0,0.0,0.0,0.0,0.0,0.0,0.0,0.0,0.0,0.0,0.0,0.0,0.0,0.0,0.0,0.0,0.0,0.0,0.0,0.0,0.0,0.0,0.0,0.0,0.0,0.0,0.0,0.0,0.0,0.0,0.0,0.0,0.0,0.0,0.0,0.0,0.0,0.0,0.0,PEACE
0.0,0.0,0.0,-0.10136679609643266,-0.08282149967224216,-0.03608127131697817,-0.1931999299961351,-0.2621083092062243,-0.0568351537474644,-0.15179953824742387,-0.36518433699666103,-0.08349512802893327,-0.05052827218937743,-0.3667765370300727,-0.10962419510387987,-0.13522846382926665,-0.5015761956767577,-0.03704549389224683,-0.19717326287226225,-0.6751625226221036,-0.07357079166571424,-0.23357040385926406,-0.7772424067645787,-0.09275665111515531,-0.26291265642048867,-0.8685044713238149,-0.10748786412083686,-0.035085640213349895,-0.5142247458466037,-0.05581983413791759,-0.01669006969721592,-0.7338577294651942,-0.09808949523643576,-0.012934256656694851,-0.8716585825757954,-0.12500740307607056,-0.008038857639247762,-0.9904745832685214,-0.13746081866082646,0.05432154125214346,-0.46557089475470914,-0.07930645370643614,0.007592330800007688,-0.5105852772002119,-0.1381829638970447,-0.03390589823878773,-0.39287832821726065,-0.15124629165005354,-0.04431818151827067,-0.3145555766322699,-0.14160477770906096,0.12865706736035787,-0.38538692740642155,-0.10658642824602861,0.05627190529381103,-0.37685981603552454,-0.14734290040917347,0.009236370360930083,-0.2851701244647864,-0.14674154225386443,-0.0017092316940040585,-0.21890919385190666,-0.13645258648668152,0.0,0.0,0.0,0.0,0.0,0.0,0.0,0.0,0.0,0.0,0.0,0.0,0.0,0.0,0.0,0.0,0.0,0.0,0.0,0.0,0.0,0.0,0.0,0.0,0.0,0.0,0.0,0.0,0.0,0.0,0.0,0.0,0.0,0.0,0.0,0.0,0.0,0.0,0.0,0.0,0.0,0.0,0.0,0.0,0.0,0.0,0.0,0.0,0.0,0.0,0.0,0.0,0.0,0.0,0.0,0.0,0.0,0.0,0.0,0.0,0.0,0.0,0.0,PEACE
0.0,0.0,0.0,-0.09755230016841257,-0.08671637369093964,-0.02901430565824182,-0.17873439521460316,-0.2881481577777396,-0.03981084362153067,-0.13285189561954816,-0.39455909640373543,-0.0598334830179878,-0.03958925245941114,-0.39706124445600716,-0.07947890389361179,-0.10756266555328457,-0.5111601807372567,-0.013988280143807933,-0.1676060424972417,-0.6899830869764647,-0.05046877218742584,-0.2031601379284184,-0.7926680907291899,-0.06950629237649698,-0.23185696855964882,-0.8837374139529557,-0.08382003841139778,-0.011161599763331604,-0.5236391023442498,-0.03605103678096287,0.002431762824580862,-0.7430667489640046,-0.08202873682940923,0.005198163323711609,-0.8749597505228909,-0.11059488194253551,0.013827471046425212,-0.9924565349022892,-0.12181472560491852,0.07553773173811816,-0.4750677786906611,-0.06392372547590648,0.012468479571814397,-0.5352200089258686,-0.1312620214819843,-0.030241857798625302,-0.39734987806991096,-0.1431206640346611,-0.03480226889830513,-0.3106754695392181,-0.12892303022938087,0.1484282597937689,-0.39363881817128177,-0.09521940996515921,0.061657311692555304,-0.3896760658209379,-0.1451795920229886,0.01163705714814615,-0.2884013278759419,-0.14712236468367298,0.004501305240177347,-0.222079233986802,-0.13599335933911286,0.0,0.0,0.0,0.0,0.0,0.0,0.0,0.0,0.0,0.0,0.0,0.0,0.0,0.0,0.0,0.0,0.0,0.0,0.0,0.0,0.0,0.0,0.0,0.0,0.0,0.0,0.0,0.0,0.0,0.0,0.0,0.0,0.0,0.0,0.0,0.0,0.0,0.0,0.0,0.0,0.0,0.0,0.0,0.0,0.0,0.0,0.0,0.0,0.0,0.0,0.0,0.0,0.0,0.0,0.0,0.0,0.0,0.0,0.0,0.0,0.0,0.0,0.0,PEACE
0.0,0.0,0.0,-0.10146703432637263,-0.08431648787471929,-0.03279693204449361,-0.1899499154800794,-0.2727074828513907,-0.051438316964449025,-0.16594625508974456,-0.3903180621493526,-0.07957074147558006,-0.06910692170693393,-0.3790937159494275,-0.10477888077291526,-0.10226499727919937,-0.5069382405215288,-0.015310364868186321,-0.16081633797285066,-0.6927885601910265,-0.05324015026600831,-0.1975183354450766,-0.7989088385757287,-0.07093650787337859,-0.22591323769332988,-0.8890621505036954,-0.08428242096716182,-0.005626846804190758,-0.5194321338724561,-0.03782478786674311,0.0035820142432599652,-0.7380935478859546,-0.08877788565022968,-0.0018084228816987974,-0.8721157019381252,-0.11884283577305342,-0.0012208818356325706,-0.9915008113194675,-0.13009477545382517,0.07802339561087474,-0.47428040486613354,-0.06659830379825127,-0.02078280701545226,-0.5202951650692846,-0.1367608120152001,-0.06297133708308761,-0.3821776641579251,-0.14538105742713353,-0.05847579829040244,-0.29874327835488984,-0.1276753681837831,0.14162165065002813,-0.3966551261194702,-0.0996808122640621,0.025277851744022004,-0.3733730463697171,-0.14780004474267747,-0.012552588167840068,-0.2762380650202347,-0.14941080492339667,-0.00012959301747659879,-0.21784195927165068,-0.13810948353428795,0.0,0.0,0.0,0.0,0.0,0.0,0.0,0.0,0.0,0.0,0.0,0.0,0.0,0.0,0.0,0.0,0.0,0.0,0.0,0.0,0.0,0.0,0.0,0.0,0.0,0.0,0.0,0.0,0.0,0.0,0.0,0.0,0.0,0.0,0.0,0.0,0.0,0.0,0.0,0.0,0.0,0.0,0.0,0.0,0.0,0.0,0.0,0.0,0.0,0.0,0.0,0.0,0.0,0.0,0.0,0.0,0.0,0.0,0.0,0.0,0.0,0.0,0.0,PEACE
0.0,0.0,0.0,-0.10838093798044628,-0.08679714624643173,-0.0323190670352613,-0.19780249480881607,-0.26408927921147324,-0.054177992724067085,-0.18564848213231508,-0.3745627146653603,-0.0868301181728534,-0.09642674690209807,-0.35753507602804,-0.11598056381734335,-0.10343619970285432,-0.4981172056248745,-0.00914330582497024,-0.16370356219443602,-0.6814417492809943,-0.048709788433081075,-0.19925548292860037,-0.786660997549923,-0.06758287130334771,-0.2242661310701378,-0.875708312020101,-0.08227026653359074,-0.007637904139004856,-0.5105050915660223,-0.03542512815906381,-0.009594445695117944,-0.7327874497767978,-0.09333787307728128,-0.018950128526939267,-0.8690169338802267,-0.12784956304229414,-0.021642316468622223,-0.9897655976104649,-0.14105201850619167,0.07245337069565741,-0.4649695381590855,-0.06868870418771655,-0.044922773859232296,-0.5153941887184668,-0.14703286273766392,-0.07446946505583786,-0.3686461498499835,-0.1534691793520758,-0.05814790953840517,-0.2867654825084347,-0.13151341453514026,0.12895501505585671,-0.3868634403762184,-0.10605978129336868,-0.0001824447167975448,-0.3724672583578648,-0.15690413494095184,-0.02605218280366216,-0.26988438138141746,-0.1550506886917537,-0.003528234086194191,-0.21365179032127832,-0.14037519775360793,0.0,0.0,0.0,0.0,0.0,0.0,0.0,0.0,0.0,0.0,0.0,0.0,0.0,0.0,0.0,0.0,0.0,0.0,0.0,0.0,0.0,0.0,0.0,0.0,0.0,0.0,0.0,0.0,0.0,0.0,0.0,0.0,0.0,0.0,0.0,0.0,0.0,0.0,0.0,0.0,0.0,0.0,0.0,0.0,0.0,0.0,0.0,0.0,0.0,0.0,0.0,0.0,0.0,0.0,0.0,0.0,0.0,0.0,0.0,0.0,0.0,0.0,0.0,PEACE
0.0,0.0,0.0,-0.10065072775081071,-0.10004048415762273,-0.027365239791869778,-0.1859363291688523,-0.2921691169863243,-0.04325361378245055,-0.15116507319720335,-0.40715797575453905,-0.06883866417532848,-0.04826522796089298,-0.3977213005302408,-0.09272841259419372,-0.10013751198687962,-0.516881284760246,-0.013915143684124495,-0.16171381927106118,-0.6972842651026914,-0.05138422944844143,-0.20248399978904918,-0.8027535718836749,-0.06988179086062164,-0.23430709815029663,-0.894970207726675,-0.08280322959328094,-0.005348595661691665,-0.5266368381962101,-0.03668507005618262,0.0030437195921507332,-0.7496618154888176,-0.08200143214862352,-0.001217160840108585,-0.8786515475901745,-0.10656060070645462,0.0039671471432248225,-0.993435920631071,-0.11432118501590303,0.07944329704002072,-0.47869077034073443,-0.06545992795424009,-0.003246288441958976,-0.5236530492156224,-0.13012867311817064,-0.04228378082714523,-0.3890393112573851,-0.13806532121744508,-0.035792838926985815,-0.3046968135742704,-0.12025079188875497,0.14881430482492267,-0.3979379076888724,-0.0978510492720487,0.04539949608342207,-0.39579889790269795,-0.13631070175077875,0.00441688043432428,-0.3026738312562021,-0.13074265180356562,0.011443307704781126,-0.24110462769455768,-0.11580341759786514,0.0,0.0,0.0,0.0,0.0,0.0,0.0,0.0,0.0,0.0,0.0,0.0,0.0,0.0,0.0,0.0,0.0,0.0,0.0,0.0,0.0,0.0,0.0,0.0,0.0,0.0,0.0,0.0,0.0,0.0,0.0,0.0,0.0,0.0,0.0,0.0,0.0,0.0,0.0,0.0,0.0,0.0,0.0,0.0,0.0,0.0,0.0,0.0,0.0,0.0,0.0,0.0,0.0,0.0,0.0,0.0,0.0,0.0,0.0,0.0,0.0,0.0,0.0,PEACE
0.0,0.0,0.0,-0.1055494257106184,-0.08384274849270473,-0.03555586349115258,-0.19604033277790162,-0.2619251264478967,-0.05842195120100927,-0.1512340815444461,-0.39191134754198076,-0.088149243628832,-0.0461039740519765,-0.40736094226660496,-0.11716480387613909,-0.13260701051026505,-0.49883607769289945,-0.039027485194795965,-0.18766637068982336,-0.6841313221525285,-0.07961898928575735,-0.2178315341953907,-0.7946524424091452,-0.10147963333212406,-0.24364639756954154,-0.8915683345065141,-0.11744338323566474,-0.03289150706571567,-0.5045014907891611,-0.059837895840337885,-0.012383671485479973,-0.7408760436448328,-0.10553733414108693,-0.00280116163154284,-0.8760173646653336,-0.1308631165007887,0.008056760426832756,-0.9899265302900986,-0.14135258483392185,0.05696351379838225,-0.45078845147269614,-0.08521177492983194,0.010038158649096419,-0.5265585322729383,-0.1533869620867665,-0.032800242499347966,-0.3865430498139236,-0.15880047082508297,-0.041344601059935496,-0.2885402735712969,-0.14037053024320115,0.13614219808548905,-0.3650210586461189,-0.11382250032213517,0.06532439957488345,-0.4003715863250004,-0.16089033839995168,0.01843598163561941,-0.2967304932606172,-0.15228184524933544,0.009476686095298068,-0.21610964009463046,-0.13396767046711133,0.0,0.0,0.0,0.0,0.0,0.0,0.0,0.0,0.0,0.0,0.0,0.0,0.0,0.0,0.0,0.0,0.0,0.0,0.0,0.0,0.0,0.0,0.0,0.0,0.0,0.0,0.0,0.0,0.0,0.0,0.0,0.0,0.0,0.0,0.0,0.0,0.0,0.0,0.0,0.0,0.0,0.0,0.0,0.0,0.0,0.0,0.0,0.0,0.0,0.0,0.0,0.0,0.0,0.0,0.0,0.0,0.0,0.0,0.0,0.0,0.0,0.0,0.0,PEACE
0.0,0.0,0.0,-0.11336513984061276,-0.08166586751981227,-0.03989232558356818,-0.19130495894148236,-0.2622731699099159,-0.06409946945776998,-0.13636850014703542,-0.39138109770912516,-0.09361754787465794,-0.04119381082647614,-0.4276641214203443,-0.12279223969213977,-0.1512228070173223,-0.4916572234278868,-0.04333138356149705,-0.21496107788691096,-0.6744436456633782,-0.08534281105029125,-0.2525000238063628,-0.787317502577472,-0.10932437940766448,-0.28195686963388095,-0.8908470648737509,-0.12741334236948593,-0.04934548988395314,-0.5003255664181815,-0.06428233760246972,-0.03068126057965576,-0.732305046631981,-0.111478017962605,-0.015081423116305287,-0.8701139918203983,-0.13840040985655241,0.0021254404757443525,-0.9885598548241881,-0.1508141105227369,0.042840804746703265,-0.4466778500987329,-0.09010973599622539,0.0309718293414211,-0.55658533836862,-0.16130261992415143,-0.012249836367616153,-0.4152399729692394,-0.16452730230128554,-0.029943752718468233,-0.3145387883288993,-0.14550966254110734,0.12620807489564753,-0.3602543567085701,-0.11902542120848153,0.08387095184290796,-0.4139828838181884,-0.17097329386146948,0.041998563767570204,-0.3118136851123832,-0.16003532002343995,0.029900138230632974,-0.23603942014663823,-0.13956193733087077,0.0,0.0,0.0,0.0,0.0,0.0,0.0,0.0,0.0,0.0,0.0,0.0,0.0,0.0,0.0,0.0,0.0,0.0,0.0,0.0,0.0,0.0,0.0,0.0,0.0,0.0,0.0,0.0,0.0,0.0,0.0,0.0,0.0,0.0,0.0,0.0,0.0,0.0,0.0,0.0,0.0,0.0,0.0,0.0,0.0,0.0,0.0,0.0,0.0,0.0,0.0,0.0,0.0,0.0,0.0,0.0,0.0,0.0,0.0,0.0,0.0,0.0,0.0,PEACE
0.0,0.0,0.0,-0.09755775284243694,-0.09892882430979018,-0.04658024321455258,-0.15629960000197157,-0.2568872106369646,-0.0804864688590635,-0.07706657075529705,-0.3531140116137405,-0.11783856629689156,0.02483530708560569,-0.35847742922281733,-0.15275157503731923,-0.10506648654961857,-0.49713612195120205,-0.07057040780582113,-0.15783306033331695,-0.7001897684451788,-0.12477052500807916,-0.185666129530125,-0.8231765347963581,-0.15964313553846957,-0.20162315980697457,-0.9314357774577845,-0.18572003285311006,-0.003675719697892665,-0.4874573635658258,-0.08983962961189704,0.032160382171707594,-0.707052958656561,-0.1477950688963576,0.062379102985328776,-0.8462721795343021,-0.18339134470250906,0.100140308917079,-0.9738642303863911,-0.20386362918361378,0.08018061602949926,-0.4172723870931635,-0.11305094457448174,0.09720177097980319,-0.48717550744346144,-0.1790851741208822,0.04066955864489571,-0.35690079255822227,-0.17747564575109032,0.015229018710905193,-0.2677994875696066,-0.15873359869534498,0.14724072130369323,-0.31362562498818836,-0.14166388629061202,0.1430214128438253,-0.3595628236533593,-0.18712206964795985,0.08856981578905553,-0.2815992295497512,-0.1733404929319148,0.0602639721113543,-0.21964832371010207,-0.15275085861586046,0.0,0.0,0.0,0.0,0.0,0.0,0.0,0.0,0.0,0.0,0.0,0.0,0.0,0.0,0.0,0.0,0.0,0.0,0.0,0.0,0.0,0.0,0.0,0.0,0.0,0.0,0.0,0.0,0.0,0.0,0.0,0.0,0.0,0.0,0.0,0.0,0.0,0.0,0.0,0.0,0.0,0.0,0.0,0.0,0.0,0.0,0.0,0.0,0.0,0.0,0.0,0.0,0.0,0.0,0.0,0.0,0.0,0.0,0.0,0.0,0.0,0.0,0.0,PEACE
0.0,0.0,0.0,-0.09434082496799645,-0.10140013710746947,-0.057296386157221775,-0.12924784266950576,-0.2718475024540506,-0.09105142591919006,-0.03375201933930305,-0.3499391012194115,-0.12473676361965293,0.0637747671696977,-0.36083318140209575,-0.15670969064362206,-0.0880821149313421,-0.4997898594217534,-0.075003709080428,-0.1347020078604684,-0.6944040982339026,-0.12598348707855542,-0.16125333956585106,-0.8215756080191212,-0.15742011658444463,-0.1781271525644733,-0.9351200409118648,-0.1812884680896258,0.01587280690805709,-0.4930648355530155,-0.08705509694614405,0.06474884995892986,-0.7100420866414213,-0.14115424637439514,0.1032989620751227,-0.8464329120866557,-0.1745329302072955,0.14349849250980024,-0.9706567146501978,-0.1929604232787105,0.09710874311466276,-0.42431703047266167,-0.10413891732765357,0.13462979934099367,-0.48586234552235313,-0.17022109027644722,0.0742940051549527,-0.37227603506780804,-0.1751078806867557,0.035996003283041325,-0.2981977542729085,-0.1616270795548702,0.16068366954559582,-0.3239857709580718,-0.12675161787756972,0.16552265419856876,-0.34341966322905326,-0.17546469891676528,0.11225563473489608,-0.26514213597477965,-0.16821574084509933,0.07908263534894719,-0.21359572950089906,-0.1526882478065973,0.0,0.0,0.0,0.0,0.0,0.0,0.0,0.0,0.0,0.0,0.0,0.0,0.0,0.0,0.0,0.0,0.0,0.0,0.0,0.0,0.0,0.0,0.0,0.0,0.0,0.0,0.0,0.0,0.0,0.0,0.0,0.0,0.0,0.0,0.0,0.0,0.0,0.0,0.0,0.0,0.0,0.0,0.0,0.0,0.0,0.0,0.0,0.0,0.0,0.0,0.0,0.0,0.0,0.0,0.0,0.0,0.0,0.0,0.0,0.0,0.0,0.0,0.0,PEACE
0.0,0.0,0.0,-0.09249156006090631,-0.10257638998117416,-0.05307220269274767,-0.12263468103111001,-0.27266001991266814,-0.08554203202837082,-0.03189491896650035,-0.35828144878711615,-0.11936700108082529,0.059365630026825184,-0.38136025991715233,-0.1516380515976572,-0.09517124753531943,-0.49226086053195317,-0.0661393489251276,-0.14310459554174804,-0.6840678827655122,-0.11625454661541543,-0.17064146627965693,-0.8084029502101295,-0.1463480064776326,-0.18722626399030023,-0.9200826361615474,-0.1681040237707063,0.0051199871821012355,-0.48818790538068435,-0.08021486168093524,0.05587195798586949,-0.706410777748555,-0.13527192540469538,0.09172179221221576,-0.8474394480069092,-0.16810183223138633,0.12740236793007612,-0.9744899842848997,-0.18476446404605404,0.08575220450380586,-0.4241667842414627,-0.09935638634854844,0.1263174594838268,-0.5008488828799462,-0.1698611696742743,0.06660625540775421,-0.3761061891218141,-0.1741332930216035,0.027844733770933393,-0.2941666565710484,-0.157841196751205,0.14991760887322542,-0.328857042447734,-0.12321180182729223,0.15263974880742165,-0.3623749685715007,-0.1746174715953895,0.09987067970024464,-0.2754344259921558,-0.16524824128779025,0.06783274556403342,-0.21932958594119037,-0.14664948785842347,0.0,0.0,0.0,0.0,0.0,0.0,0.0,0.0,0.0,0.0,0.0,0.0,0.0,0.0,0.0,0.0,0.0,0.0,0.0,0.0,0.0,0.0,0.0,0.0,0.0,0.0,0.0,0.0,0.0,0.0,0.0,0.0,0.0,0.0,0.0,0.0,0.0,0.0,0.0,0.0,0.0,0.0,0.0,0.0,0.0,0.0,0.0,0.0,0.0,0.0,0.0,0.0,0.0,0.0,0.0,0.0,0.0,0.0,0.0,0.0,0.0,0.0,0.0,PEACE
0.0,0.0,0.0,-0.09990040505380457,-0.08773742920357695,-0.05268792852742786,-0.15409901646177368,-0.25070154364721675,-0.08625630939645092,-0.07014601229145617,-0.3567970736958457,-0.12072447212910634,0.025846660666339574,-0.3814165243365333,-0.15313091908836549,-0.12040547877754497,-0.4841227511280702,-0.07312826091519824,-0.17521171738446156,-0.6766987871032867,-0.12368098459169341,-0.20700724055623726,-0.7972339609995884,-0.15657866719732386,-0.22735114772933093,-0.9057733327131972,-0.18187150098962276,-0.022612194509905273,-0.48234153841032223,-0.08698070176134196,0.011375193750666281,-0.7111712573782957,-0.14193316970996125,0.0396804941016359,-0.8519155153023229,-0.1760035880471251,0.07275257356657072,-0.9779033052431149,-0.19599027688646253,0.06047109634710394,-0.42003326059788215,-0.10474387826193836,0.08909462737807787,-0.5081148829476222,-0.17062466907079432,0.03693573983509406,-0.37752807362058366,-0.1679151077183119,0.00855800244536103,-0.2859084059390093,-0.14904256324359547,0.12851784105886313,-0.32405072648127253,-0.1279633263574237,0.12810455141698643,-0.38568298387127253,-0.17576926653398933,0.08384552073254073,-0.2977357451217627,-0.1610229373919403,0.06225424306345961,-0.23025437266967233,-0.139729510159959,0.0,0.0,0.0,0.0,0.0,0.0,0.0,0.0,0.0,0.0,0.0,0.0,0.0,0.0,0.0,0.0,0.0,0.0,0.0,0.0,0.0,0.0,0.0,0.0,0.0,0.0,0.0,0.0,0.0,0.0,0.0,0.0,0.0,0.0,0.0,0.0,0.0,0.0,0.0,0.0,0.0,0.0,0.0,0.0,0.0,0.0,0.0,0.0,0.0,0.0,0.0,0.0,0.0,0.0,0.0,0.0,0.0,0.0,0.0,0.0,0.0,0.0,0.0,PEACE
0.0,0.0,0.0,-0.10699007298941242,-0.0745911059958338,-0.04356763829230694,-0.18693882571868636,-0.2306236731007685,-0.07597786912398506,-0.12409614555422518,-0.34389534162184604,-0.1126082132498054,-0.02638564781877761,-0.3624886405464221,-0.1487076579950882,-0.15436397724806616,-0.46846670979033744,-0.06671300538480036,-0.22200913540577322,-0.6560863338756764,-0.1147979447770201,-0.2592813898184197,-0.7702881184675504,-0.1439872389896698,-0.2860955488721713,-0.874413179273394,-0.16631690576605418,-0.055485695030313247,-0.4768704752347611,-0.08513635454935684,-0.03941698055379187,-0.7089923958397959,-0.1407420687012195,-0.024595768268001163,-0.8536667884166379,-0.17336033077343738,-0.0053633571710064295,-0.9816363237720744,-0.19068655498252435,0.03428718027924651,-0.42386613664012585,-0.10644243966807848,0.030910141711296735,-0.5001041899344519,-0.17472722393758516,-0.013577821610107756,-0.3581707502850512,-0.17456981572607053,-0.033884251804569415,-0.2574889976751141,-0.15512126456719189,0.1133258034692059,-0.3373531788240313,-0.13192085599460643,0.08802045622921814,-0.39028653667971774,-0.18112999495440685,0.04487832883343575,-0.2913518924431856,-0.16785479798312436,0.02470369553800395,-0.21421838543409027,-0.14650191582854702,0.0,0.0,0.0,0.0,0.0,0.0,0.0,0.0,0.0,0.0,0.0,0.0,0.0,0.0,0.0,0.0,0.0,0.0,0.0,0.0,0.0,0.0,0.0,0.0,0.0,0.0,0.0,0.0,0.0,0.0,0.0,0.0,0.0,0.0,0.0,0.0,0.0,0.0,0.0,0.0,0.0,0.0,0.0,0.0,0.0,0.0,0.0,0.0,0.0,0.0,0.0,0.0,0.0,0.0,0.0,0.0,0.0,0.0,0.0,0.0,0.0,0.0,0.0,PEACE
0.0,0.0,0.0,-0.11612401951537427,-0.05841882699373333,-0.04617297869461543,-0.21615832256446788,-0.2215733195832395,-0.07648792212684301,-0.16541596955383422,-0.3454739557626545,-0.11064781330466339,-0.06811299054838672,-0.3716944276976726,-0.1447516374683191,-0.18465694296312474,-0.4572861822189779,-0.06407535312297752,-0.2626643195638405,-0.6342778410277584,-0.10994739603198585,-0.30902660898717343,-0.7412822129716059,-0.13708594469663274,-0.3447178879511803,-0.837836133524603,-0.1586385764230832,-0.08517069006622471,-0.4768790694562083,-0.08190368137411834,-0.0858732604379746,-0.7070798098741455,-0.13499838155956362,-0.08259250322959208,-0.8515219855988522,-0.16640238450505132,-0.07458033438382737,-0.980251567232021,-0.18315195511477084,0.008000979017009205,-0.43465695380820424,-0.10359138470624178,-0.019817060997579346,-0.506733532575885,-0.17374075906958766,-0.055215895672987396,-0.3569388154215562,-0.17679199906006943,-0.06514529708833228,-0.2553332843954121,-0.15949495979206638,0.0938884467656509,-0.36016739533855074,-0.1294973705902599,0.045277693268733696,-0.39952711507237365,-0.18361249829152812,0.007844195686019208,-0.28839407350298535,-0.17504492418141032,-0.0013222857193438693,-0.207908527018165,-0.1570204674640416,0.0,0.0,0.0,0.0,0.0,0.0,0.0,0.0,0.0,0.0,0.0,0.0,0.0,0.0,0.0,0.0,0.0,0.0,0.0,0.0,0.0,0.0,0.0,0.0,0.0,0.0,0.0,0.0,0.0,0.0,0.0,0.0,0.0,0.0,0.0,0.0,0.0,0.0,0.0,0.0,0.0,0.0,0.0,0.0,0.0,0.0,0.0,0.0,0.0,0.0,0.0,0.0,0.0,0.0,0.0,0.0,0.0,0.0,0.0,0.0,0.0,0.0,0.0,PEACE
0.0,0.0,0.0,-0.10764239144969531,-0.09155822868537641,-0.035354045049840806,-0.18511661823949768,-0.2727291893448123,-0.05980581865169296,-0.135643405687223,-0.4040644209180897,-0.09192081975083749,-0.035302881683408754,-0.4347308177732754,-0.12324977518755269,-0.12260773072015166,-0.4872958454942988,-0.03818098093907465,-0.17628330738439002,-0.6773494385430173,-0.08330504161993979,-0.20508115433388713,-0.7897631509041263,-0.10821516913239378,-0.2280616012544706,-0.8908187719995366,-0.12549470312830827,-0.025674953350363308,-0.48815235921723826,-0.06171164882863091,0.0015747707807278,-0.7229941403031387,-0.1179244421621599,0.01909401427389694,-0.8644819197513076,-0.14912598092084198,0.03742820327494127,-0.9862483827709728,-0.16097595187247787,0.061628331991769016,-0.4309910466502719,-0.08937554842545388,0.028563488219738,-0.5299353216747317,-0.1693146791530508,-0.014354195293492059,-0.37624876964585663,-0.16933727128247641,-0.024871996167835822,-0.2702083833246898,-0.14271181964768417,0.1379213829651124,-0.3412376473152033,-0.11951906860674483,0.08121178267877424,-0.4068110505015552,-0.1749171851924098,0.035670219609008395,-0.2975036500613138,-0.15891964459412228,0.025548424394791387,-0.21436474408289674,-0.13151211761524784,0.0,0.0,0.0,0.0,0.0,0.0,0.0,0.0,0.0,0.0,0.0,0.0,0.0,0.0,0.0,0.0,0.0,0.0,0.0,0.0,0.0,0.0,0.0,0.0,0.0,0.0,0.0,0.0,0.0,0.0,0.0,0.0,0.0,0.0,0.0,0.0,0.0,0.0,0.0,0.0,0.0,0.0,0.0,0.0,0.0,0.0,0.0,0.0,0.0,0.0,0.0,0.0,0.0,0.0,0.0,0.0,0.0,0.0,0.0,0.0,0.0,0.0,0.0,PEACE
0.0,0.0,0.0,-0.10179068940772165,-0.07265327936062416,-0.04243782378208276,-0.19806049541409002,-0.2280032387744465,-0.07363233045259512,-0.1675198108508631,-0.34592761661539795,-0.11046665820330968,-0.07597609721339757,-0.36507348914447374,-0.14582200695588182,-0.13511714138069397,-0.47822584904840243,-0.0551890077856339,-0.20245577828175942,-0.6701365594818712,-0.10614947303657246,-0.24252056532600882,-0.7855297599358213,-0.13352367904496462,-0.27278206121127174,-0.886831293572809,-0.1522568121922131,-0.03676196317231976,-0.4928223638816702,-0.0744131938597533,-0.03598225850723322,-0.7208560783299484,-0.132713786498195,-0.03431203405292903,-0.8610880738313151,-0.1641303134510656,-0.026904930616338016,-0.9839938914116727,-0.1761594345274855,0.05414000426788129,-0.44677446895165185,-0.09814965409664977,-0.013144588297085221,-0.4896769471680198,-0.1736393901525449,-0.0502114293833622,-0.3458460654086836,-0.17842747900901862,-0.05297532458982095,-0.24841951672877172,-0.1573004756235179,0.13159008198421035,-0.3656050866836352,-0.1258759510783098,0.05077586552136408,-0.3718902248557867,-0.1777048783649783,0.008928645378802393,-0.27071862180037326,-0.16972844632386078,0.0067848665176043965,-0.1968797599635339,-0.14953267774311413,0.0,0.0,0.0,0.0,0.0,0.0,0.0,0.0,0.0,0.0,0.0,0.0,0.0,0.0,0.0,0.0,0.0,0.0,0.0,0.0,0.0,0.0,0.0,0.0,0.0,0.0,0.0,0.0,0.0,0.0,0.0,0.0,0.0,0.0,0.0,0.0,0.0,0.0,0.0,0.0,0.0,0.0,0.0,0.0,0.0,0.0,0.0,0.0,0.0,0.0,0.0,0.0,0.0,0.0,0.0,0.0,0.0,0.0,0.0,0.0,0.0,0.0,0.0,PEACE
0.0,0.0,0.0,-0.10539190022515713,-0.06959933722079012,-0.04255109379917987,-0.20121564628176777,-0.23077840742237693,-0.07217522886594013,-0.18193176625798604,-0.3518952445958573,-0.10815059762427631,-0.0937230613271521,-0.36106285546931866,-0.14185944782278379,-0.13823715820001373,-0.4802111264497845,-0.05007328331513652,-0.2063112341027502,-0.667950917940229,-0.10058454062551601,-0.24730673123896038,-0.7817575598163302,-0.12694137765060026,-0.27807318661695696,-0.8821613070035998,-0.14564169481742825,-0.03717862800723863,-0.49771636067668973,-0.07082203867076961,-0.03970645668353956,-0.7220031474034898,-0.1330035098851277,-0.04425233702253208,-0.858667829603118,-0.16710604678056784,-0.0426895634771667,-0.9827294650928058,-0.1800566566626646,0.05533891065635206,-0.45429011839586914,-0.096193339242695,-0.023852999069630884,-0.48791517064319234,-0.1735011442686043,-0.05997644823000257,-0.3342585406288925,-0.17372110098826213,-0.05835127226876322,-0.2409353738004412,-0.1483407762484457,0.134309226926344,-0.37537441898513924,-0.12613626557377267,0.041984793659323595,-0.36274506653088895,-0.17503944049583386,0.00562435687420561,-0.25659171527649466,-0.16445811704630534,0.01223523814151891,-0.19190241011077067,-0.1427184984717444,0.0,0.0,0.0,0.0,0.0,0.0,0.0,0.0,0.0,0.0,0.0,0.0,0.0,0.0,0.0,0.0,0.0,0.0,0.0,0.0,0.0,0.0,0.0,0.0,0.0,0.0,0.0,0.0,0.0,0.0,0.0,0.0,0.0,0.0,0.0,0.0,0.0,0.0,0.0,0.0,0.0,0.0,0.0,0.0,0.0,0.0,0.0,0.0,0.0,0.0,0.0,0.0,0.0,0.0,0.0,0.0,0.0,0.0,0.0,0.0,0.0,0.0,0.0,PEACE
0.0,0.0,0.0,-0.11073273522344936,-0.058447263489841125,-0.03747994400439677,-0.21114135298545764,-0.20928025412414758,-0.06605208436448415,-0.20840854082894514,-0.33514350170254414,-0.1030926200932159,-0.12684439127276897,-0.35681854149240455,-0.13632316261346242,-0.1487856375037109,-0.46202248477274177,-0.027767768599391774,-0.2160985380359289,-0.6360848900944099,-0.07674996619714197,-0.2537991153394235,-0.7385703692942116,-0.10151066951719924,-0.2823443868968559,-0.8282124856254018,-0.1184315931474066,-0.057918339867244865,-0.48119783104093505,-0.05148445951323898,-0.07022267229244601,-0.7177518524885088,-0.12090600457712695,-0.08451094957956477,-0.856526022219886,-0.1581666945366243,-0.08834540520479686,-0.9814427479811627,-0.17019172075745684,0.029816565232671788,-0.44690550833852755,-0.08056710336379186,-0.05968324345187937,-0.4932617655139189,-0.1647289540276977,-0.08485325797498933,-0.32564555668299505,-0.15732757273056444,-0.07300457472148336,-0.22958942927258108,-0.12252517141520328,0.1089456928884605,-0.3826838210640069,-0.11388977286453805,0.007158697278303269,-0.3757447666594637,-0.16403016963981473,-0.012013941805743444,-0.25935714487131883,-0.1466822027503945,0.00767631088713155,-0.19675465451469834,-0.11806203995152899,0.0,0.0,0.0,0.0,0.0,0.0,0.0,0.0,0.0,0.0,0.0,0.0,0.0,0.0,0.0,0.0,0.0,0.0,0.0,0.0,0.0,0.0,0.0,0.0,0.0,0.0,0.0,0.0,0.0,0.0,0.0,0.0,0.0,0.0,0.0,0.0,0.0,0.0,0.0,0.0,0.0,0.0,0.0,0.0,0.0,0.0,0.0,0.0,0.0,0.0,0.0,0.0,0.0,0.0,0.0,0.0,0.0,0.0,0.0,0.0,0.0,0.0,0.0,PEACE
0.0,0.0,0.0,-0.11096978916934275,-0.05972358809013756,-0.03321725135802972,-0.20805858126940124,-0.19747850085260674,-0.06141371857877385,-0.22286313930349258,-0.31961380084224883,-0.09889333768642498,-0.16362226238951233,-0.3643579943444601,-0.13400248496153294,-0.1560553212430184,-0.43994273950198354,-0.03015640079933776,-0.226679287548881,-0.6204221832120564,-0.08292044279449566,-0.2714128505860453,-0.7246945277931568,-0.11074988377416853,-0.30709746613506156,-0.813596572312754,-0.12728682233518862,-0.0647373305605532,-0.4675445847410868,-0.05443941013310949,-0.0910491468504485,-0.7157379206759494,-0.12126543443753063,-0.11252579990228555,-0.8570909313460238,-0.1548530885400185,-0.12731199050564482,-0.9781883456949836,-0.16413170754001752,0.022851159601980545,-0.44603915395103083,-0.0838790717135258,-0.09240270698129822,-0.499413712517395,-0.17169459149718877,-0.10897667132627263,-0.3393595437051481,-0.16768523926723333,-0.09124993054530048,-0.2393233450920322,-0.13426747603624714,0.09801257322242571,-0.3900085516769207,-0.11623573840677451,-0.019847581460006227,-0.39857626618967246,-0.16892839038167048,-0.03880195224742533,-0.28056690758362246,-0.15090082002030059,-0.01912980491177442,-0.2092034634843138,-0.12133898278815897,0.0,0.0,0.0,0.0,0.0,0.0,0.0,0.0,0.0,0.0,0.0,0.0,0.0,0.0,0.0,0.0,0.0,0.0,0.0,0.0,0.0,0.0,0.0,0.0,0.0,0.0,0.0,0.0,0.0,0.0,0.0,0.0,0.0,0.0,0.0,0.0,0.0,0.0,0.0,0.0,0.0,0.0,0.0,0.0,0.0,0.0,0.0,0.0,0.0,0.0,0.0,0.0,0.0,0.0,0.0,0.0,0.0,0.0,0.0,0.0,0.0,0.0,0.0,PEACE
0.0,0.0,0.0,-0.11011614644351514,-0.08935695794855192,-0.0391889237652677,-0.20067030206211303,-0.24552004520852827,-0.07136025990812637,-0.20833050642105388,-0.35954906325703984,-0.11234740692534273,-0.13905431394420628,-0.34909704920292073,-0.1492016978850173,-0.1127892658284612,-0.496484540464061,-0.03657407259703608,-0.16715041883575485,-0.6956070790418616,-0.08676932164471872,-0.20220686263449028,-0.8138481717733436,-0.11305433957031384,-0.23100850324771582,-0.914666561924631,-0.1325222135484636,-0.012894799367631302,-0.5007708241165086,-0.0623284695534262,-0.015452971921517643,-0.717596661058944,-0.1296748159401328,-0.023423114335471087,-0.8570886592849226,-0.17008077405303626,-0.0306136772117632,-0.9817448091411936,-0.18772302067646165,0.06996689190974556,-0.44981832910038194,-0.09339757816605304,-0.048006542060906716,-0.48708059047589747,-0.1734848627975662,-0.07911672572349737,-0.3405221697491248,-0.1753096024522662,-0.07115159296549528,-0.2533898293499616,-0.15150894723202135,0.13059875788903194,-0.36716803429391953,-0.12924483882136267,0.005405363720351028,-0.34941887830942225,-0.17610878020441856,-0.025756953394832326,-0.2509753953860643,-0.16668484664361388,-0.012785412704165935,-0.19313754114852816,-0.14720887326291637,0.0,0.0,0.0,0.0,0.0,0.0,0.0,0.0,0.0,0.0,0.0,0.0,0.0,0.0,0.0,0.0,0.0,0.0,0.0,0.0,0.0,0.0,0.0,0.0,0.0,0.0,0.0,0.0,0.0,0.0,0.0,0.0,0.0,0.0,0.0,0.0,0.0,0.0,0.0,0.0,0.0,0.0,0.0,0.0,0.0,0.0,0.0,0.0,0.0,0.0,0.0,0.0,0.0,0.0,0.0,0.0,0.0,0.0,0.0,0.0,0.0,0.0,0.0,PEACE
0.0,0.0,0.0,-0.10460538353381872,-0.09930397257687085,-0.029437302593840402,-0.18972966605173508,-0.25450558335714907,-0.05544870631613529,-0.19407756372515594,-0.3628055771101648,-0.09232411388437436,-0.1258145936406498,-0.36834329520285986,-0.12733109985616312,-0.10848933573710297,-0.5004718487185479,-0.03090578314157158,-0.1672177216446528,-0.6998414413434859,-0.08120782322929397,-0.206629494298773,-0.8201321430809481,-0.10647771524050839,-0.2370312549897468,-0.9228157411390719,-0.1223733410340545,-0.009844905319233101,-0.5072422923106551,-0.05794288643591528,-0.01708664640288174,-0.730758995715249,-0.1176674712438046,-0.0262116571485975,-0.8676113875809633,-0.1495382645699378,-0.028225342891851326,-0.9866968516005339,-0.16010200829543422,0.0758088324714858,-0.45700922200209,-0.09000488718440258,-0.03817229865744844,-0.49418971102570924,-0.1662474889187668,-0.07390405540351831,-0.3451348290664275,-0.16996625382022823,-0.06707918490668353,-0.24576007956707838,-0.1464755715636427,0.14086209655451812,-0.3716502783233678,-0.1255499080733757,0.01881382277467702,-0.3552032577826966,-0.16992853356115553,-0.017879896592952138,-0.25699429746847796,-0.15976301975626214,-0.009943389486557515,-0.19296005647163858,-0.13886965852421923,0.0,0.0,0.0,0.0,0.0,0.0,0.0,0.0,0.0,0.0,0.0,0.0,0.0,0.0,0.0,0.0,0.0,0.0,0.0,0.0,0.0,0.0,0.0,0.0,0.0,0.0,0.0,0.0,0.0,0.0,0.0,0.0,0.0,0.0,0.0,0.0,0.0,0.0,0.0,0.0,0.0,0.0,0.0,0.0,0.0,0.0,0.0,0.0,0.0,0.0,0.0,0.0,0.0,0.0,0.0,0.0,0.0,0.0,0.0,0.0,0.0,0.0,0.0,PEACE
0.0,0.0,0.0,-0.09507228625368139,-0.10167352651024616,-0.03577936839746025,-0.16875553573074126,-0.2983153258469252,-0.05893414634667369,-0.11047980555306647,-0.39492327230378677,-0.08896183082402019,-0.007021995785313032,-0.3733012087529988,-0.11834289323920599,-0.08558389931088979,-0.529158964826398,-0.04070353548780653,-0.11968069341965967,-0.7267718619601444,-0.07940478011103562,-0.14149736643686509,-0.8441487783787074,-0.10097230685311807,-0.1581844687806146,-0.9479214953914712,-0.11764014320372784,0.01437048134722631,-0.5169028115477277,-0.061644179209806714,0.04741704947281914,-0.7352384631953462,-0.10648637313743015,0.07028693011499704,-0.8674194604853103,-0.13406540579249931,0.09507320368192614,-0.9844919627444123,-0.14743358244752042,0.0990070213168816,-0.44853961378343976,-0.08711001624680956,0.06745746672965884,-0.5058094985692773,-0.15020686768768401,0.01437300427489937,-0.37370304232419915,-0.1572414924461787,-0.006601354935095364,-0.2821915244454519,-0.14168079129955308,0.1687273248122152,-0.3515378612525195,-0.11622371283532433,0.1186891828441466,-0.39107901860122496,-0.15679708447049548,0.06954094627348506,-0.30072575388147404,-0.14769860453172243,0.05300693976807813,-0.2291352729092185,-0.1307964512734771,0.0,0.0,0.0,0.0,0.0,0.0,0.0,0.0,0.0,0.0,0.0,0.0,0.0,0.0,0.0,0.0,0.0,0.0,0.0,0.0,0.0,0.0,0.0,0.0,0.0,0.0,0.0,0.0,0.0,0.0,0.0,0.0,0.0,0.0,0.0,0.0,0.0,0.0,0.0,0.0,0.0,0.0,0.0,0.0,0.0,0.0,0.0,0.0,0.0,0.0,0.0,0.0,0.0,0.0,0.0,0.0,0.0,0.0,0.0,0.0,0.0,0.0,0.0,PEACE
0.0,0.0,0.0,-0.1075009774266095,-0.08757859879566386,-0.04065866880011895,-0.18577246446195486,-0.2771943962943071,-0.0648960263869291,-0.13077150707466803,-0.398553594650874,-0.09543759099085064,-0.032805499394057816,-0.40939245662392537,-0.1254620575423253,-0.12235891323640963,-0.509739628384227,-0.04409215913032846,-0.16715975357731214,-0.7056922705999146,-0.08785508193801049,-0.1939423489793161,-0.8255538218098011,-0.11224204008410521,-0.21407278381565403,-0.9324834353676696,-0.12999945844826624,-0.020458264310003006,-0.5035921381911914,-0.06484668523213906,0.00027474970150285675,-0.7309875322824717,-0.1178729135179649,0.016481956818182885,-0.8681277869424266,-0.14707399041720048,0.035260370100378635,-0.9865758485718586,-0.15945156416636744,0.06986865657486811,-0.4422338467447561,-0.09059264368480403,0.04978923882524567,-0.5285206544013219,-0.16971402588037884,0.0019737149477830345,-0.37831892544329526,-0.17555329930053862,-0.017428179388774053,-0.2714165393333233,-0.15447753572396974,0.14833169833203205,-0.3511111418145411,-0.11933106883286343,0.10511431285239349,-0.4055932650557968,-0.17674707850282673,0.05602693712848445,-0.3010727305873319,-0.16808670457528133,0.03685455092596553,-0.21958537942818981,-0.14732242369021228,0.0,0.0,0.0,0.0,0.0,0.0,0.0,0.0,0.0,0.0,0.0,0.0,0.0,0.0,0.0,0.0,0.0,0.0,0.0,0.0,0.0,0.0,0.0,0.0,0.0,0.0,0.0,0.0,0.0,0.0,0.0,0.0,0.0,0.0,0.0,0.0,0.0,0.0,0.0,0.0,0.0,0.0,0.0,0.0,0.0,0.0,0.0,0.0,0.0,0.0,0.0,0.0,0.0,0.0,0.0,0.0,0.0,0.0,0.0,0.0,0.0,0.0,0.0,PEACE
0.0,0.0,0.0,-0.12307563506474,-0.4951786535434787,-0.00682874805832359,-0.36960783467416625,-1.0149917038993934,-0.078489779231872,-0.5063589656835422,-1.4432716115049102,-0.15158946648719457,-0.47930053018716023,-1.8015134548452703,-0.2202213478419647,-0.5813739980283987,-0.988756382354654,-0.2598006665559996,-1.061905689742454,-0.9528721234636047,-0.35053368591643713,-0.9353825471732758,-0.8085553629002545,-0.35557637549770194,-0.7796844815281819,-0.8187980270155594,-0.35036447697763773,-0.6262394510483982,-0.6418591549082707,-0.31036552567851755,-1.0918478953973234,-0.6600426354020192,-0.4074159645575881,-0.9451616513770548,-0.5300065828632533,-0.3798168819758176,-0.7809382946405677,-0.5112300136733405,-0.35885826322301345,-0.6585329550845104,-0.2698799225586938,-0.347982032666345,-1.0794887437024847,-0.31282477635819383,-0.42088955033084985,-0.9423493453756091,-0.20435048091548014,-0.3522496232764797,-0.7682368168720421,-0.18345327667263386,-0.3051727892831512,-0.6954805623479724,0.09000336313872095,-0.38155403525748194,-1.1042651117197584,0.07547667803789014,-0.4220693469948709,-1.3417302964045013,0.04858350340466735,-0.4058069841557968,-1.5257505007872394,-0.01498896886669522,-0.3990346785281806,0.0,0.0,0.0,0.0,0.0,0.0,0.0,0.0,0.0,0.0,0.0,0.0,0.0,0.0,0.0,0.0,0.0,0.0,0.0,0.0,0.0,0.0,0.0,0.0,0.0,0.0,0.0,0.0,0.0,0.0,0.0,0.0,0.0,0.0,0.0,0.0,0.0,0.0,0.0,0.0,0.0,0.0,0.0,0.0,0.0,0.0,0.0,0.0,0.0,0.0,0.0,0.0,0.0,0.0,0.0,0.0,0.0,0.0,0.0,0.0,0.0,0.0,0.0,CALL_ME
0.0,0.0,0.0,-0.12273134908043179,-0.5079011202147122,-0.009549801117525923,-0.36890065863334864,-1.0130817045965401,-0.07785007209649647,-0.53147800445332,-1.4300106247848798,-0.14448177930734293,-0.5488993361800872,-1.7893053032133128,-0.20490355997282314,-0.6277292965502532,-0.9778393384576631,-0.2583872590458404,-1.085860382720607,-0.9520160529907691,-0.34349228926074876,-0.9475517773050124,-0.8123398020455902,-0.3459513092011161,-0.7898607066425251,-0.8181812321845365,-0.3393853154781374,-0.682686612368293,-0.6181229884514201,-0.3054218585774414,-1.1173486913988722,-0.643031121994778,-0.39394063335341273,-0.9502362448069801,-0.5252152306304811,-0.36216562243109807,-0.7865352065319894,-0.5148042708582844,-0.34108493310574584,-0.71508810560659,-0.2346746603836268,-0.3399228975557575,-1.0881336712501222,-0.27770876968230057,-0.41347651196692137,-0.9299937138146785,-0.18498496034903764,-0.34479593399632547,-0.7547901569163795,-0.1725069573213866,-0.2991156797972832,-0.7473771312312097,0.13611597878976603,-0.36986289115593657,-1.1470106309570738,0.12949317744559324,-0.412529267426217,-1.3724478638989719,0.09332877361091413,-0.39411003154850305,-1.5473818919971467,0.01686719100631707,-0.3862445532440249,0.0,0.0,0.0,0.0,0.0,0.0,0.0,0.0,0.0,0.0,0.0,0.0,0.0,0.0,0.0,0.0,0.0,0.0,0.0,0.0,0.0,0.0,0.0,0.0,0.0,0.0,0.0,0.0,0.0,0.0,0.0,0.0,0.0,0.0,0.0,0.0,0.0,0.0,0.0,0.0,0.0,0.0,0.0,0.0,0.0,0.0,0.0,0.0,0.0,0.0,0.0,0.0,0.0,0.0,0.0,0.0,0.0,0.0,0.0,0.0,0.0,0.0,0.0,CALL_ME
0.0,0.0,0.0,-0.14486112560560913,-0.5499391141221825,-0.012873541315593083,-0.3866816036053523,-1.0054075897692454,-0.08337240690463615,-0.5935285868629775,-1.3946047710765863,-0.15383614592097625,-0.6787066779904346,-1.75256335260436,-0.2224752982486687,-0.768248475593029,-0.862080684657954,-0.19340329573115356,-1.146303819998813,-0.8684944957560106,-0.2354094842628928,-1.0052518793234861,-0.7796218053404645,-0.23606478645035714,-0.8580192786541894,-0.7516075228211127,-0.22854410872648886,-0.8348384871603857,-0.49317859391033564,-0.2238850664644536,-1.1611619793709878,-0.5524921684596789,-0.22981089362826326,-1.0107760348927906,-0.4936886741352082,-0.20449250366282484,-0.8661056089811359,-0.45675926383640225,-0.20305676297785244,-0.8499248228620223,-0.1170799941903439,-0.2409133054409181,-1.1144440366944168,-0.19071461827819394,-0.23985092159154411,-0.9797898220125262,-0.15950122402339262,-0.1911069190360743,-0.8337506697757419,-0.14252231822862502,-0.17659040231126422,-0.8449429177268313,0.23352189062213455,-0.25431623959417293,-1.220225986059982,0.25863455292860593,-0.22480334767552648,-1.4049602619357684,0.23182748238489523,-0.17597800755493961,-1.5401454508959562,0.18330950042321648,-0.15475910134737375,0.0,0.0,0.0,0.0,0.0,0.0,0.0,0.0,0.0,0.0,0.0,0.0,0.0,0.0,0.0,0.0,0.0,0.0,0.0,0.0,0.0,0.0,0.0,0.0,0.0,0.0,0.0,0.0,0.0,0.0,0.0,0.0,0.0,0.0,0.0,0.0,0.0,0.0,0.0,0.0,0.0,0.0,0.0,0.0,0.0,0.0,0.0,0.0,0.0,0.0,0.0,0.0,0.0,0.0,0.0,0.0,0.0,0.0,0.0,0.0,0.0,0.0,0.0,CALL_ME
0.0,0.0,0.0,-0.1513348392319308,-0.6070859665308582,-0.007761357611414638,-0.4120004474738291,-1.087847037894775,-0.06148215089515057,-0.6679451083744103,-1.4730572195665956,-0.117283558504318,-0.784226463210089,-1.838080967885026,-0.17093339842062227,-0.8922866950261092,-0.9107495286455234,-0.12866414614551752,-1.2140026589079813,-0.8389601638382346,-0.13058153490836474,-1.0621671320579948,-0.767440496102018,-0.1122852887283121,-0.9049660247880835,-0.7526692303284457,-0.09610843655779282,-0.9609083678458495,-0.49655654387168047,-0.1583664201418766,-1.23663384626674,-0.5151631445805683,-0.15393982967326938,-1.0548936945797436,-0.4695625782977378,-0.14499682774971112,-0.8882052080021166,-0.43405567461929917,-0.15062264042534218,-0.9629822883784936,-0.0948470374153426,-0.17234093575124307,-1.1968949103738427,-0.14138262489298875,-0.170268654002885,-1.0322287950871005,-0.12577872292380424,-0.1370861038516577,-0.8630293788338883,-0.11375865266889564,-0.12917969430407156,-0.935850441960676,0.27064564846912553,-0.18138858575706637,-1.3250937720941476,0.3083789799525408,-0.15938233262090598,-1.5282393450867227,0.3080718249549307,-0.11762131529012645,-1.6908065678897952,0.2763456746617097,-0.0966772842243163,0.0,0.0,0.0,0.0,0.0,0.0,0.0,0.0,0.0,0.0,0.0,0.0,0.0,0.0,0.0,0.0,0.0,0.0,0.0,0.0,0.0,0.0,0.0,0.0,0.0,0.0,0.0,0.0,0.0,0.0,0.0,0.0,0.0,0.0,0.0,0.0,0.0,0.0,0.0,0.0,0.0,0.0,0.0,0.0,0.0,0.0,0.0,0.0,0.0,0.0,0.0,0.0,0.0,0.0,0.0,0.0,0.0,0.0,0.0,0.0,0.0,0.0,0.0,CALL_ME
0.0,0.0,0.0,-0.16086081052405596,-0.585835233866188,0.0007164977765890591,-0.4079415420097317,-1.0848651082981384,-0.05359882186172076,-0.6300137363597116,-1.4916821340519948,-0.10814210550921453,-0.7162433607214299,-1.8728656518267655,-0.16291355382847209,-0.8561701636882451,-1.0017168525455202,-0.1861256254822493,-1.206499923923458,-0.8010181938387306,-0.19640120049387752,-1.0472827615605544,-0.6909268304788996,-0.16799527162943384,-0.8757377887575224,-0.7046756499556948,-0.14453698742894086,-0.924938160187279,-0.6052147207891084,-0.22709132546464217,-1.236810291057492,-0.49849025757090965,-0.22969947362633947,-1.0663932486696293,-0.4032355726544876,-0.20418159783176237,-0.8956930107529619,-0.3955407763762692,-0.2031785537697145,-0.9339858620088795,-0.1873241389041696,-0.24790763437253846,-1.1969871776675007,-0.10386806973731134,-0.25600213436546804,-1.0355389520522884,-0.03960532596555527,-0.20483700410833205,-0.8602242083109364,-0.06561043822989998,-0.18758021457249832,-0.9184870163550357,0.22587934134793913,-0.26273508110890914,-1.327959539269219,0.24458066841952159,-0.2532882371119551,-1.5545123684610411,0.29351671204288754,-0.20329043487131473,-1.739240129068448,0.2956679917832741,-0.17758296092805112,0.0,0.0,0.0,0.0,0.0,0.0,0.0,0.0,0.0,0.0,0.0,0.0,0.0,0.0,0.0,0.0,0.0,0.0,0.0,0.0,0.0,0.0,0.0,0.0,0.0,0.0,0.0,0.0,0.0,0.0,0.0,0.0,0.0,0.0,0.0,0.0,0.0,0.0,0.0,0.0,0.0,0.0,0.0,0.0,0.0,0.0,0.0,0.0,0.0,0.0,0.0,0.0,0.0,0.0,0.0,0.0,0.0,0.0,0.0,0.0,0.0,0.0,0.0,CALL_ME
0.0,0.0,0.0,-0.24078543071359243,-0.6395119062297372,-0.006618637619918417,-0.5919351785522776,-1.137554427636011,-0.05212927518734412,-0.9272173442611302,-1.5031590827276702,-0.09243581186501876,-1.1088303746322885,-1.8903122737729199,-0.13497516435972645,-1.1236190878420302,-0.9090048509207953,-0.14980927164991825,-1.3214177740553008,-0.6550815841915058,-0.1259584704658761,-1.1227007684938952,-0.5815908244104373,-0.10901779294798432,-0.9470363417982355,-0.6032351656990518,-0.10094580899027852,-1.1861279341886042,-0.4366288813106054,-0.1749296195826793,-1.3528451510702362,-0.27698794732156456,-0.12249984744765038,-1.1526864264883017,-0.21303072600487039,-0.11258323891476177,-0.9668692563208495,-0.21672094581455142,-0.13489207844352344,-1.1453160716410473,0.03236001673946355,-0.17794370584639382,-1.282381739028204,0.16265728932647958,-0.14564051679775764,-1.0983541116712785,0.18418666421306534,-0.126621632473719,-0.909641805127123,0.13285880470239364,-0.14152320688931186,-1.0622705953741782,0.4591314367055925,-0.17353577801773193,-1.4226207816545176,0.5711401767705808,-0.1394067031610857,-1.6227336205233616,0.7038626353540772,-0.09192392774177524,-1.7898484799692036,0.7980152779250198,-0.06911383091837864,0.0,0.0,0.0,0.0,0.0,0.0,0.0,0.0,0.0,0.0,0.0,0.0,0.0,0.0,0.0,0.0,0.0,0.0,0.0,0.0,0.0,0.0,0.0,0.0,0.0,0.0,0.0,0.0,0.0,0.0,0.0,0.0,0.0,0.0,0.0,0.0,0.0,0.0,0.0,0.0,0.0,0.0,0.0,0.0,0.0,0.0,0.0,0.0,0.0,0.0,0.0,0.0,0.0,0.0,0.0,0.0,0.0,0.0,0.0,0.0,0.0,0.0,0.0,CALL_ME
0.0,0.0,0.0,-0.14323773699488418,-0.6218823569989488,0.00368696850411583,-0.4026839624600363,-1.1766082160618172,-0.039310953962454605,-0.6506939332364501,-1.6083973280220991,-0.08059854825312134,-0.7300925881426968,-2.028147847396214,-0.1261556687263892,-0.9325840814982157,-1.1333279974041628,-0.13685842938386134,-1.195427477513497,-0.910278400186258,-0.1183336906556724,-1.0249386979636694,-0.7584106346842906,-0.1077544667095484,-0.8566876075006347,-0.7584753879071857,-0.10064675608998597,-1.0361717680527074,-0.7221057243451322,-0.16712590872968233,-1.2441169639347611,-0.5715128947332467,-0.11473938831810038,-1.061851832856884,-0.4457936579676619,-0.10125081488501785,-0.8914900911549065,-0.4382137330459455,-0.114952779620823,-1.0524098255195966,-0.278005524564505,-0.17427939522547398,-1.1792251197706674,-0.13570262662039143,-0.14619493976397963,-0.9961749745477798,-0.04699071125405044,-0.12414377327331715,-0.8111153906015013,-0.0742671993569936,-0.12600293609709345,-1.03837394730759,0.15812964901572146,-0.1730027503060487,-1.4068995402836193,0.14140622721534277,-0.12595015794786057,-1.6225178031865979,0.18866392683124236,-0.06104271295687971,-1.7892861208021935,0.19621897588140663,-0.021513763267608375,0.0,0.0,0.0,0.0,0.0,0.0,0.0,0.0,0.0,0.0,0.0,0.0,0.0,0.0,0.0,0.0,0.0,0.0,0.0,0.0,0.0,0.0,0.0,0.0,0.0,0.0,0.0,0.0,0.0,0.0,0.0,0.0,0.0,0.0,0.0,0.0,0.0,0.0,0.0,0.0,0.0,0.0,0.0,0.0,0.0,0.0,0.0,0.0,0.0,0.0,0.0,0.0,0.0,0.0,0.0,0.0,0.0,0.0,0.0,0.0,0.0,0.0,0.0,CALL_ME
0.0,0.0,0.0,-0.15977429476255553,-0.6506342710062285,0.03912210968933738,-0.4347529307521196,-1.2144728717215907,0.0226555065563715,-0.6825938267910694,-1.656028248619239,-0.002489401160960997,-0.7644970297444421,-2.0644127447330773,-0.03576736429553281,-0.9856344438049703,-1.135005254956895,-0.06834377736030549,-1.184532257274471,-0.8872427721356554,-0.024846145411677227,-0.9998779858818966,-0.7448608872942203,-0.014705535458745068,-0.8286179458896527,-0.7346938374466346,-0.015946232762912453,-1.111445665364691,-0.7164735113182176,-0.11467719490512332,-1.2724061093088541,-0.5352249409105864,-0.04086613588836249,-1.0902102117024892,-0.40901787191425215,-0.039249090278357594,-0.9155783038395425,-0.395668320126551,-0.07185367065459998,-1.1337035756410718,-0.26495667049657445,-0.13710230544680613,-1.267363980195426,-0.08994573224497478,-0.09116135202717796,-1.080343779025846,-0.009005180900903466,-0.08545490598404452,-0.8885515166018051,-0.043088461168451754,-0.111113075338207,-1.10929298371656,0.17869655850230315,-0.14917041559400387,-1.4923202572712695,0.22720588064535727,-0.10900385431550129,-1.7281845293965652,0.35846104930469136,-0.06233943820947152,-1.9266638073410791,0.4477062370665689,-0.04210449317245028,0.0,0.0,0.0,0.0,0.0,0.0,0.0,0.0,0.0,0.0,0.0,0.0,0.0,0.0,0.0,0.0,0.0,0.0,0.0,0.0,0.0,0.0,0.0,0.0,0.0,0.0,0.0,0.0,0.0,0.0,0.0,0.0,0.0,0.0,0.0,0.0,0.0,0.0,0.0,0.0,0.0,0.0,0.0,0.0,0.0,0.0,0.0,0.0,0.0,0.0,0.0,0.0,0.0,0.0,0.0,0.0,0.0,0.0,0.0,0.0,0.0,0.0,0.0,CALL_ME
0.0,0.0,0.0,-0.16482060797976078,-0.670893299819299,0.09560765461583504,-0.46897746495075654,-1.2144304393128056,0.13906112431732182,-0.7329837515282795,-1.6124479238175178,0.16065216545799002,-0.8339536498846717,-1.9479844827340398,0.17323661350798303,-1.0919073829705819,-1.0852367180794624,0.09892106978755844,-1.2089632840942128,-0.8945193990263541,0.17697835966826983,-1.0243618611470608,-0.7231855450539492,0.18956196124006952,-0.8318245879328231,-0.6514054444432467,0.19195853634649146,-1.2215862794588557,-0.7035437087831604,0.03343725304149505,-1.3058569601992822,-0.49396175066814935,0.13662502519064237,-1.1166772622729764,-0.37499306928243475,0.1169231540818348,-0.9341509350371634,-0.3489842584508083,0.07464595047779113,-1.2417592352163602,-0.2804815130407936,-0.011432247705693893,-1.3055029499960926,-0.0659729997496707,0.0454458029083454,-1.0992504380475123,-0.002223034054049083,0.020140856600737368,-0.910197946259551,-0.021835907747884686,-0.02138400857997864,-1.2006959269211381,0.15009219996171658,-0.04243868532481776,-1.540650841551983,0.31148501403172374,-0.009547449245348972,-1.7665242492031235,0.4836352376192532,0.015756749068547845,-1.9784775964426198,0.6147929966249712,0.026154385819795324,0.0,0.0,0.0,0.0,0.0,0.0,0.0,0.0,0.0,0.0,0.0,0.0,0.0,0.0,0.0,0.0,0.0,0.0,0.0,0.0,0.0,0.0,0.0,0.0,0.0,0.0,0.0,0.0,0.0,0.0,0.0,0.0,0.0,0.0,0.0,0.0,0.0,0.0,0.0,0.0,0.0,0.0,0.0,0.0,0.0,0.0,0.0,0.0,0.0,0.0,0.0,0.0,0.0,0.0,0.0,0.0,0.0,0.0,0.0,0.0,0.0,0.0,0.0,CALL_ME
0.0,0.0,0.0,-0.19154788331667918,-0.5907351432067699,0.037570014128258056,-0.5011990384750925,-1.1375583236665168,0.017955027455237405,-0.7682786568219657,-1.552691087855629,-0.012592148393200367,-0.8412557845306896,-1.9700811963314193,-0.04911526418288204,-1.0138843365696262,-1.102708745132464,-0.08256098911655184,-1.3309919974061921,-0.6837480587304829,-0.06137312006818098,-1.151069581758793,-0.5026006920198884,-0.04065599435847324,-0.9604296420623021,-0.5108049922293748,-0.02540482729111288,-1.0960150915898894,-0.742622892450516,-0.13216000206940703,-1.3483613926390599,-0.36071258806392303,-0.09548762450561195,-1.1505392748755243,-0.21266283267561978,-0.0886876515628673,-0.9673042860135137,-0.2325368758940196,-0.10123744173642298,-1.1115058761845664,-0.3136796127496673,-0.15913058946316178,-1.317172507163449,-4.96601782376474e-05,-0.1425432423183036,-1.1105158636352825,0.1147050398056246,-0.11840799681787331,-0.9136250237925528,0.06612960738899955,-0.11834438841186258,-1.0858419348359771,0.14345389535895245,-0.17596398135155236,-1.4602818725709736,0.24699417035364638,-0.15627222489182402,-1.645306721953441,0.39591068531874,-0.10609744555016984,-1.7996245291961293,0.4937366493621686,-0.07220127637428772,0.0,0.0,0.0,0.0,0.0,0.0,0.0,0.0,0.0,0.0,0.0,0.0,0.0,0.0,0.0,0.0,0.0,0.0,0.0,0.0,0.0,0.0,0.0,0.0,0.0,0.0,0.0,0.0,0.0,0.0,0.0,0.0,0.0,0.0,0.0,0.0,0.0,0.0,0.0,0.0,0.0,0.0,0.0,0.0,0.0,0.0,0.0,0.0,0.0,0.0,0.0,0.0,0.0,0.0,0.0,0.0,0.0,0.0,0.0,0.0,0.0,0.0,0.0,CALL_ME
0.0,0.0,0.0,-0.16327959218296742,-0.5653346011245318,0.003905506808822619,-0.4320040767695283,-1.0774015673039634,-0.057306205234751946,-0.6344376851194001,-1.5075209801537537,-0.12494980947475226,-0.6449122758391443,-1.9283760457102017,-0.1935015840871706,-0.840688929172079,-1.0185522380821848,-0.1856890400759415,-1.2143300416023415,-0.8012840078782835,-0.22833212864220856,-1.0556696013035658,-0.6820018702547332,-0.21965680044095723,-0.8909097181656793,-0.7095048184860849,-0.20841565101575904,-0.8984562608427266,-0.6294780778174495,-0.23578864863006432,-1.2360828752851984,-0.4996143820624942,-0.279876700972284,-1.0568485432062789,-0.392254099309085,-0.2618116756095328,-0.8850575655793329,-0.39021120249006985,-0.25378794900869217,-0.9040823194836884,-0.21005146263469301,-0.2690376446765182,-1.2033239000734994,-0.10154542909555289,-0.3153997198522345,-1.0300058024404466,-0.01371779006131263,-0.27488100654623804,-0.8448457057929626,-0.03361274275546175,-0.2500769110145104,-0.8909218772877421,0.20356243495219106,-0.2950764661912338,-1.2796914022510655,0.2460638245604996,-0.3132343486331169,-1.5182464760003889,0.3110747067313856,-0.2864157617989499,-1.731639396827915,0.33563218979924775,-0.2699183800028291,0.0,0.0,0.0,0.0,0.0,0.0,0.0,0.0,0.0,0.0,0.0,0.0,0.0,0.0,0.0,0.0,0.0,0.0,0.0,0.0,0.0,0.0,0.0,0.0,0.0,0.0,0.0,0.0,0.0,0.0,0.0,0.0,0.0,0.0,0.0,0.0,0.0,0.0,0.0,0.0,0.0,0.0,0.0,0.0,0.0,0.0,0.0,0.0,0.0,0.0,0.0,0.0,0.0,0.0,0.0,0.0,0.0,0.0,0.0,0.0,0.0,0.0,0.0,CALL_ME
0.0,0.0,0.0,-0.20206397043043264,-0.5089312843385044,0.011077987386918352,-0.5079279872756542,-0.9708520954267232,-0.04916324034277466,-0.7252772958096542,-1.356884276842408,-0.10502758622247577,-0.7505982157833557,-1.724636171070873,-0.15359751473611785,-0.7611389278404254,-0.8618246334013584,-0.2734749577494175,-1.2339988104036703,-0.7338235995353091,-0.313943799235769,-1.0965030118234012,-0.6145217720994034,-0.2718068639539699,-0.9348572900726877,-0.6262236162691179,-0.24256287983243843,-0.7689062111456775,-0.4959447092855334,-0.3199796117351148,-1.231000524733487,-0.4117930956044855,-0.3711176963944533,-1.0620061887526204,-0.31945204788757614,-0.3163457788653441,-0.8984226355725327,-0.3313984783568809,-0.28811771280788717,-0.7531154527172158,-0.12013713462038969,-0.34508405252402197,-1.1567838150507375,-0.06007828693182743,-0.37798257811216074,-1.003296482574253,-0.0012182892906037793,-0.30013578921948736,-0.8260259613077295,-0.018567668835789346,-0.26234512056622955,-0.7357654928961119,0.2361914478791751,-0.363457546530629,-1.1415086317757415,0.3276272651634377,-0.4006493523025134,-1.388449691042597,0.39407379016134336,-0.3914805213181894,-1.5966465976542115,0.4239252143676665,-0.39486356618949237,0.0,0.0,0.0,0.0,0.0,0.0,0.0,0.0,0.0,0.0,0.0,0.0,0.0,0.0,0.0,0.0,0.0,0.0,0.0,0.0,0.0,0.0,0.0,0.0,0.0,0.0,0.0,0.0,0.0,0.0,0.0,0.0,0.0,0.0,0.0,0.0,0.0,0.0,0.0,0.0,0.0,0.0,0.0,0.0,0.0,0.0,0.0,0.0,0.0,0.0,0.0,0.0,0.0,0.0,0.0,0.0,0.0,0.0,0.0,0.0,0.0,0.0,0.0,CALL_ME
0.0,0.0,0.0,-0.06532805497701305,-0.5160555262932078,0.013326995472302932,-0.22209208971758526,-1.0525457647530425,-0.053948513742272476,-0.306362726397964,-1.4931563194634696,-0.11872898454101806,-0.2507133126733525,-1.840283936537255,-0.174746230612637,-0.4384652704849018,-1.1407686057273752,-0.26926496274305994,-0.917202479180222,-1.1005295530263701,-0.32363666216719167,-0.8043198644664011,-0.9316777823458103,-0.28284053686094357,-0.6498277033520475,-0.9132061633997458,-0.24860617677157995,-0.521587159531235,-0.8381652609577286,-0.32219250624728146,-0.9747399701842442,-0.842656840434189,-0.38092282335429173,-0.8473272431224794,-0.6803587951898489,-0.31858223200903507,-0.6994853508474828,-0.6552165685753124,-0.2853269917378424,-0.603140845610604,-0.4952676580937645,-0.35767669729104096,-1.0141656017909648,-0.5173068925650612,-0.39700905423501787,-0.8936363797517858,-0.37755642044957605,-0.3153124020354082,-0.730605344237389,-0.3452723592686286,-0.27538468860248866,-0.6807440443101651,-0.15306949963884903,-0.38686271896570856,-1.0853792384607353,-0.23077307178079626,-0.4199256318349608,-1.3269237013127526,-0.25122099097931605,-0.4048542953200454,-1.5270546101175282,-0.30671046754770437,-0.4029324410565686,0.0,0.0,0.0,0.0,0.0,0.0,0.0,0.0,0.0,0.0,0.0,0.0,0.0,0.0,0.0,0.0,0.0,0.0,0.0,0.0,0.0,0.0,0.0,0.0,0.0,0.0,0.0,0.0,0.0,0.0,0.0,0.0,0.0,0.0,0.0,0.0,0.0,0.0,0.0,0.0,0.0,0.0,0.0,0.0,0.0,0.0,0.0,0.0,0.0,0.0,0.0,0.0,0.0,0.0,0.0,0.0,0.0,0.0,0.0,0.0,0.0,0.0,0.0,CALL_ME
0.0,0.0,0.0,-0.22464856262566893,-0.4632772192062406,0.02773182102545942,-0.5615909746266723,-0.915430381791962,-0.043980786094024955,-0.7839611995315011,-1.29514877047469,-0.1190540036949538,-0.8086536736190746,-1.6861643396890487,-0.18645921309413455,-0.7073920778528009,-0.919169621579126,-0.29601442056065,-1.249399424432887,-0.6622278703425969,-0.3975582725472371,-1.1025950816671721,-0.5170137653775811,-0.3848687463418174,-0.9375079071166805,-0.5686177089954432,-0.3712299127527143,-0.6583313988783492,-0.5998572763035224,-0.36896298700843666,-1.194244242775084,-0.3292279158447303,-0.4764827416552846,-1.0261815010023612,-0.22211459662982805,-0.42515602453473245,-0.8686106768817532,-0.29069668724531006,-0.4012616702746787,-0.6149939529497479,-0.221942825249272,-0.42698223665079693,-1.1229324073658438,-0.017263361878523627,-0.5105366291834242,-0.9578530098660467,0.058385024624479406,-0.4311940168008095,-0.7883078946044307,-0.0163105041021319,-0.39187662981597016,-0.5855270460010491,0.1416075822386161,-0.47711399302551216,-1.0271164377488917,0.315142324506494,-0.5566655713789609,-1.2867042459510536,0.4217149696318113,-0.5718025016246656,-1.526215090586489,0.45507344512149395,-0.593317501038011,0.0,0.0,0.0,0.0,0.0,0.0,0.0,0.0,0.0,0.0,0.0,0.0,0.0,0.0,0.0,0.0,0.0,0.0,0.0,0.0,0.0,0.0,0.0,0.0,0.0,0.0,0.0,0.0,0.0,0.0,0.0,0.0,0.0,0.0,0.0,0.0,0.0,0.0,0.0,0.0,0.0,0.0,0.0,0.0,0.0,0.0,0.0,0.0,0.0,0.0,0.0,0.0,0.0,0.0,0.0,0.0,0.0,0.0,0.0,0.0,0.0,0.0,0.0,CALL_ME
0.0,0.0,0.0,-0.22745838327794632,-0.4120099666318565,0.018566699116092288,-0.5963417724606942,-0.8611112367263923,-0.05874172084563238,-0.8004748007068171,-1.2633837769619725,-0.13491703456537907,-0.8268360159516425,-1.6377029053575456,-0.19679791503369312,-0.6552981924490274,-0.9935742646025485,-0.36123980905648184,-1.2163268447728166,-0.7025545727421866,-0.4743954958224767,-1.0758714240494602,-0.5423237534607408,-0.43837093752211825,-0.920461607928418,-0.6009175405327044,-0.4108536924954113,-0.5583744724126632,-0.7177016397701858,-0.4396383670370209,-1.158499348671606,-0.37862685946096364,-0.5611857778345745,-0.9822238543201773,-0.2586814436732513,-0.4694343387028549,-0.8363186835667722,-0.3515693157575334,-0.4206781141620288,-0.5031465781371857,-0.3492285019675734,-0.5061723955809645,-1.0533848865716637,-0.053672052545901655,-0.6056073943501731,-0.8880301374410893,0.04017899454201085,-0.4895527275610105,-0.7281753208754551,-0.025303535905413788,-0.4275390648379651,-0.4687774024704673,0.023152829674641457,-0.5661060929641203,-0.9410763734843468,0.20795386051950898,-0.6715072731603136,-1.1888000760533566,0.3007611475112645,-0.6842807887045137,-1.4180034928803789,0.32885201187841073,-0.7019582276378481,0.0,0.0,0.0,0.0,0.0,0.0,0.0,0.0,0.0,0.0,0.0,0.0,0.0,0.0,0.0,0.0,0.0,0.0,0.0,0.0,0.0,0.0,0.0,0.0,0.0,0.0,0.0,0.0,0.0,0.0,0.0,0.0,0.0,0.0,0.0,0.0,0.0,0.0,0.0,0.0,0.0,0.0,0.0,0.0,0.0,0.0,0.0,0.0,0.0,0.0,0.0,0.0,0.0,0.0,0.0,0.0,0.0,0.0,0.0,0.0,0.0,0.0,0.0,CALL_ME
0.0,0.0,0.0,-0.10322420991149128,-0.4611013343839087,0.0651411318193765,-0.3003685278396041,-1.0031590193823403,0.03258731544245512,-0.38347120984362904,-1.4323114647198683,-0.01408787761994414,-0.30786569127123536,-1.7488142236231412,-0.05061624716247226,-0.4111625154832295,-1.2107550608676185,-0.16956089953649545,-0.9522614812387897,-1.0980580172808618,-0.26405162835385315,-0.8422936128110304,-0.8579639191770422,-0.2890981028000465,-0.674988159690048,-0.8362985480980144,-0.30973790650750915,-0.4323262515394595,-0.959029169125031,-0.2604254297978827,-0.9950358645533787,-0.8410509260500089,-0.3595224857934426,-0.8617552977269706,-0.6345563768525523,-0.3267969175214232,-0.7084472157106555,-0.6301353235712098,-0.31785533901387686,-0.48074665981343945,-0.6341240235898962,-0.34195763023206394,-0.9904439747293072,-0.5483812680323219,-0.42547843642838673,-0.8805297777410501,-0.37411641825589614,-0.3497758137687566,-0.7328101905136793,-0.3445341590565816,-0.3082690674186834,-0.5417289912806964,-0.29934000064600763,-0.4167009197598087,-0.9978187111518781,-0.3689402814874404,-0.5061909854059555,-1.270056739611642,-0.40779033543137333,-0.5213751355221632,-1.5003051103134593,-0.49052959513916156,-0.5372920498749069,0.0,0.0,0.0,0.0,0.0,0.0,0.0,0.0,0.0,0.0,0.0,0.0,0.0,0.0,0.0,0.0,0.0,0.0,0.0,0.0,0.0,0.0,0.0,0.0,0.0,0.0,0.0,0.0,0.0,0.0,0.0,0.0,0.0,0.0,0.0,0.0,0.0,0.0,0.0,0.0,0.0,0.0,0.0,0.0,0.0,0.0,0.0,0.0,0.0,0.0,0.0,0.0,0.0,0.0,0.0,0.0,0.0,0.0,0.0,0.0,0.0,0.0,0.0,CALL_ME
0.0,0.0,0.0,-0.02169610989721196,-0.5106085592629825,0.06112002037666446,-0.1284307329677248,-1.040006566398031,0.032796986327182094,-0.18105707075995583,-1.479084552569396,-0.0067111795835556026,-0.10087596280942983,-1.7828119244927065,-0.04470275403931982,-0.35908561833242797,-1.2436314241293327,-0.1413969236555268,-0.8447026717805299,-1.204483766878488,-0.1843440105877549,-0.7577989432966236,-0.9913849272256224,-0.17226367884585544,-0.6095527493459656,-0.9355117450606119,-0.1587636967160658,-0.46801920839298233,-0.9925731539417649,-0.20910471570186942,-0.9263200694729065,-0.9589560321072398,-0.23722811769550411,-0.8179932129567604,-0.7588124166045064,-0.1927664978757196,-0.6775191245892701,-0.7140052890399878,-0.17653408463725226,-0.5828323583862608,-0.6820734845732508,-0.2611967051585872,-0.9880162216905055,-0.6651545573130533,-0.2797385723050596,-0.8861952721894932,-0.49070564119256715,-0.2124998673599475,-0.7364330482113391,-0.44007168517454176,-0.18497140265374679,-0.697089577113889,-0.3415421124235749,-0.30426166422928663,-1.0979574974575652,-0.48696186693484694,-0.3226707983650007,-1.3347160515416656,-0.5301820663549951,-0.29794325138377814,-1.5389630764210491,-0.6092043678963809,-0.287702372088019,0.0,0.0,0.0,0.0,0.0,0.0,0.0,0.0,0.0,0.0,0.0,0.0,0.0,0.0,0.0,0.0,0.0,0.0,0.0,0.0,0.0,0.0,0.0,0.0,0.0,0.0,0.0,0.0,0.0,0.0,0.0,0.0,0.0,0.0,0.0,0.0,0.0,0.0,0.0,0.0,0.0,0.0,0.0,0.0,0.0,0.0,0.0,0.0,0.0,0.0,0.0,0.0,0.0,0.0,0.0,0.0,0.0,0.0,0.0,0.0,0.0,0.0,0.0,CALL_ME
0.0,0.0,0.0,-0.12280140241367302,-0.4980811143783266,0.005012786652210287,-0.3548026525465014,-0.9894971328810098,-0.06100969460734431,-0.4937694912857158,-1.3938088701404272,-0.13103673274566796,-0.46231805728758796,-1.7370245301449396,-0.19521639489254286,-0.5427396597431222,-0.977366388782687,-0.24316223051206592,-0.9986639840982978,-0.9788330966993944,-0.3469535744728291,-0.8765664842652305,-0.851211631985221,-0.36413061434052313,-0.7131330233550057,-0.8386621215306594,-0.3650349254878697,-0.592827808360816,-0.6560685613177039,-0.2991879270711453,-1.0245882296814366,-0.6967161513866003,-0.39977630549307164,-0.8933540626301664,-0.5824239992781091,-0.37733234094036383,-0.7463535913577615,-0.5574832245777814,-0.36355023171733847,-0.6330428587923379,-0.30785744946460925,-0.3443571644544418,-1.0407012103192477,-0.37823715777792266,-0.4250681157070308,-0.9135679644640622,-0.2742257343675197,-0.36317926890334,-0.7498716390181158,-0.2414045915177054,-0.32276161204106624,-0.6765755116864062,0.023753635085825713,-0.38454441190622385,-1.0725130940151877,-0.0011352700238411095,-0.4411601800056699,-1.3043191738238349,-0.02352564332574611,-0.4380721810701444,-1.4928460877210215,-0.075522417050636,-0.4401952078116183,0.0,0.0,0.0,0.0,0.0,0.0,0.0,0.0,0.0,0.0,0.0,0.0,0.0,0.0,0.0,0.0,0.0,0.0,0.0,0.0,0.0,0.0,0.0,0.0,0.0,0.0,0.0,0.0,0.0,0.0,0.0,0.0,0.0,0.0,0.0,0.0,0.0,0.0,0.0,0.0,0.0,0.0,0.0,0.0,0.0,0.0,0.0,0.0,0.0,0.0,0.0,0.0,0.0,0.0,0.0,0.0,0.0,0.0,0.0,0.0,0.0,0.0,0.0,CALL_ME
0.0,0.0,0.0,-0.14686797222281714,-0.5913002996071219,0.024309489472526206,-0.38828330261512795,-1.1043326451360669,-0.027733382370769444,-0.555724320140074,-1.5479593944478554,-0.08616881562627772,-0.5688699955574014,-1.9325065331954503,-0.15034568377130564,-0.7773139046079851,-1.0763795189471925,-0.14702329863676222,-1.16356844260229,-0.9380215682477676,-0.17220505434339697,-1.0271729853221871,-0.8137104480976377,-0.1702363584058442,-0.8685706811592334,-0.8295422718129881,-0.17116762072781527,-0.8427791950152967,-0.6989776812016287,-0.19378666449336832,-1.1607684010835972,-0.6132360673039335,-0.18055280092253603,-1.0085827477272773,-0.5099575615919691,-0.1347770716181979,-0.8462169719655189,-0.5185318561901839,-0.12264399892970891,-0.8670890702271847,-0.29640710679356924,-0.22439374000139584,-1.1252646871980854,-0.27542810875460794,-0.20032592951107064,-0.9789015749826824,-0.1803748915143609,-0.11988293128815486,-0.8172844306831055,-0.17458731759031637,-0.08948954085871069,-0.8640346005781062,0.09536825521321132,-0.25204918694282474,-1.0464629002756571,0.0822682036883745,-0.22965391255143522,-0.8984410098960521,0.14733586688668057,-0.1500098215718647,-0.7607484353805413,0.1588410803010249,-0.0939319384379674,0.0,0.0,0.0,0.0,0.0,0.0,0.0,0.0,0.0,0.0,0.0,0.0,0.0,0.0,0.0,0.0,0.0,0.0,0.0,0.0,0.0,0.0,0.0,0.0,0.0,0.0,0.0,0.0,0.0,0.0,0.0,0.0,0.0,0.0,0.0,0.0,0.0,0.0,0.0,0.0,0.0,0.0,0.0,0.0,0.0,0.0,0.0,0.0,0.0,0.0,0.0,0.0,0.0,0.0,0.0,0.0,0.0,0.0,0.0,0.0,0.0,0.0,0.0,THUMBS_UP
0.0,0.0,0.0,-0.16221858243371534,-0.6094672787175219,0.014403865170392301,-0.4077287071094277,-1.1012742608480761,-0.03660035264550904,-0.6134047769333153,-1.531082726233265,-0.08720968314300921,-0.6761488946598759,-1.908140009342527,-0.13997016800247278,-0.8404209298192675,-1.040016813614642,-0.15632945830140985,-1.2187121668665528,-0.9255240140431589,-0.147908158392601,-1.084174935867929,-0.805917625694614,-0.11620993177891259,-0.9235542192115859,-0.7946001069206783,-0.09764750866017526,-0.9262009458362777,-0.63278552240057,-0.18304825377134074,-1.2092044472017176,-0.5848861494080735,-0.14029249053977946,-1.0465445693766076,-0.48806921713693235,-0.08404112406441588,-0.8776713500415367,-0.4747292687730504,-0.06576566495118068,-0.9578340870440719,-0.19902840441370742,-0.18935771471588048,-1.1702026141089408,-0.22497176309880387,-0.13027691952873566,-1.018814417503289,-0.14680356972151387,-0.05072818571850753,-0.8523557741367734,-0.11902531455908595,-0.027595043295879224,-0.9532207027588361,0.20910186058741592,-0.1935595195908563,-1.0677647427904575,0.1485677055634163,-0.14692116952946194,-0.9108723796146495,0.1939817419519284,-0.06879211998582554,-0.7786047175681354,0.20991194786198247,-0.015863615380941082,0.0,0.0,0.0,0.0,0.0,0.0,0.0,0.0,0.0,0.0,0.0,0.0,0.0,0.0,0.0,0.0,0.0,0.0,0.0,0.0,0.0,0.0,0.0,0.0,0.0,0.0,0.0,0.0,0.0,0.0,0.0,0.0,0.0,0.0,0.0,0.0,0.0,0.0,0.0,0.0,0.0,0.0,0.0,0.0,0.0,0.0,0.0,0.0,0.0,0.0,0.0,0.0,0.0,0.0,0.0,0.0,0.0,0.0,0.0,0.0,0.0,0.0,0.0,THUMBS_UP
0.0,0.0,0.0,-0.1740653308727343,-0.6328407749111681,-0.002353243712308444,-0.4430002102538057,-1.151220274979618,-0.05555834980343461,-0.7247556319318397,-1.57494914249317,-0.10283950864403534,-0.8520395669919141,-1.96966250061071,-0.15101086191700364,-0.9793292781985173,-1.0163102861958726,-0.12205447378744091,-1.2561686215659449,-0.8511252029964154,-0.07657036438421916,-1.1035880527832755,-0.7380621406900865,-0.03403270944304021,-0.9464587686092275,-0.7179831001268979,-0.01449970124821546,-1.0779519741830088,-0.5717364610894218,-0.13247880576423493,-1.2534174429743086,-0.49207184816510896,-0.04805601993504509,-1.0833391935121424,-0.4149394978789936,-0.004221449370917483,-0.9161068514446838,-0.40091693948940127,-0.0037208018705393786,-1.091109073284379,-0.10670352497819173,-0.12101315490469601,-1.208999646321207,-0.11454868719351959,-0.030284947020160033,-1.0580983958726586,-0.055887298276992896,0.029468581843335468,-0.8858768109718965,-0.039050986375036185,0.03177604708722733,-1.0657756647622179,0.3274100838411552,-0.10857184069462213,-1.1552666581612145,0.2717037714887294,-0.04067967624599429,-1.000202538909407,0.2840450861620245,0.03362000966469436,-0.8572854632693112,0.27763895458522214,0.08295435995712694,0.0,0.0,0.0,0.0,0.0,0.0,0.0,0.0,0.0,0.0,0.0,0.0,0.0,0.0,0.0,0.0,0.0,0.0,0.0,0.0,0.0,0.0,0.0,0.0,0.0,0.0,0.0,0.0,0.0,0.0,0.0,0.0,0.0,0.0,0.0,0.0,0.0,0.0,0.0,0.0,0.0,0.0,0.0,0.0,0.0,0.0,0.0,0.0,0.0,0.0,0.0,0.0,0.0,0.0,0.0,0.0,0.0,0.0,0.0,0.0,0.0,0.0,0.0,THUMBS_UP
0.0,0.0,0.0,-0.17944811374261369,-0.7552929600819904,-0.060104921666357086,-0.4942284541348808,-1.3583269410729804,-0.13649231028956543,-0.8539699476242143,-1.7935919132158664,-0.20373395902041558,-1.0575292467967623,-2.2315114361369774,-0.2678513629934303,-1.2214133124891249,-1.094628879311784,-0.1307234518231198,-1.238480250055603,-1.0121615349670612,-0.1504056429530461,-1.0135093679252256,-0.9038607620404414,-0.1831703211115955,-0.8583456480666866,-0.8238760722050621,-0.21232434383924806,-1.3437562172635185,-0.5725401077654964,-0.1302450782847675,-1.2874770289156112,-0.5457269141904828,-0.07874137632242915,-1.0790252470062305,-0.4680682914235829,-0.08244956402325322,-0.9093290754082731,-0.3982797184429089,-0.12039060799818377,-1.3491383637993664,-0.05322835762157342,-0.11933479093445198,-1.2580930457213824,-0.06765714672555935,-0.06502852779729304,-1.0788802505351511,-0.03189266271120208,-0.0322373359787911,-0.9006389098353983,0.009818644895303631,-0.04497197773080531,-1.3050583431034755,0.42353359853557393,-0.1155244919838919,-1.2427802811481603,0.3800740227694759,-0.0732519654759859,-1.0598682170202849,0.36544928066686666,-0.01222435883490548,-0.9144693424614452,0.37462714176086864,0.033394401542823485,0.0,0.0,0.0,0.0,0.0,0.0,0.0,0.0,0.0,0.0,0.0,0.0,0.0,0.0,0.0,0.0,0.0,0.0,0.0,0.0,0.0,0.0,0.0,0.0,0.0,0.0,0.0,0.0,0.0,0.0,0.0,0.0,0.0,0.0,0.0,0.0,0.0,0.0,0.0,0.0,0.0,0.0,0.0,0.0,0.0,0.0,0.0,0.0,0.0,0.0,0.0,0.0,0.0,0.0,0.0,0.0,0.0,0.0,0.0,0.0,0.0,0.0,0.0,THUMBS_UP
0.0,0.0,0.0,-0.17786159083198871,-0.780059774107906,-0.020495858259465684,-0.5566703466378583,-1.3861901727429142,-0.04257549476690621,-0.9325669800797697,-1.8273836963373271,-0.06240157247073654,-1.117848423463997,-2.282100193893333,-0.08713591022771137,-1.2870528156911523,-1.178925124239565,0.020010974642798125,-1.206291644969376,-1.0379818241553,0.034639183598006405,-0.9989260925590853,-0.9029565580052139,-0.020109321302846747,-0.8649457204759955,-0.8206629193058255,-0.06852540656565438,-1.4216384855499928,-0.694286187630664,0.023546560687696703,-1.248834472250619,-0.5686965921577133,0.12503281243189684,-1.048859530954125,-0.4794045025245236,0.09568275422995076,-0.9086353536522871,-0.4161884114712348,0.03419064565394077,-1.4345210720097048,-0.2012603732700826,0.03443661894828018,-1.2773372936179639,-0.12816197564286164,0.11714566544811046,-1.09362568227158,-0.08451078954304021,0.1205187601363237,-0.9477606148910197,-0.05210434444530354,0.08745407130647194,-1.3906161352051807,0.27500251574952445,0.04088732426613474,-1.3245791117552232,0.2980166108196694,0.10418854039577712,-1.137397408078757,0.2841912587242604,0.16324189608359005,-1.0023401929496323,0.2892563090689217,0.20649342211596391,0.0,0.0,0.0,0.0,0.0,0.0,0.0,0.0,0.0,0.0,0.0,0.0,0.0,0.0,0.0,0.0,0.0,0.0,0.0,0.0,0.0,0.0,0.0,0.0,0.0,0.0,0.0,0.0,0.0,0.0,0.0,0.0,0.0,0.0,0.0,0.0,0.0,0.0,0.0,0.0,0.0,0.0,0.0,0.0,0.0,0.0,0.0,0.0,0.0,0.0,0.0,0.0,0.0,0.0,0.0,0.0,0.0,0.0,0.0,0.0,0.0,0.0,0.0,THUMBS_UP
0.0,0.0,0.0,-0.15964693987026357,-0.7422597990563998,-0.00032493034478581965,-0.49765462065367433,-1.3624097722592148,-0.03751005277558168,-0.8161381121054563,-1.815254569215004,-0.07691595157553299,-0.9299008938862191,-2.256518814717506,-0.12210466699867016,-1.2379438754348768,-1.142295261001823,-0.052370423702054525,-1.2328712380963085,-0.9191939794491223,-0.04917342262662021,-1.0243095650688707,-0.79573559238917,-0.09169998542261408,-0.8606522535898806,-0.7641367069527335,-0.13368787244007846,-1.3739317683535244,-0.6387182798232018,-0.07865872779646471,-1.283258683230506,-0.4718100284522959,0.004212323682856443,-1.0891020754989256,-0.3863053477339592,-0.006651098354419192,-0.9300834882689838,-0.36306915093190356,-0.05590614001150546,-1.3790289900031136,-0.12726135648115666,-0.08914341961763404,-1.2944348227674982,-0.05009612104859921,-0.016045710824837266,-1.1102967687644278,-0.003997855959479556,0.0158725209704628,-0.9425182327833802,0.003937065663136844,-0.0008639746751814165,-1.3236300330672954,0.36347680350737827,-0.10246258472100916,-1.2773985657111895,0.37641128001670965,-0.04744718494219349,-1.0795241396720316,0.37445481584691515,0.02939641855883518,-0.937195505953608,0.3673611246486883,0.0846341561925362,0.0,0.0,0.0,0.0,0.0,0.0,0.0,0.0,0.0,0.0,0.0,0.0,0.0,0.0,0.0,0.0,0.0,0.0,0.0,0.0,0.0,0.0,0.0,0.0,0.0,0.0,0.0,0.0,0.0,0.0,0.0,0.0,0.0,0.0,0.0,0.0,0.0,0.0,0.0,0.0,0.0,0.0,0.0,0.0,0.0,0.0,0.0,0.0,0.0,0.0,0.0,0.0,0.0,0.0,0.0,0.0,0.0,0.0,0.0,0.0,0.0,0.0,0.0,THUMBS_UP
0.0,0.0,0.0,-0.11848937982243735,-0.7953216381842796,-0.040034705764440966,-0.45172017766778605,-1.4633833027562626,-0.09616671087309943,-0.7470537173485944,-1.9774234449759043,-0.15448035761495846,-0.8485596315359526,-2.4501409173859447,-0.21793260957097857,-1.2715938075968836,-1.2585385878041542,-0.07568866300021623,-1.2119018215644861,-1.0440567810222643,-0.11473021526365389,-0.9933522083883347,-0.8902951300424484,-0.2012046418475134,-0.8172270520071012,-0.8240115417636951,-0.2726927624184804,-1.4450783690807134,-0.7326856138550281,-0.0965347644348632,-1.2766528450872496,-0.5191610910079668,-0.046638733354669094,-1.0704440005280105,-0.4198954293333108,-0.08965665985325671,-0.9075147950831864,-0.38776242516656056,-0.1614224220301182,-1.474561673747419,-0.17685040301446775,-0.10804817667410016,-1.3095832823796023,-0.047938594351583735,-0.06860015267739737,-1.1160347779899757,-0.0010353233860374812,-0.06511263870030438,-0.9485031959101096,0.00741947075792991,-0.09851430014765182,-1.4398616918989053,0.37308112334214266,-0.12698328704727027,-1.3110007389450593,0.4461099215203814,-0.1109400017006298,-1.1002991631797263,0.4370396562378802,-0.06254166962577615,-0.9522725014034972,0.4247255511001309,-0.02208584537552863,0.0,0.0,0.0,0.0,0.0,0.0,0.0,0.0,0.0,0.0,0.0,0.0,0.0,0.0,0.0,0.0,0.0,0.0,0.0,0.0,0.0,0.0,0.0,0.0,0.0,0.0,0.0,0.0,0.0,0.0,0.0,0.0,0.0,0.0,0.0,0.0,0.0,0.0,0.0,0.0,0.0,0.0,0.0,0.0,0.0,0.0,0.0,0.0,0.0,0.0,0.0,0.0,0.0,0.0,0.0,0.0,0.0,0.0,0.0,0.0,0.0,0.0,0.0,THUMBS_UP
0.0,0.0,0.0,-0.07447766304592067,-0.8679966496502415,-0.04886114090391021,-0.4652651280834874,-1.5463158117558788,-0.08663846476657407,-0.8557393682117068,-2.0268642106844426,-0.1190054741730704,-1.0078433135276084,-2.53218924074134,-0.15755993618539432,-1.3119519602427308,-1.2622735834165806,-0.0801691389747099,-1.19289521604836,-1.0331771137434047,-0.11041088156162368,-0.9515176405501707,-0.8949070980681516,-0.1996543201805248,-0.7951394833705057,-0.8486190922159732,-0.2778058534373715,-1.5091651889276414,-0.7007579339595842,-0.08780649002713356,-1.2767757651736715,-0.5053035442605026,-0.015822682089841236,-1.0502122808849985,-0.41248841172007844,-0.054162318111128434,-0.913047541348096,-0.385448756200039,-0.1333170791085677,-1.539744227458554,-0.12839765763654157,-0.08614216296711263,-1.3380979820270027,-0.02897922367078123,-0.047616841979660915,-1.1151156099660107,0.005095787792574277,-0.03738754977807314,-0.9646472160899583,0.005322046383180777,-0.07071581791151968,-1.5061777862574823,0.4383207701093623,-0.09021635229777211,-1.3949855012720704,0.4763018116601649,-0.07420638742195254,-1.1559264916800769,0.4334518255549155,-0.0118428288339777,-1.0024065300684417,0.398063111111992,0.03474462617033576,0.0,0.0,0.0,0.0,0.0,0.0,0.0,0.0,0.0,0.0,0.0,0.0,0.0,0.0,0.0,0.0,0.0,0.0,0.0,0.0,0.0,0.0,0.0,0.0,0.0,0.0,0.0,0.0,0.0,0.0,0.0,0.0,0.0,0.0,0.0,0.0,0.0,0.0,0.0,0.0,0.0,0.0,0.0,0.0,0.0,0.0,0.0,0.0,0.0,0.0,0.0,0.0,0.0,0.0,0.0,0.0,0.0,0.0,0.0,0.0,0.0,0.0,0.0,THUMBS_UP
0.0,0.0,0.0,-0.10221585200480672,-0.7950561578181162,-0.0004577102518278801,-0.4470000090521505,-1.4241237200733174,-0.011770811642600177,-0.787690522435765,-1.886187873533087,-0.029045572707075914,-0.9306930680917048,-2.294660230251617,-0.05096332238697196,-1.289146252117724,-1.1374568937278653,0.0037514471158497133,-1.2685506447897996,-1.0186982390626382,0.015014451572752786,-1.042352472265748,-0.902188165200101,-0.0374559833530558,-0.8645394827010264,-0.8672646617544009,-0.08916926463223634,-1.438692351326737,-0.586918565666828,-0.017507009138225043,-1.2738585679412928,-0.473395327022954,0.08734515232356513,-1.059961244375009,-0.3994254443442107,0.07196198012569695,-0.9242343450150012,-0.3816182090427674,0.01258642211600811,-1.4232854459402728,-0.037270671018224795,-0.028636345366282432,-1.2729824640012186,0.0025024990529042045,0.04692721868768961,-1.0719147469227768,0.016075375272045653,0.058112531656132276,-0.9216270975191474,0.010313494436196015,0.023712658476177675,-1.3459204813753374,0.4946278793972685,-0.04266223218121652,-1.2285466269189553,0.5072260649065007,0.006258761655109808,-1.018324239834049,0.4554215832526906,0.0646913267552902,-0.880759012465011,0.41425071644759304,0.10461510405888014,0.0,0.0,0.0,0.0,0.0,0.0,0.0,0.0,0.0,0.0,0.0,0.0,0.0,0.0,0.0,0.0,0.0,0.0,0.0,0.0,0.0,0.0,0.0,0.0,0.0,0.0,0.0,0.0,0.0,0.0,0.0,0.0,0.0,0.0,0.0,0.0,0.0,0.0,0.0,0.0,0.0,0.0,0.0,0.0,0.0,0.0,0.0,0.0,0.0,0.0,0.0,0.0,0.0,0.0,0.0,0.0,0.0,0.0,0.0,0.0,0.0,0.0,0.0,THUMBS_UP
0.0,0.0,0.0,-0.23502206455155228,-0.524743133044256,0.0542822512150641,-0.5448325172921905,-1.0082997705776375,0.017224142548319818,-0.7840785670125233,-1.38467191271704,-0.040527102385816346,-0.8541079730906062,-1.7599527407959015,-0.1095514215641576,-1.0473911104656182,-0.9720094435445146,-0.04784037110821104,-1.3754339003400329,-0.4718274522438464,-0.08376021026817003,-1.235416533012166,-0.2404732549967383,-0.11486672079347929,-1.0865293746664084,-0.21602279884026573,-0.1429718810381966,-1.1035076072361818,-0.6714721715087427,-0.11860523608798931,-1.332027018078448,-0.08922294442202003,-0.11881104054486012,-1.1524774614269702,0.03989941441281637,-0.11470177585633455,-0.9901322906150689,-0.039918144287143714,-0.13433014865631424,-1.0940785102902393,-0.2910064559319133,-0.17726948144865326,-1.2534699400699219,0.20310576093581093,-0.16108441671517185,-1.060418535076215,0.2695340497934885,-0.11768445852946859,-0.9016410068157086,0.16263388983211732,-0.11992905463901682,-1.0454720953629943,0.10232668330780165,-0.23676119123729616,-1.0994657402071373,0.4869801198286502,-0.2513067319383189,-0.8922053344883534,0.5114774006709412,-0.22281993805080805,-0.7554370025943341,0.39704902675387077,-0.20069750315555848,0.0,0.0,0.0,0.0,0.0,0.0,0.0,0.0,0.0,0.0,0.0,0.0,0.0,0.0,0.0,0.0,0.0,0.0,0.0,0.0,0.0,0.0,0.0,0.0,0.0,0.0,0.0,0.0,0.0,0.0,0.0,0.0,0.0,0.0,0.0,0.0,0.0,0.0,0.0,0.0,0.0,0.0,0.0,0.0,0.0,0.0,0.0,0.0,0.0,0.0,0.0,0.0,0.0,0.0,0.0,0.0,0.0,0.0,0.0,0.0,0.0,0.0,0.0,THUMBS_UP
0.0,0.0,0.0,-0.2161588296650055,-0.6466522413429749,0.005577927741035056,-0.5221114552687985,-1.1864017709735433,-0.05116124859394884,-0.7959309869469877,-1.6036069227427279,-0.1161624733523382,-0.8849727561132794,-2.037556324774725,-0.1967939844364161,-1.1285944666776302,-1.034176667079246,-0.09914278152729139,-1.3511925511404101,-0.6238577332738708,-0.10489861436034836,-1.213478415175432,-0.42237037752415796,-0.1262500445462496,-1.0799090140405971,-0.3850004946651211,-0.15248578306382374,-1.215883960302788,-0.6351060336641153,-0.13909154575522387,-1.3278878998420027,-0.23043588823387479,-0.10108653968736009,-1.1520739365977024,-0.12354155963665929,-0.10725905551656627,-0.9781494457309537,-0.1562694458083728,-0.13712593526744704,-1.2008620312792686,-0.188599236241628,-0.15908305191546432,-1.2436281867265906,0.12013576574066559,-0.11367769756311664,-1.0654135855443145,0.18022470863208787,-0.07994746684396753,-0.8933321532222309,0.11957103002950904,-0.08792783468986463,-1.1395642840705555,0.25099169561454543,-0.18178437450290302,-1.1409697848954976,0.4447618826654236,-0.16186692345322903,-0.9532342139847622,0.46619975733716207,-0.1098233686669898,-0.8097551528293212,0.41004719819345375,-0.0679516315485894,0.0,0.0,0.0,0.0,0.0,0.0,0.0,0.0,0.0,0.0,0.0,0.0,0.0,0.0,0.0,0.0,0.0,0.0,0.0,0.0,0.0,0.0,0.0,0.0,0.0,0.0,0.0,0.0,0.0,0.0,0.0,0.0,0.0,0.0,0.0,0.0,0.0,0.0,0.0,0.0,0.0,0.0,0.0,0.0,0.0,0.0,0.0,0.0,0.0,0.0,0.0,0.0,0.0,0.0,0.0,0.0,0.0,0.0,0.0,0.0,0.0,0.0,0.0,THUMBS_UP
0.0,0.0,0.0,-0.18630647206573014,-0.6053059799921197,0.032682655727586406,-0.47653501758345457,-1.1546556298880537,-0.015874576439250825,-0.7178375966374396,-1.6020046187614874,-0.07367122948582674,-0.7798317957228171,-2.018605114859862,-0.14154361867996287,-1.0151678123536854,-1.016742740574582,-0.09524838622864114,-1.3517630176655104,-0.6624068867573079,-0.09506459427924319,-1.17574633429994,-0.5126259953964296,-0.08692439539671619,-1.0177170704015464,-0.5580817089778547,-0.08664665124923268,-1.0784660133574198,-0.6001075574068021,-0.13804291799055607,-1.347684629922931,-0.2953098630107888,-0.1111471899972287,-1.1563447645603062,-0.19392410034398075,-0.08343502960098508,-0.9642727025070091,-0.2522350930624516,-0.08096674025552351,-1.0734293349341746,-0.14978630215722,-0.16114192159283422,-1.264952974129692,0.06600282620369378,-0.11401229120386784,-1.076191159981175,0.14322764402013666,-0.05904407155657952,-0.8862915326590829,0.08882749760037802,-0.049354219997897374,-1.0328603434202381,0.27743317162589065,-0.18211892681552153,-1.110249031068745,0.40769113681489927,-0.13778443168853438,-0.9130498529962052,0.44536921714053973,-0.07394723444877183,-0.760155434826114,0.38746789900222844,-0.02927476383198822,0.0,0.0,0.0,0.0,0.0,0.0,0.0,0.0,0.0,0.0,0.0,0.0,0.0,0.0,0.0,0.0,0.0,0.0,0.0,0.0,0.0,0.0,0.0,0.0,0.0,0.0,0.0,0.0,0.0,0.0,0.0,0.0,0.0,0.0,0.0,0.0,0.0,0.0,0.0,0.0,0.0,0.0,0.0,0.0,0.0,0.0,0.0,0.0,0.0,0.0,0.0,0.0,0.0,0.0,0.0,0.0,0.0,0.0,0.0,0.0,0.0,0.0,0.0,THUMBS_UP
0.0,0.0,0.0,-0.2057736702331532,-0.5869666244837717,0.02040956564777985,-0.5131976928384682,-1.0880189529136275,-0.026595607115609904,-0.7319276105023894,-1.5276919742724009,-0.0800020227388873,-0.7709785357911422,-1.9146427546505929,-0.13494972179946602,-0.9142637756183524,-0.9749320629394064,-0.11145219539762405,-1.3238047414922889,-0.7721961254840735,-0.13488942639687984,-1.165982985428079,-0.6510936897299938,-0.13546159487010115,-0.9993793341832088,-0.6881244080136835,-0.1371235191918129,-0.9658212262373806,-0.573679411276122,-0.15219223539858862,-1.3008044755665753,-0.4105169944086139,-0.14802759324915948,-1.1151016361514265,-0.31582704462854594,-0.11186920257693717,-0.9314959254509524,-0.35024444904095653,-0.09820471874747524,-0.971738799862766,-0.15404010938422458,-0.1802892077089185,-1.2295557420388104,-0.05515084153601687,-0.15195031577842025,-1.052808883778706,-0.0028400304890817277,-0.08435822588102317,-0.8756453662582052,-0.03486948814433855,-0.06003940524701417,-0.9376985817281878,0.237823370443571,-0.20716680855974298,-1.0718618514480338,0.27636890660513863,-0.17775146604357367,-0.8932479548502508,0.29670255326431605,-0.10987705048816741,-0.746283293246618,0.2592679960051654,-0.060214687851612304,0.0,0.0,0.0,0.0,0.0,0.0,0.0,0.0,0.0,0.0,0.0,0.0,0.0,0.0,0.0,0.0,0.0,0.0,0.0,0.0,0.0,0.0,0.0,0.0,0.0,0.0,0.0,0.0,0.0,0.0,0.0,0.0,0.0,0.0,0.0,0.0,0.0,0.0,0.0,0.0,0.0,0.0,0.0,0.0,0.0,0.0,0.0,0.0,0.0,0.0,0.0,0.0,0.0,0.0,0.0,0.0,0.0,0.0,0.0,0.0,0.0,0.0,0.0,THUMBS_UP
0.0,0.0,0.0,-0.2103693464131815,-0.5826839604460404,0.009555914044719109,-0.5075639996726632,-1.050762576014369,-0.040416786571026785,-0.7231875128942857,-1.4788158997680654,-0.09380753841250034,-0.7886375496120414,-1.8559733223539001,-0.14792446946327156,-0.9155088497436225,-0.9219870744778225,-0.1274933909067908,-1.2878902427140568,-0.7757705839199924,-0.13801959832368324,-1.134687673601765,-0.6790816940991018,-0.130511162398455,-0.9727333908255149,-0.7044667055343676,-0.12735040050670723,-0.9599295312294748,-0.5086571708807742,-0.1557641706557103,-1.252645988935143,-0.4312166420266481,-0.13436459925441374,-1.080231787271753,-0.37488293197201294,-0.09351428496866289,-0.9123398552609767,-0.40152472301244985,-0.08008673618119004,-0.9536456332036195,-0.09271320577233275,-0.16881900428073532,-1.1810793354301585,-0.10149430216882423,-0.13032396225485468,-1.024353175676695,-0.06412247143875462,-0.06217000983493513,-0.8567630844637598,-0.06902504714086055,-0.03908218863516226,-0.9145402212540896,0.28059407716758605,-0.18087000439507453,-1.0270513786494333,0.2110204410545427,-0.14354092261926227,-0.8756588526401257,0.2247415093581824,-0.07304471461519525,-0.7454829967826206,0.22173278432571789,-0.02260982027775487,0.0,0.0,0.0,0.0,0.0,0.0,0.0,0.0,0.0,0.0,0.0,0.0,0.0,0.0,0.0,0.0,0.0,0.0,0.0,0.0,0.0,0.0,0.0,0.0,0.0,0.0,0.0,0.0,0.0,0.0,0.0,0.0,0.0,0.0,0.0,0.0,0.0,0.0,0.0,0.0,0.0,0.0,0.0,0.0,0.0,0.0,0.0,0.0,0.0,0.0,0.0,0.0,0.0,0.0,0.0,0.0,0.0,0.0,0.0,0.0,0.0,0.0,0.0,THUMBS_UP
0.0,0.0,0.0,-0.18209230591435618,-0.5553206023051819,0.030170441140460153,-0.48183917376166724,-1.037627314651426,-0.011911383613615184,-0.6506023910828108,-1.4443036165382086,-0.07162307202945914,-0.6636875055455893,-1.7953453388204876,-0.1376305016460199,-0.7650498078828782,-0.9752980472284092,-0.1101302977521085,-1.1926406900527398,-0.8350151201939595,-0.18100494945305937,-1.0792570883799706,-0.7152545936627791,-0.21861062188109737,-0.9205200460380936,-0.7268224841895764,-0.23939438398902563,-0.7956159670865265,-0.6038444506898529,-0.1717642133912929,-1.1885496489389362,-0.5200168862418306,-0.21666673758718766,-1.0492909736592817,-0.43085611638142385,-0.2029155808132121,-0.8721456592828776,-0.44816257989124947,-0.19624538460624827,-0.8032287763431211,-0.21117169869895003,-0.22423354657337216,-1.1231727458531227,-0.18648289827710982,-0.24707609552779153,-0.9806375325411908,-0.1181092267217174,-0.17563123868311262,-0.8082583485712972,-0.12551888120046018,-0.13450526015159497,-0.7923086575423025,0.16744695019787514,-0.27514324686709984,-0.9971250970392119,0.1518906949287696,-0.28145550837610783,-0.859139043575065,0.18342584276371718,-0.20979878339177593,-0.7248094621172304,0.1710820705428368,-0.15322353358182694,0.0,0.0,0.0,0.0,0.0,0.0,0.0,0.0,0.0,0.0,0.0,0.0,0.0,0.0,0.0,0.0,0.0,0.0,0.0,0.0,0.0,0.0,0.0,0.0,0.0,0.0,0.0,0.0,0.0,0.0,0.0,0.0,0.0,0.0,0.0,0.0,0.0,0.0,0.0,0.0,0.0,0.0,0.0,0.0,0.0,0.0,0.0,0.0,0.0,0.0,0.0,0.0,0.0,0.0,0.0,0.0,0.0,0.0,0.0,0.0,0.0,0.0,0.0,THUMBS_UP
0.0,0.0,0.0,-0.17794730674121648,-0.5308434616730003,0.03454533726597833,-0.46813721233210137,-1.0159498909234919,-0.023850477992703678,-0.6493647100331184,-1.422396428017033,-0.09399117887369154,-0.6357729384510624,-1.7928759997787989,-0.1700959539694328,-0.67882072018374,-1.0138384969552177,-0.1749038309223553,-1.179619121282031,-0.8579946822750183,-0.2660358881775482,-1.055462061756803,-0.7332997435372718,-0.2933471958262283,-0.8835922086260022,-0.7544665989047066,-0.3014105867129176,-0.6995793688407014,-0.67601851485928,-0.24005962944320947,-1.1795749279629486,-0.5422566770715972,-0.296221724098858,-1.0299668778289577,-0.4437279629225025,-0.25544715438808574,-0.8499043974277032,-0.472134672490433,-0.23399009864822135,-0.7140654736431391,-0.30779948951769215,-0.2941536148699153,-1.1145409699866868,-0.2201580321210075,-0.3264194260717142,-0.9596573423872128,-0.14565769074994467,-0.2300996691845428,-0.7880622437730768,-0.17389983835339665,-0.17536204586231682,-0.7223470690427987,0.06495109550298193,-0.34437263486030256,-1.0115196560582234,0.09706364747240313,-0.3577925031534929,-0.8586808417028795,0.12998040155091922,-0.2766927836199214,-0.711650250606172,0.10192142362524373,-0.21605458899318006,0.0,0.0,0.0,0.0,0.0,0.0,0.0,0.0,0.0,0.0,0.0,0.0,0.0,0.0,0.0,0.0,0.0,0.0,0.0,0.0,0.0,0.0,0.0,0.0,0.0,0.0,0.0,0.0,0.0,0.0,0.0,0.0,0.0,0.0,0.0,0.0,0.0,0.0,0.0,0.0,0.0,0.0,0.0,0.0,0.0,0.0,0.0,0.0,0.0,0.0,0.0,0.0,0.0,0.0,0.0,0.0,0.0,0.0,0.0,0.0,0.0,0.0,0.0,THUMBS_UP
0.0,0.0,0.0,-0.1790089313527043,-0.5492041471892223,0.049870061875170534,-0.4412460186399628,-1.0490451662676927,0.003399472081779678,-0.631046298058154,-1.4676686249138002,-0.05390604723292613,-0.6481107552995329,-1.8508214118351791,-0.11884319905498048,-0.8223930909221571,-1.0585897338844712,-0.12074698567182539,-1.241114806941581,-0.777461466364946,-0.14093885588478092,-1.105104838423709,-0.6281488257433914,-0.1307645269171414,-0.9522090042420169,-0.6680366784892311,-0.12516417669470492,-0.8700946452427741,-0.714242128277057,-0.1781431641413732,-1.249086136387232,-0.44007445149004687,-0.16681683148291862,-1.0904664101391293,-0.33080169049487035,-0.11383503353931408,-0.9181127355315012,-0.38460544377199524,-0.09564338699466067,-0.8869616275677485,-0.3239683222571214,-0.21786656781025182,-1.1905973947368058,-0.10993623830750432,-0.18390836351150908,-1.0313497174579327,-0.026460678628411075,-0.09951407138731076,-0.8697688276335365,-0.07795138292522115,-0.07171037529410312,-0.8822667174401385,0.06597806587062353,-0.2540155394681607,-1.080608667148442,0.19530941351230485,-0.22415403952564714,-0.912799476070839,0.24448802899857194,-0.148458345438643,-0.7714119167175929,0.205110186429864,-0.09828266365671984,0.0,0.0,0.0,0.0,0.0,0.0,0.0,0.0,0.0,0.0,0.0,0.0,0.0,0.0,0.0,0.0,0.0,0.0,0.0,0.0,0.0,0.0,0.0,0.0,0.0,0.0,0.0,0.0,0.0,0.0,0.0,0.0,0.0,0.0,0.0,0.0,0.0,0.0,0.0,0.0,0.0,0.0,0.0,0.0,0.0,0.0,0.0,0.0,0.0,0.0,0.0,0.0,0.0,0.0,0.0,0.0,0.0,0.0,0.0,0.0,0.0,0.0,0.0,THUMBS_UP
0.0,0.0,0.0,-0.19299769936523317,-0.48457784379644003,0.065715426426623,-0.4736715607506003,-0.9522143441816096,0.028213057151815456,-0.6533071231680192,-1.36070164060742,-0.027631683335838122,-0.6497067241308686,-1.7139929519241128,-0.08619412476208213,-0.706349065855706,-1.0730884536604357,-0.11452923522254288,-1.1974429683625984,-0.8206286310235703,-0.1978854281160324,-1.0780735316160717,-0.6456802812846211,-0.21113701656089448,-0.9238038721983133,-0.6755635640618349,-0.21196895296461862,-0.7039924516608932,-0.7868359761003101,-0.19629905435824915,-1.188482163581901,-0.5004670124627058,-0.25597476588769247,-1.0428111351681875,-0.37620165272574013,-0.20913936071776001,-0.8801179392518037,-0.4377901949951602,-0.18366316498758845,-0.7002380045363368,-0.43937569181885955,-0.26971917301824877,-1.112466301764084,-0.18950136317270588,-0.3068846443144263,-0.9527985284371706,-0.09923225322214693,-0.2131314752485147,-0.7997621306527433,-0.16788552262718237,-0.16251478511716627,-0.6889056776814001,-0.07020924278124335,-0.33809966111480966,-0.9812632241779883,0.12326550872563387,-0.36020965401661337,-0.828220103232251,0.16186960865591682,-0.29800451746944795,-0.6960290132449564,0.08976048818189435,-0.2518824250989315,0.0,0.0,0.0,0.0,0.0,0.0,0.0,0.0,0.0,0.0,0.0,0.0,0.0,0.0,0.0,0.0,0.0,0.0,0.0,0.0,0.0,0.0,0.0,0.0,0.0,0.0,0.0,0.0,0.0,0.0,0.0,0.0,0.0,0.0,0.0,0.0,0.0,0.0,0.0,0.0,0.0,0.0,0.0,0.0,0.0,0.0,0.0,0.0,0.0,0.0,0.0,0.0,0.0,0.0,0.0,0.0,0.0,0.0,0.0,0.0,0.0,0.0,0.0,THUMBS_UP
0.0,0.0,0.0,-0.1903135783385021,-0.5844630995911956,0.04421392488759018,-0.48405607920484006,-1.082010523248088,0.012015982402757171,-0.6969224920923509,-1.4927927035120039,-0.034419114515197656,-0.753756177255101,-1.856735551166099,-0.0863643961802856,-0.8692633721951423,-1.00612566351231,-0.08464640272487076,-1.268976939896296,-0.8487151001988237,-0.12217647952934162,-1.1295857555871,-0.7155812470430598,-0.14285659646256227,-0.9558721597218145,-0.730514575494854,-0.15322092234082238,-0.9299992684449127,-0.6058431927669808,-0.13631730782004126,-1.2467475578986076,-0.5024181854003807,-0.12983910886882094,-1.0801074537212778,-0.4081697136378174,-0.0973349979519208,-0.9010394231167677,-0.42508351134238953,-0.08620885322417311,-0.9430147702237003,-0.1895805396886752,-0.17528735457496425,-1.1828756174990231,-0.15964822854282643,-0.15215863368938362,-1.0243444145733733,-0.09664003294509224,-0.08141130311350381,-0.8504130755101318,-0.10179599912629049,-0.05179027081450821,-0.9201667927507677,0.19849024199618504,-0.21138282595279156,-1.0488680810551954,0.1884415289353287,-0.18799146927527802,-0.8868316041585779,0.222091135091372,-0.11569866644737768,-0.7465128278027647,0.21596270309246993,-0.05995857240306151,0.0,0.0,0.0,0.0,0.0,0.0,0.0,0.0,0.0,0.0,0.0,0.0,0.0,0.0,0.0,0.0,0.0,0.0,0.0,0.0,0.0,0.0,0.0,0.0,0.0,0.0,0.0,0.0,0.0,0.0,0.0,0.0,0.0,0.0,0.0,0.0,0.0,0.0,0.0,0.0,0.0,0.0,0.0,0.0,0.0,0.0,0.0,0.0,0.0,0.0,0.0,0.0,0.0,0.0,0.0,0.0,0.0,0.0,0.0,0.0,0.0,0.0,0.0,THUMBS_UP
0.0,0.0,0.0,-0.17704179953911495,-0.6066410970417738,0.014538964385825592,-0.43640122240753504,-1.099512957610896,-0.03658801757078576,-0.6982102607599829,-1.51040424349095,-0.0889888726804279,-0.8080591240457553,-1.9030909491484789,-0.14489672321603814,-0.9707696022231698,-1.047282608794223,-0.10210842098909713,-1.2832382372981275,-0.8382409566813083,-0.07688690012127607,-1.1457759310884013,-0.6786518849727141,-0.05626901827573604,-1.004201993885679,-0.6579845104336984,-0.05137890438279433,-1.0701108176509249,-0.6254229101261706,-0.12832887161769327,-1.297416025261636,-0.47652417784060946,-0.07360776979737908,-1.1222347473954606,-0.3650450929791856,-0.044703779408539965,-0.9331931266927249,-0.35687882944359534,-0.0422858059923765,-1.0858618287396833,-0.16890288208088503,-0.13260051216952112,-1.188990475881849,-0.06642790502887559,-0.06226018243709545,-1.0325285763812777,0.018516589081082415,-0.011760255506643082,-0.8554559713212808,0.013888183120137846,-0.005845502833660918,-1.0676824530342435,0.25668346093684324,-0.1356447092128425,-1.1274020028687288,0.29182811240708506,-0.08046986430921836,-0.9606604493117474,0.3329131226099458,-0.013919078250585144,-0.8125188409511757,0.3110609710325221,0.0355611223611071,0.0,0.0,0.0,0.0,0.0,0.0,0.0,0.0,0.0,0.0,0.0,0.0,0.0,0.0,0.0,0.0,0.0,0.0,0.0,0.0,0.0,0.0,0.0,0.0,0.0,0.0,0.0,0.0,0.0,0.0,0.0,0.0,0.0,0.0,0.0,0.0,0.0,0.0,0.0,0.0,0.0,0.0,0.0,0.0,0.0,0.0,0.0,0.0,0.0,0.0,0.0,0.0,0.0,0.0,0.0,0.0,0.0,0.0,0.0,0.0,0.0,0.0,0.0,THUMBS_UP
0.0,0.0,0.0,-0.19457912115295278,-0.6956841168440395,-0.003381376831886055,-0.4756258211622809,-1.2477531602719185,-0.06247224936097085,-0.768304285203286,-1.6899231757002107,-0.12357750629236526,-0.8895455843321709,-2.112154652411108,-0.1910383517108784,-1.1081759809672216,-1.0687606865020407,-0.08703960554024567,-1.2420166798526642,-0.9053389038135323,-0.07909916094786,-1.052118643734702,-0.8007077348485743,-0.10415480489105766,-0.9018028733819148,-0.7677302382538179,-0.13227886702235242,-1.2074916119484056,-0.5907467388511058,-0.10919157061266133,-1.256967164683202,-0.5089387800048072,-0.043410422754904525,-1.0797021505289637,-0.43786105414380044,-0.050886893947871624,-0.9097261269587721,-0.4056787132507229,-0.08844860396767101,-1.203516023395984,-0.10954039112314887,-0.11254501773777921,-1.2154137257894266,-0.11084272927190898,-0.03630665705260278,-1.0569720188369223,-0.0689411010801937,-0.004958246624129312,-0.8819919850781677,-0.05213721582412344,-0.01802034054535225,-1.1549053402048437,0.3292738620916082,-0.11763399760737593,-1.1992408742746312,0.30706382985279096,-0.053794217598879625,-1.0401597755180536,0.28754699339476736,0.017701374301268346,-0.8898905443785753,0.26119212183186236,0.06899144139634437,0.0,0.0,0.0,0.0,0.0,0.0,0.0,0.0,0.0,0.0,0.0,0.0,0.0,0.0,0.0,0.0,0.0,0.0,0.0,0.0,0.0,0.0,0.0,0.0,0.0,0.0,0.0,0.0,0.0,0.0,0.0,0.0,0.0,0.0,0.0,0.0,0.0,0.0,0.0,0.0,0.0,0.0,0.0,0.0,0.0,0.0,0.0,0.0,0.0,0.0,0.0,0.0,0.0,0.0,0.0,0.0,0.0,0.0,0.0,0.0,0.0,0.0,0.0,THUMBS_UP
0.0,0.0,0.0,-0.1701387274605364,-0.7143237348555663,-0.004286640548347242,-0.4445108571117051,-1.3092864935714132,-0.06370794862472283,-0.7291579338222155,-1.7756337452698476,-0.12606384436850304,-0.8264119537089892,-2.2203514146874865,-0.19719203319748674,-1.1309339062283001,-1.1701406156364027,-0.09067721276871951,-1.3410993432295384,-0.9041599486006383,-0.08610252989167805,-1.136904598821465,-0.766452802047526,-0.11065404224715265,-0.9518387134608907,-0.7346130881104856,-0.13550220100395102,-1.2457546060228029,-0.6939866228825757,-0.1161339487170125,-1.3166308889348168,-0.5045354638019537,-0.06927718281963598,-1.1134708456821008,-0.4135572379617379,-0.09058260813173646,-0.9156495448423562,-0.3812092348109386,-0.12753599619262299,-1.2606212126910004,-0.1972712227476733,-0.12108543775222987,-1.2624757007703944,-0.11004759969868855,-0.0647959186069469,-1.0778055305024108,-0.04218501982211202,-0.045821722383469786,-0.8836098412733921,-0.024734751789681788,-0.05818432773671762,-1.2334991646234417,0.26569411472733645,-0.12759093737415425,-1.264558322012004,0.3049334450455502,-0.09038501043337697,-1.0674681133341635,0.3367983175930031,-0.03326979115782305,-0.8903915792395181,0.3244659079024644,0.017449794201950006,0.0,0.0,0.0,0.0,0.0,0.0,0.0,0.0,0.0,0.0,0.0,0.0,0.0,0.0,0.0,0.0,0.0,0.0,0.0,0.0,0.0,0.0,0.0,0.0,0.0,0.0,0.0,0.0,0.0,0.0,0.0,0.0,0.0,0.0,0.0,0.0,0.0,0.0,0.0,0.0,0.0,0.0,0.0,0.0,0.0,0.0,0.0,0.0,0.0,0.0,0.0,0.0,0.0,0.0,0.0,0.0,0.0,0.0,0.0,0.0,0.0,0.0,0.0,THUMBS_UP
0.0,0.0,0.0,-0.10182374236330752,0.55527132081448,-0.16869902992477526,-0.4230030034410136,1.144438024608634,-0.27956988282116435,-0.620093843301926,1.6533203917394377,-0.4004410153708633,-0.7085929682343278,2.073985843098335,-0.4853560455617001,-0.9507701229167836,0.8842245006406806,-0.06821923736797351,-1.3124141397802311,1.090698465917207,-0.33291605489024806,-0.9939149879382444,0.991704934707021,-0.4635711332534191,-0.7863356668752348,0.8721079403081649,-0.5107432941640081,-0.9992874954555525,0.4996704105683674,-0.09433299351457895,-1.315004495091656,0.6695151190538225,-0.3769241705222067,-0.8861095524981137,0.5923491277797763,-0.42965509480155867,-0.7724876677586507,0.5023647838751851,-0.3884487444732431,-0.9905765369595332,0.10176646663166723,-0.16550825322828885,-1.2069692983832212,0.2531091387720818,-0.41002948854847876,-0.8074337641601397,0.21713076251758173,-0.32021771247326924,-0.730402513496159,0.14935360228758876,-0.19010465509637509,-0.9609070496281232,-0.3181726143374627,-0.2542342317529633,-1.1139221292429846,-0.16373661379397753,-0.3562669976196707,-0.8358936582624261,-0.1147858329410724,-0.25216684666362743,-0.7656668084067607,-0.15239996897965932,-0.13948416871326008,0.0,0.0,0.0,0.0,0.0,0.0,0.0,0.0,0.0,0.0,0.0,0.0,0.0,0.0,0.0,0.0,0.0,0.0,0.0,0.0,0.0,0.0,0.0,0.0,0.0,0.0,0.0,0.0,0.0,0.0,0.0,0.0,0.0,0.0,0.0,0.0,0.0,0.0,0.0,0.0,0.0,0.0,0.0,0.0,0.0,0.0,0.0,0.0,0.0,0.0,0.0,0.0,0.0,0.0,0.0,0.0,0.0,0.0,0.0,0.0,0.0,0.0,0.0,THUMBS_DOWN
0.0,0.0,0.0,-0.10832892481770844,0.6206465213534985,-0.13109968276391154,-0.4758683900936228,1.2135401836131778,-0.21755154335823323,-0.7280600754608761,1.686671578381555,-0.3219950944934904,-0.8204925470583673,2.1232736690572755,-0.39837371230488106,-0.9947470478317983,0.857773336424717,-0.033705220055331,-1.3755526593366012,1.1075929157633968,-0.2751492292978624,-1.032203010108567,0.9980119496231395,-0.40269247342718173,-0.8051300781747431,0.8743728690214488,-0.4508133076264775,-1.0492555611241892,0.48196905260579914,-0.06944339026596831,-1.3755371390601514,0.6919759753821844,-0.3185873898788011,-0.9418029349921829,0.6201038543447656,-0.36767541948776167,-0.7830300727774936,0.5231848289858736,-0.33636518821824446,-1.035080013522066,0.08928087867757331,-0.14423231934197656,-1.3011610439110368,0.2810719894384164,-0.3598146707994607,-0.8792664230393995,0.24987948977644384,-0.26373105416716275,-0.7321454897694216,0.16994594179089462,-0.13851412853755524,-0.9880590025493694,-0.32969061208482286,-0.23351098665148928,-1.1997784738719142,-0.15341934364013649,-0.3267340155473026,-0.9056178988498668,-0.08703510552863268,-0.21835105466219956,-0.7822959528480796,-0.11940454139914537,-0.10627951150202467,0.0,0.0,0.0,0.0,0.0,0.0,0.0,0.0,0.0,0.0,0.0,0.0,0.0,0.0,0.0,0.0,0.0,0.0,0.0,0.0,0.0,0.0,0.0,0.0,0.0,0.0,0.0,0.0,0.0,0.0,0.0,0.0,0.0,0.0,0.0,0.0,0.0,0.0,0.0,0.0,0.0,0.0,0.0,0.0,0.0,0.0,0.0,0.0,0.0,0.0,0.0,0.0,0.0,0.0,0.0,0.0,0.0,0.0,0.0,0.0,0.0,0.0,0.0,THUMBS_DOWN
0.0,0.0,0.0,-0.10501429112520246,0.6817373496870403,-0.15891017458694198,-0.4629789330300866,1.3784003643043632,-0.2525557468528317,-0.7566035938336192,1.9124048410590728,-0.3606441209755588,-0.871081821332205,2.376937321407956,-0.438789976202849,-1.0605307393876562,0.9622025070681969,-0.02725591245705205,-1.399377594704742,1.2107512231417006,-0.26201498499843656,-1.024519552232553,1.0806715301864185,-0.3859050807222851,-0.8165454135060946,0.9370113229815491,-0.4341877907439033,-1.1139751736392407,0.5460790772027808,-0.057275952110836095,-1.4111351345534167,0.7700776769430334,-0.30381572226719006,-0.9405300009793915,0.679768001456985,-0.3497729490897124,-0.7603371188416944,0.5658722921801389,-0.3188667663057827,-1.1059507866617877,0.1162143699669566,-0.13081813720819113,-1.374791381096677,0.3130459870183745,-0.3717624847665099,-0.9274646481810148,0.2822608417461276,-0.2754978443353185,-0.7431528313003734,0.20064378698125274,-0.145173502410099,-1.0537750909902615,-0.3332922165923665,-0.21897986978578785,-1.3452548790143857,-0.1618284245875107,-0.3343027549081772,-1.0084216562129515,-0.10997239447335744,-0.2161920065459052,-0.820188633304326,-0.1400738002996441,-0.0928533168522525,0.0,0.0,0.0,0.0,0.0,0.0,0.0,0.0,0.0,0.0,0.0,0.0,0.0,0.0,0.0,0.0,0.0,0.0,0.0,0.0,0.0,0.0,0.0,0.0,0.0,0.0,0.0,0.0,0.0,0.0,0.0,0.0,0.0,0.0,0.0,0.0,0.0,0.0,0.0,0.0,0.0,0.0,0.0,0.0,0.0,0.0,0.0,0.0,0.0,0.0,0.0,0.0,0.0,0.0,0.0,0.0,0.0,0.0,0.0,0.0,0.0,0.0,0.0,THUMBS_DOWN
0.0,0.0,0.0,-0.1414670033337102,0.5995478482509622,-0.12885369003996938,-0.5055128928794593,1.2166897191687418,-0.21455986014289485,-0.7679346640690021,1.7028335621077426,-0.3167933372186003,-0.8590435720567464,2.1347294995290054,-0.387835256219151,-1.0184575952130854,0.8110945526425306,-0.040957422381206934,-1.3438289442282603,1.0338846412791467,-0.2904847041643265,-0.9685978228291835,0.95199018389972,-0.4089358570720786,-0.7873519352526898,0.8403870268474765,-0.453650163490128,-1.063793067382729,0.4353992052245426,-0.08403806521741815,-1.3736048446725335,0.6677638037753256,-0.3641085286668958,-0.919492597038416,0.6223983174680201,-0.4094515595440021,-0.7824395478246186,0.5020376529841434,-0.36843798526506355,-1.0442220840896181,0.04287144388290947,-0.16554784921532564,-1.2776481017219101,0.2501916721688581,-0.41455291465863986,-0.8495688150118679,0.2420516614811822,-0.3153585897133971,-0.7272672730745489,0.15120946000347088,-0.18063275342260715,-0.9917052880999719,-0.3693032188647442,-0.2592601526069624,-1.202731489964513,-0.19672766530535055,-0.3693454715449606,-0.9036154492535194,-0.13205492287041984,-0.2607169693310348,-0.7943846228836089,-0.17884674279323481,-0.1456046961325112,0.0,0.0,0.0,0.0,0.0,0.0,0.0,0.0,0.0,0.0,0.0,0.0,0.0,0.0,0.0,0.0,0.0,0.0,0.0,0.0,0.0,0.0,0.0,0.0,0.0,0.0,0.0,0.0,0.0,0.0,0.0,0.0,0.0,0.0,0.0,0.0,0.0,0.0,0.0,0.0,0.0,0.0,0.0,0.0,0.0,0.0,0.0,0.0,0.0,0.0,0.0,0.0,0.0,0.0,0.0,0.0,0.0,0.0,0.0,0.0,0.0,0.0,0.0,THUMBS_DOWN
0.0,0.0,0.0,-0.12605082203915424,0.5624281389397512,-0.1889680072404647,-0.537265910091458,1.1173179186535724,-0.2986389448842654,-0.8258956543985836,1.5687218296081562,-0.4093394984006365,-0.9572802376926002,1.9817473058473842,-0.4777644179065651,-1.0374735833093485,0.7606318278556623,-0.1184859217055741,-1.443677544877377,0.8118145290634238,-0.39715281264446683,-1.0673663295673628,0.7346198919657008,-0.5176735072696251,-0.873645600445478,0.7004532199746579,-0.557284093804742,-1.0443383275376652,0.32848509768906,-0.13797996216188768,-1.4019671510064835,0.35144119637945104,-0.4290187693010541,-0.9347161599480174,0.3467161510655676,-0.4659733646794567,-0.8296418512090304,0.36662538679356194,-0.42104658231711634,-1.0002974774914384,-0.09268811036857709,-0.2028725343627044,-1.277955779086017,-0.08440379503806048,-0.46481946383017403,-0.855171695455696,-0.0412315854851003,-0.35581071818392546,-0.7736291498892196,-0.00560276948624059,-0.21815467529230895,-0.9301423633630862,-0.5071828443402107,-0.28546085216471173,-1.1533829701326086,-0.5016391734890167,-0.4073483121672368,-0.8551769486677002,-0.41536468776790125,-0.2936840989056803,-0.7593706192070035,-0.3702739614142653,-0.17581299308510626,0.0,0.0,0.0,0.0,0.0,0.0,0.0,0.0,0.0,0.0,0.0,0.0,0.0,0.0,0.0,0.0,0.0,0.0,0.0,0.0,0.0,0.0,0.0,0.0,0.0,0.0,0.0,0.0,0.0,0.0,0.0,0.0,0.0,0.0,0.0,0.0,0.0,0.0,0.0,0.0,0.0,0.0,0.0,0.0,0.0,0.0,0.0,0.0,0.0,0.0,0.0,0.0,0.0,0.0,0.0,0.0,0.0,0.0,0.0,0.0,0.0,0.0,0.0,THUMBS_DOWN
0.0,0.0,0.0,-0.07593038436386597,0.4958767495777037,-0.21723178715101762,-0.34859130626588447,1.065668758245839,-0.36059827586686216,-0.5447295763056388,1.5718722383060717,-0.5016524978008005,-0.6273815675412662,2.002626108913987,-0.5994868003306504,-0.9057185829388896,0.8753338051649909,-0.11375969826767157,-1.1930507101274244,1.054419215223475,-0.39660723524407593,-0.8799148330236172,0.9458097047552622,-0.521325040301131,-0.7189382180282088,0.8385766459765537,-0.5629460881703878,-0.9551605309899326,0.49879089444034025,-0.12106387602726844,-1.2032561162253215,0.6457680125737105,-0.4155259000699638,-0.7922844126630081,0.5651030276698606,-0.45372749782956917,-0.7583590078717928,0.5099472320197291,-0.40601162019716475,-0.9531102078804379,0.11285763365393481,-0.18062338306302472,-1.1150348048180037,0.2314599867519941,-0.4523835402317349,-0.7390131760117638,0.2081763232442487,-0.36036858049117615,-0.7311341699050848,0.1790146211144525,-0.22975680929966308,-0.9313947161189493,-0.2837234641305655,-0.26137778816770346,-1.0357539404059282,-0.15925899992286252,-0.386926847147747,-0.7660960428184971,-0.12664279732432154,-0.2958180842087713,-0.7331140973424591,-0.15324626567119595,-0.19274279439416656,0.0,0.0,0.0,0.0,0.0,0.0,0.0,0.0,0.0,0.0,0.0,0.0,0.0,0.0,0.0,0.0,0.0,0.0,0.0,0.0,0.0,0.0,0.0,0.0,0.0,0.0,0.0,0.0,0.0,0.0,0.0,0.0,0.0,0.0,0.0,0.0,0.0,0.0,0.0,0.0,0.0,0.0,0.0,0.0,0.0,0.0,0.0,0.0,0.0,0.0,0.0,0.0,0.0,0.0,0.0,0.0,0.0,0.0,0.0,0.0,0.0,0.0,0.0,THUMBS_DOWN
0.0,0.0,0.0,-0.18674657474395612,0.592404838490121,-0.17265779417550248,-0.48404375348816686,1.1913987336128662,-0.289781402507929,-0.644359987626783,1.7224572235465352,-0.41243852092267025,-0.6986442109877804,2.1211519180478353,-0.49451143227801003,-1.1172229627443522,0.7969494352391676,-0.04498619519285975,-1.2156911985380148,1.1586103515230843,-0.27674511125557927,-0.8938713281680779,0.987002759237309,-0.4016843912621753,-0.8081670735352858,0.8405738469843844,-0.4670487673682184,-1.2018438903682624,0.41834162613945297,-0.057275256786952645,-1.1871123382098194,0.7614503702843669,-0.30341725888569104,-0.8052044816605598,0.6228558676557179,-0.34233794005508916,-0.8096521145987712,0.4895715596448413,-0.3237022417479617,-1.1704053305777569,0.029077553438179,-0.11424403952631566,-1.099958128431952,0.3206864769381554,-0.3379440940269121,-0.7514863636797495,0.2632334826537983,-0.25067996972514933,-0.7756790899829012,0.14049347868461112,-0.14428609845544682,-1.0827360674021076,-0.33014430018054414,-0.19272458648266136,-1.0227249548642445,-0.08702273613978095,-0.2775035485733422,-0.7754646322344181,-0.043362450028549465,-0.19349549112817388,-0.7752091752104897,-0.13349935709506336,-0.11021376639986392,0.0,0.0,0.0,0.0,0.0,0.0,0.0,0.0,0.0,0.0,0.0,0.0,0.0,0.0,0.0,0.0,0.0,0.0,0.0,0.0,0.0,0.0,0.0,0.0,0.0,0.0,0.0,0.0,0.0,0.0,0.0,0.0,0.0,0.0,0.0,0.0,0.0,0.0,0.0,0.0,0.0,0.0,0.0,0.0,0.0,0.0,0.0,0.0,0.0,0.0,0.0,0.0,0.0,0.0,0.0,0.0,0.0,0.0,0.0,0.0,0.0,0.0,0.0,THUMBS_DOWN
0.0,0.0,0.0,-0.19112299175870068,0.6136488498024285,-0.16697625597805799,-0.4662082172127384,1.1769095227449837,-0.2895749103948334,-0.6030746455526915,1.667523407344359,-0.4113043642455082,-0.6698136206738005,2.03639019168939,-0.49418141322644354,-1.1392418688516008,0.7553947160905835,-0.09988447948751199,-1.0679356542973322,1.214203791637496,-0.31551943172231245,-0.7661723838353657,1.00100464207311,-0.44475770677911114,-0.7698686373286856,0.8317941527001669,-0.5263176337190919,-1.2189402153899052,0.4090839980123765,-0.11261943518494037,-0.9998671631859556,0.8462629136322352,-0.3307133308375256,-0.6878319349705148,0.6750321644470776,-0.37718792238656795,-0.7605196371686769,0.5226040960757649,-0.3853502825296184,-1.147909340021866,0.052098449716774256,-0.16018973939417652,-0.9204393641211353,0.42156309237514467,-0.3531179283000108,-0.6334330945425509,0.3488776017367113,-0.274218323417074,-0.7109700100392887,0.2010134554589653,-0.1948335115444812,-1.0247180912646474,-0.25865775978887195,-0.23082650790742806,-0.8242490480922432,0.03269975355603087,-0.3116615961463106,-0.6217125651667444,0.05595319832398804,-0.2477578866716221,-0.6688062552173542,-0.07152405318755078,-0.18680762306635915,0.0,0.0,0.0,0.0,0.0,0.0,0.0,0.0,0.0,0.0,0.0,0.0,0.0,0.0,0.0,0.0,0.0,0.0,0.0,0.0,0.0,0.0,0.0,0.0,0.0,0.0,0.0,0.0,0.0,0.0,0.0,0.0,0.0,0.0,0.0,0.0,0.0,0.0,0.0,0.0,0.0,0.0,0.0,0.0,0.0,0.0,0.0,0.0,0.0,0.0,0.0,0.0,0.0,0.0,0.0,0.0,0.0,0.0,0.0,0.0,0.0,0.0,0.0,THUMBS_DOWN
0.0,0.0,0.0,-0.118882197572511,0.529509115814093,-0.21793943587493284,-0.44730702340374273,1.0939268096846675,-0.33500312169990404,-0.6909518635156364,1.582346536840937,-0.4484358359772385,-0.8339380881855306,1.9683251990628199,-0.5163310196099142,-0.9939455922644624,0.8251012472010592,-0.05837676962484809,-1.2547032917970227,1.0030206252975276,-0.31601082409334225,-0.9303441143719479,0.8768855428591043,-0.44332746722078886,-0.7910996473331386,0.7734076913710497,-0.4979606153965395,-1.050794934712447,0.4381248669625797,-0.05737052505757009,-1.2520550331121276,0.605087830915529,-0.3349318898846665,-0.8426835592042715,0.5305396009908138,-0.3894506680688304,-0.8060364312481332,0.46940028111736154,-0.3605116469515452,-1.0292152392200027,0.05243165711639274,-0.10913739346999642,-1.1512653490296318,0.19290531275164902,-0.3738869496590913,-0.7793211135439437,0.17462858900888528,-0.29679199198553846,-0.7700895963166965,0.1301335161571464,-0.1781281108685012,-0.9764021387524227,-0.3347654813611273,-0.1821968705795257,-1.053021001141898,-0.19433026412524732,-0.3075981445446108,-0.7884013977244647,-0.1432229463972003,-0.22729363303461556,-0.7589882505033979,-0.17021111372319161,-0.1327221345954782,0.0,0.0,0.0,0.0,0.0,0.0,0.0,0.0,0.0,0.0,0.0,0.0,0.0,0.0,0.0,0.0,0.0,0.0,0.0,0.0,0.0,0.0,0.0,0.0,0.0,0.0,0.0,0.0,0.0,0.0,0.0,0.0,0.0,0.0,0.0,0.0,0.0,0.0,0.0,0.0,0.0,0.0,0.0,0.0,0.0,0.0,0.0,0.0,0.0,0.0,0.0,0.0,0.0,0.0,0.0,0.0,0.0,0.0,0.0,0.0,0.0,0.0,0.0,THUMBS_DOWN
0.0,0.0,0.0,-0.1872164232253474,0.5680565046902383,-0.20400767820326982,-0.49835288559994917,1.1149960894628006,-0.32415545314210725,-0.6932167349906503,1.610613936565252,-0.43804646952858656,-0.8200738347253738,1.9772480337923617,-0.5058451016025592,-1.1444024942507047,0.732606978482382,-0.07332650255884371,-1.1533851238710418,1.0774656489284375,-0.29277091540948313,-0.8444128521399956,0.9076993673209867,-0.40615494149856296,-0.8406386770405762,0.7684198442534939,-0.47150695837208906,-1.2145215744740154,0.36430058730484244,-0.06693587292819562,-1.0997532907160628,0.7007691488521783,-0.3062559623469785,-0.7492383888223024,0.5800992658231994,-0.34271294284277787,-0.829938085641494,0.45130205741606105,-0.3279164939031924,-1.1516996713938092,-0.0028697198894786316,-0.10571146324973561,-1.0058764903504156,0.28265425058684246,-0.3354138548106708,-0.6863793322546531,0.25259166102852537,-0.2533879042697993,-0.7732329624470881,0.1301190598275718,-0.15449769309807623,-1.0433918372805047,-0.3212466616372848,-0.1678920453733531,-0.9128863424819762,-0.08241881964441933,-0.2732559493761665,-0.690689523813537,-0.042627241085204264,-0.21087640500582863,-0.7434250290839532,-0.1602338964776056,-0.1418672126544728,0.0,0.0,0.0,0.0,0.0,0.0,0.0,0.0,0.0,0.0,0.0,0.0,0.0,0.0,0.0,0.0,0.0,0.0,0.0,0.0,0.0,0.0,0.0,0.0,0.0,0.0,0.0,0.0,0.0,0.0,0.0,0.0,0.0,0.0,0.0,0.0,0.0,0.0,0.0,0.0,0.0,0.0,0.0,0.0,0.0,0.0,0.0,0.0,0.0,0.0,0.0,0.0,0.0,0.0,0.0,0.0,0.0,0.0,0.0,0.0,0.0,0.0,0.0,THUMBS_DOWN
0.0,0.0,0.0,-0.19853198153477708,0.6195361461492599,-0.2039040910366655,-0.5056674027237682,1.2042961065405053,-0.34115790344884495,-0.6530259180198911,1.7091314458137108,-0.4708962630567928,-0.741260225440262,2.0875009607465835,-0.5583603350496837,-1.212998755139742,0.7188820979014416,-0.1335216355443305,-1.097257086935963,1.2423962450209043,-0.368617732412136,-0.7785024939908985,1.0441629930332277,-0.5099421014728673,-0.7555519318225556,0.8567473479173888,-0.5946130619755496,-1.2720725230788763,0.3550326375910544,-0.1370606789169773,-1.0040874858722633,0.868303567504505,-0.375368668270074,-0.6776065894576871,0.6995596921042323,-0.43182540017603965,-0.7300007803639433,0.5226203045217246,-0.4404167094578199,-1.171523050978559,-0.0012930610108135142,-0.18011457391479166,-0.8890621429699085,0.4356313552263736,-0.39482352777681257,-0.5897625072833979,0.363724728994255,-0.3243066391006916,-0.6566845729573517,0.19739219537011987,-0.24235007543906775,-1.0168730322867148,-0.31494344517596884,-0.25006489307029917,-0.7721118713236061,0.021133160421061028,-0.3453271405547914,-0.5625503569817448,0.06029801167208154,-0.2892985127232782,-0.6000354410412156,-0.057316581309985064,-0.22909739753796482,0.0,0.0,0.0,0.0,0.0,0.0,0.0,0.0,0.0,0.0,0.0,0.0,0.0,0.0,0.0,0.0,0.0,0.0,0.0,0.0,0.0,0.0,0.0,0.0,0.0,0.0,0.0,0.0,0.0,0.0,0.0,0.0,0.0,0.0,0.0,0.0,0.0,0.0,0.0,0.0,0.0,0.0,0.0,0.0,0.0,0.0,0.0,0.0,0.0,0.0,0.0,0.0,0.0,0.0,0.0,0.0,0.0,0.0,0.0,0.0,0.0,0.0,0.0,THUMBS_DOWN
0.0,0.0,0.0,-0.20874684394869777,0.5580082250159059,-0.26326474690301116,-0.5592410089321365,1.0742636775962429,-0.4288983977813098,-0.7807776747026574,1.5333179564634785,-0.571033895283613,-0.9159663362557955,1.9296994934075948,-0.6651642111661162,-1.3125471110045552,0.5243519788665305,-0.21486814601283896,-1.1243898338507075,0.8696892053397842,-0.47114508799846777,-0.789818920245868,0.732786268509194,-0.6206214349625562,-0.7692156558519488,0.5569186432717627,-0.7162002719466305,-1.3432899193397816,0.09768276744716989,-0.21189262798169617,-1.03577134881791,0.43747516430932365,-0.46936595666481673,-0.7093143948071705,0.4144229352333301,-0.5424115167921794,-0.7704567413433729,0.29441391146083584,-0.5654351054337554,-1.198546974896476,-0.2910806214812769,-0.2498349255186163,-0.8878073931995375,-0.013188712509869424,-0.49435125940945523,-0.6185379153028301,0.05669228715374161,-0.437806065791173,-0.7109327868911379,-0.04134599525108874,-0.36897560452587336,-1.0023342642536426,-0.624282397797333,-0.3192113710074216,-0.7371707454476264,-0.43477258650508877,-0.4638471213610413,-0.5470177696172679,-0.31720609369389385,-0.425122322534869,-0.6090998544653714,-0.3723158930763798,-0.37392611918038815,0.0,0.0,0.0,0.0,0.0,0.0,0.0,0.0,0.0,0.0,0.0,0.0,0.0,0.0,0.0,0.0,0.0,0.0,0.0,0.0,0.0,0.0,0.0,0.0,0.0,0.0,0.0,0.0,0.0,0.0,0.0,0.0,0.0,0.0,0.0,0.0,0.0,0.0,0.0,0.0,0.0,0.0,0.0,0.0,0.0,0.0,0.0,0.0,0.0,0.0,0.0,0.0,0.0,0.0,0.0,0.0,0.0,0.0,0.0,0.0,0.0,0.0,0.0,THUMBS_DOWN
0.0,0.0,0.0,-0.07158856497561498,0.5088161253709252,-0.26983520646976394,-0.3022469055969451,1.0636954492306736,-0.42545670358640586,-0.460047349456053,1.578458208319269,-0.5537390661452726,-0.5644039002055196,1.9942069707908752,-0.6300176591408608,-0.9934996536422569,0.9218359337381405,-0.2207896244664871,-1.0201211023275698,0.9986104072539786,-0.42911752964764704,-0.6914869517759904,0.7857089478065004,-0.5087562197536564,-0.682193083582828,0.7566095712169361,-0.5627409443327894,-1.1430553396764103,0.5180780964142003,-0.1922343974146604,-1.0229949044482294,0.5818271721473319,-0.4298384380061423,-0.6524378491579118,0.452688283724542,-0.4680167866651853,-0.7329606747327553,0.4937702834638565,-0.46793114500247446,-1.1475283687640174,0.08639364894312412,-0.20072664489787917,-1.0055659521920537,0.10663217207292633,-0.42694625679141246,-0.6675649632551041,0.07849582724160041,-0.3431104971008869,-0.7477766823817327,0.12724406663531235,-0.26181826202182934,-1.0944781651344908,-0.3059629235588045,-0.2368422201668707,-0.9322789732217597,-0.2955445715953035,-0.36099087049373696,-0.6911194791313994,-0.2606818606631059,-0.31055871829249515,-0.7443269837740685,-0.23981795676924805,-0.25910028621731396,0.0,0.0,0.0,0.0,0.0,0.0,0.0,0.0,0.0,0.0,0.0,0.0,0.0,0.0,0.0,0.0,0.0,0.0,0.0,0.0,0.0,0.0,0.0,0.0,0.0,0.0,0.0,0.0,0.0,0.0,0.0,0.0,0.0,0.0,0.0,0.0,0.0,0.0,0.0,0.0,0.0,0.0,0.0,0.0,0.0,0.0,0.0,0.0,0.0,0.0,0.0,0.0,0.0,0.0,0.0,0.0,0.0,0.0,0.0,0.0,0.0,0.0,0.0,THUMBS_DOWN
0.0,0.0,0.0,-0.019434362447050768,0.48675057595688714,-0.30745630712033023,-0.21877079957422915,1.060233746671635,-0.48241775801493514,-0.3567675560001856,1.554191695937047,-0.6233041542487213,-0.4549269620835338,1.9833653443717771,-0.7106358514750789,-0.9760655970667174,0.9430896529184164,-0.2761186811695634,-0.9175724133731761,0.9590383657629863,-0.5229944635849476,-0.6209870533428551,0.7750510751108042,-0.6209439286587296,-0.6250842276537801,0.7855999794205952,-0.6818385220489759,-1.1459028739830508,0.5406541285741226,-0.24737361793145446,-0.9457483215345284,0.49491059589904873,-0.5194075289140166,-0.5741553118305699,0.4039102143231026,-0.5676983939467536,-0.6508247582506876,0.4982490342264691,-0.5728656334083279,-1.1509051708395155,0.10382951431225061,-0.26070623796985637,-0.9301686677688914,0.028544967240285216,-0.5332368323720551,-0.5835525044001825,0.03538018879603131,-0.46732659208324334,-0.648615764411756,0.15422649023398208,-0.3933490862953621,-1.0773976741593507,-0.3013206560447642,-0.30459800640747137,-0.8720185646939783,-0.3957040104515103,-0.48290933852272616,-0.6081376120482964,-0.319084871525951,-0.4577463647665231,-0.6352475786241273,-0.20018955120754423,-0.4172639857488077,0.0,0.0,0.0,0.0,0.0,0.0,0.0,0.0,0.0,0.0,0.0,0.0,0.0,0.0,0.0,0.0,0.0,0.0,0.0,0.0,0.0,0.0,0.0,0.0,0.0,0.0,0.0,0.0,0.0,0.0,0.0,0.0,0.0,0.0,0.0,0.0,0.0,0.0,0.0,0.0,0.0,0.0,0.0,0.0,0.0,0.0,0.0,0.0,0.0,0.0,0.0,0.0,0.0,0.0,0.0,0.0,0.0,0.0,0.0,0.0,0.0,0.0,0.0,THUMBS_DOWN
0.0,0.0,0.0,-0.04216206144625501,0.46662187435987934,-0.3655175736556652,-0.2646334892880027,1.05714315520603,-0.5770957194612838,-0.4223582040426272,1.577944444636408,-0.7434599143511215,-0.5509969554013986,2.038747372408732,-0.8534022985994101,-1.1762145733419895,0.8403017732785336,-0.3704508557627085,-0.9668225617556956,0.7550115786866681,-0.6379714500872201,-0.6390782344710877,0.5952077714524692,-0.7483904115360678,-0.618214309164204,0.609198034994631,-0.8162513785715914,-1.3167249143173738,0.3472317900316274,-0.32605380545310786,-0.9416582427017303,0.24949974858353946,-0.6183890037205939,-0.5734033720280578,0.21089349937221563,-0.6937036666146195,-0.6272891259514758,0.29594454618570776,-0.7203646146542521,-1.2747918090196901,-0.1512768498024375,-0.3224934603130613,-0.8947843300819753,-0.2594540082168511,-0.6194036041688313,-0.5774596406891885,-0.20365009475886903,-0.5933002330852178,-0.6542035611555982,-0.08747238844269108,-0.5453325571252763,-1.1480709801808364,-0.6105761566570211,-0.352433002331649,-0.8498250217770862,-0.7295012182487335,-0.5570406066357667,-0.5929907364486,-0.6030017610897614,-0.5583110643949595,-0.6267354597371249,-0.4563439712266978,-0.5328338267538808,0.0,0.0,0.0,0.0,0.0,0.0,0.0,0.0,0.0,0.0,0.0,0.0,0.0,0.0,0.0,0.0,0.0,0.0,0.0,0.0,0.0,0.0,0.0,0.0,0.0,0.0,0.0,0.0,0.0,0.0,0.0,0.0,0.0,0.0,0.0,0.0,0.0,0.0,0.0,0.0,0.0,0.0,0.0,0.0,0.0,0.0,0.0,0.0,0.0,0.0,0.0,0.0,0.0,0.0,0.0,0.0,0.0,0.0,0.0,0.0,0.0,0.0,0.0,THUMBS_DOWN
0.0,0.0,0.0,-0.0814711154724011,0.4540485693222665,-0.31545416470474186,-0.3379136423048055,0.9931061807764644,-0.4995082075596571,-0.5062767879899854,1.4799522320908092,-0.6483185497701788,-0.6214549985191452,1.9066256702413635,-0.7446958883066293,-1.1335191888625595,0.8040850244575195,-0.2959754988594869,-1.0374511819556196,0.7602954990178943,-0.5578962041218083,-0.7094987648826562,0.5977165963101684,-0.6685136400196686,-0.7022166904772551,0.5999922086598565,-0.7353034225542106,-1.2847476025576228,0.32952549909230494,-0.26860036768777484,-1.0515236169783786,0.2836970272850871,-0.5387707062477114,-0.6666840505391866,0.22772925632746033,-0.5878786103165395,-0.7457431260629974,0.302797178347388,-0.593448446551719,-1.2567296819830833,-0.153159366847525,-0.2834946892389201,-0.9717660321481888,-0.21568097604841296,-0.5525418875908945,-0.6267432194685909,-0.17095799861629923,-0.4886498631590343,-0.7087543010166468,-0.07152927732040316,-0.41592781370222937,-1.1462348155122366,-0.5904724344164622,-0.33013973407856695,-0.8856437408092157,-0.6409966005698937,-0.490631509935088,-0.6293511407276049,-0.5360086700307327,-0.45673496002585384,-0.6753028281978312,-0.43214303600254056,-0.4123105436233376,0.0,0.0,0.0,0.0,0.0,0.0,0.0,0.0,0.0,0.0,0.0,0.0,0.0,0.0,0.0,0.0,0.0,0.0,0.0,0.0,0.0,0.0,0.0,0.0,0.0,0.0,0.0,0.0,0.0,0.0,0.0,0.0,0.0,0.0,0.0,0.0,0.0,0.0,0.0,0.0,0.0,0.0,0.0,0.0,0.0,0.0,0.0,0.0,0.0,0.0,0.0,0.0,0.0,0.0,0.0,0.0,0.0,0.0,0.0,0.0,0.0,0.0,0.0,THUMBS_DOWN
0.0,0.0,0.0,-0.13400116479447743,0.5137457882369818,-0.2755204927423556,-0.44266299347784904,1.054589970432407,-0.42277146661550813,-0.6851149894860366,1.5652071611228964,-0.5510530775658831,-0.8320972479836081,1.9869560633818393,-0.6266885771630001,-1.1102477328129505,0.8225856378495656,-0.109775016250213,-1.2434401052236288,0.9089989214397466,-0.3601637912154034,-0.8754236930526819,0.7322279878332183,-0.4877893409136462,-0.805676536400287,0.6946475291077027,-0.5574140781061047,-1.2045560040448688,0.39206511515692716,-0.07874534431314369,-1.2366714608123937,0.4725151787561465,-0.3485742979415581,-0.8046637416543637,0.36925558217955773,-0.4085677119392996,-0.8242470061429972,0.3974208988691581,-0.40332803275539436,-1.1780866975592494,-0.03863270675845366,-0.10105623074432585,-1.1621927965441268,-0.004100495592461766,-0.3631545428261681,-0.7671316372623231,-0.009303999239569306,-0.2838618257645483,-0.798775579136259,0.03789632559045568,-0.18107554834772296,-1.0971352885323566,-0.4241764822544566,-0.1504863654438179,-1.058935846224594,-0.40271702151322064,-0.28332541743088496,-0.7834633735357784,-0.3391108652121764,-0.2184664689116129,-0.7877724422980064,-0.2985629900517522,-0.14342627190320356,0.0,0.0,0.0,0.0,0.0,0.0,0.0,0.0,0.0,0.0,0.0,0.0,0.0,0.0,0.0,0.0,0.0,0.0,0.0,0.0,0.0,0.0,0.0,0.0,0.0,0.0,0.0,0.0,0.0,0.0,0.0,0.0,0.0,0.0,0.0,0.0,0.0,0.0,0.0,0.0,0.0,0.0,0.0,0.0,0.0,0.0,0.0,0.0,0.0,0.0,0.0,0.0,0.0,0.0,0.0,0.0,0.0,0.0,0.0,0.0,0.0,0.0,0.0,THUMBS_DOWN
0.0,0.0,0.0,-0.05844538395564982,0.5457612529331802,-0.22713435922320724,-0.3845623214835226,1.1400309527133428,-0.3542345425712159,-0.6469064921156121,1.6259240022817334,-0.474862646250036,-0.773145635093124,2.0575518086134545,-0.5498256177551945,-0.9480147444968989,0.9065099424732821,-0.11501415477273003,-1.2733647141883266,1.0424631259905435,-0.39281236070299075,-0.9429593971905292,0.8837510296469353,-0.5259479611518337,-0.778494488705735,0.7822839517244771,-0.580257750500216,-1.0104359657622828,0.48641852767624655,-0.1188880271394892,-1.285066894730082,0.5642313435953246,-0.4046500610305655,-0.845132372968025,0.4667690994578021,-0.45322618476528037,-0.7817606870880106,0.46038655470631684,-0.42058821710710026,-1.0006907152759419,0.06427677433116145,-0.17382231977201296,-1.1970873833721114,0.1067752036615034,-0.44077538053121973,-0.8018370939374804,0.08709157731009193,-0.3495771220838849,-0.7724359961656656,0.11001395499854977,-0.22495768679560474,-0.9617869634820702,-0.3578770424329961,-0.2501877744179206,-1.1062239401408236,-0.3091369558051076,-0.3810795235824913,-0.8237329742690798,-0.2626666734135327,-0.2867205386645883,-0.7687454753180321,-0.22719490900900657,-0.18235772829946786,0.0,0.0,0.0,0.0,0.0,0.0,0.0,0.0,0.0,0.0,0.0,0.0,0.0,0.0,0.0,0.0,0.0,0.0,0.0,0.0,0.0,0.0,0.0,0.0,0.0,0.0,0.0,0.0,0.0,0.0,0.0,0.0,0.0,0.0,0.0,0.0,0.0,0.0,0.0,0.0,0.0,0.0,0.0,0.0,0.0,0.0,0.0,0.0,0.0,0.0,0.0,0.0,0.0,0.0,0.0,0.0,0.0,0.0,0.0,0.0,0.0,0.0,0.0,THUMBS_DOWN
0.0,0.0,0.0,-0.05472468224551572,0.4944203610057217,-0.25112421039855826,-0.3696768162537235,1.0783207472395107,-0.3848037267729874,-0.640593356370124,1.5467182978902703,-0.5017826153273992,-0.779803094722466,1.9521132550500695,-0.5666614318056266,-0.9494893035074682,0.9069346781467906,-0.1631499216048774,-1.2839681048235052,0.9295831875765012,-0.43035907051812894,-0.9004938283573668,0.800479840064409,-0.535345568441107,-0.7410897756208129,0.7743149401591852,-0.5719498679911121,-1.0115633178886145,0.4690107735186705,-0.14800519065489887,-1.3056076480889722,0.47161498818871916,-0.4326669393983352,-0.8340039575403351,0.4117792101176584,-0.4638259122177741,-0.7702524608693254,0.47884091533268525,-0.42121553191698047,-1.0104733128830137,0.04776805173388814,-0.18152364573188964,-1.2375919440739467,0.018481092444473927,-0.45942662203297047,-0.8129942577094379,0.027300638626925562,-0.3590421471871323,-0.7541518029163534,0.11699184281960194,-0.2266421971831409,-0.9776790881350756,-0.3500478183982287,-0.23553569402410984,-1.1635280918935005,-0.37144565734463425,-0.3818265541912904,-0.8589132985602952,-0.3213879324489411,-0.28845929888357713,-0.7677226585402013,-0.2365465661549142,-0.1820756685230583,0.0,0.0,0.0,0.0,0.0,0.0,0.0,0.0,0.0,0.0,0.0,0.0,0.0,0.0,0.0,0.0,0.0,0.0,0.0,0.0,0.0,0.0,0.0,0.0,0.0,0.0,0.0,0.0,0.0,0.0,0.0,0.0,0.0,0.0,0.0,0.0,0.0,0.0,0.0,0.0,0.0,0.0,0.0,0.0,0.0,0.0,0.0,0.0,0.0,0.0,0.0,0.0,0.0,0.0,0.0,0.0,0.0,0.0,0.0,0.0,0.0,0.0,0.0,THUMBS_DOWN
0.0,0.0,0.0,0.007189570056030521,0.5323532872559573,-0.21966954023695553,-0.27815148921247623,1.1737323087341294,-0.3312780246543103,-0.5347458446287197,1.6594753712849182,-0.4311257325765039,-0.6555609345141217,2.063886703947011,-0.48539142271070207,-0.8379390627555295,1.0406289001207039,-0.1373831884244291,-1.1984923459332344,1.1414067909594707,-0.40198355628004867,-0.8433383683413358,0.9810506735953256,-0.5184578282843184,-0.6491645603076696,0.9063952946102573,-0.5592179120329609,-0.9210558048716619,0.6193625844095819,-0.13698755519729477,-1.26495765620552,0.7033864638871985,-0.42647621144580594,-0.8162197525646464,0.5819479649394791,-0.47046813952696737,-0.688501929392602,0.5850542913882336,-0.4285750451798105,-0.9368399735237601,0.2073673347278641,-0.18135574216102143,-1.180128897317838,0.2522348867137832,-0.4477895983012359,-0.7803773758947621,0.19489368686147285,-0.35577081380585296,-0.6963091203250205,0.22856313565802547,-0.2259080121953116,-0.925231123510666,-0.20326018805647247,-0.24383364885832912,-1.1051059685262556,-0.1591274141176967,-0.37722735107440614,-0.8165526804442127,-0.15680592280551153,-0.28251759606501414,-0.7286556470708302,-0.11539917006220596,-0.17591137715558455,0.0,0.0,0.0,0.0,0.0,0.0,0.0,0.0,0.0,0.0,0.0,0.0,0.0,0.0,0.0,0.0,0.0,0.0,0.0,0.0,0.0,0.0,0.0,0.0,0.0,0.0,0.0,0.0,0.0,0.0,0.0,0.0,0.0,0.0,0.0,0.0,0.0,0.0,0.0,0.0,0.0,0.0,0.0,0.0,0.0,0.0,0.0,0.0,0.0,0.0,0.0,0.0,0.0,0.0,0.0,0.0,0.0,0.0,0.0,0.0,0.0,0.0,0.0,THUMBS_DOWN
0.0,0.0,0.0,-0.01078299302078113,0.5407329455241315,-0.26180755135275074,-0.2994762793193244,1.1718649805677401,-0.37895388510943556,-0.5735815447788383,1.664687079462309,-0.4744399588746649,-0.7213650077265734,2.048123463458573,-0.5225823639097733,-0.8432512790896731,1.027824330979738,-0.13238043529308002,-1.190120057024501,1.0421186318581575,-0.396361130858571,-0.8513513264904297,0.8868827655582586,-0.5193307590936758,-0.6540120370040525,0.8446977652501556,-0.565257779209745,-0.9201915190307942,0.6137774811317871,-0.10972658897323626,-1.2823678047398634,0.6145144262058682,-0.40325003310114566,-0.8444224556905349,0.5081420918832743,-0.46736269389438273,-0.6986837111285304,0.5640668590951725,-0.4400791409214609,-0.9442273555912757,0.22698945189336026,-0.13688060123316298,-1.2092186261058955,0.16036824170671082,-0.4297535511390505,-0.8011242609639959,0.13556593994642424,-0.37372316218699414,-0.6794549995573844,0.24204058954348132,-0.26125468383683664,-0.9372500252301564,-0.15940190726857995,-0.18294465451349198,-1.1599622331005843,-0.20769355293929367,-0.3481387358053714,-0.865429569674481,-0.21193947811916383,-0.2809365928219895,-0.7421081334894382,-0.12199207826533674,-0.18816700546479387,0.0,0.0,0.0,0.0,0.0,0.0,0.0,0.0,0.0,0.0,0.0,0.0,0.0,0.0,0.0,0.0,0.0,0.0,0.0,0.0,0.0,0.0,0.0,0.0,0.0,0.0,0.0,0.0,0.0,0.0,0.0,0.0,0.0,0.0,0.0,0.0,0.0,0.0,0.0,0.0,0.0,0.0,0.0,0.0,0.0,0.0,0.0,0.0,0.0,0.0,0.0,0.0,0.0,0.0,0.0,0.0,0.0,0.0,0.0,0.0,0.0,0.0,0.0,THUMBS_DOWN
0.0,0.0,0.0,-0.09040268656077491,0.5988271962268855,-0.14736242825555798,-0.39728720712071136,1.2134144404948974,-0.2493185364962007,-0.6343704852139208,1.691110670226904,-0.36371932341736274,-0.7454510969390283,2.0928828427522292,-0.4524357930656668,-0.9343347058037252,0.8845260480211121,-0.06687814213818674,-1.2886569709674522,1.111649264360142,-0.31993303454856853,-0.9769910435498848,1.0045852487898197,-0.47125853690450414,-0.7379883173558129,0.8716627978226791,-0.5360141932910403,-0.9948652468910213,0.4937156125074133,-0.09982331015766387,-1.3129777451695186,0.6849525088595332,-0.3528907067592032,-0.9259313739747592,0.6194251357974973,-0.42365162173925197,-0.7395245355115025,0.5325844880869856,-0.41165182427097274,-1.0031885931262665,0.090569666795089,-0.1720864932226139,-1.2813327231341862,0.24365425953612518,-0.3946480569383078,-0.8993648186953871,0.22282048615309946,-0.3263786519729752,-0.7294036779761317,0.1697306667662144,-0.22219507121312546,-0.9791725063147141,-0.33885855550139865,-0.2593777814173362,-1.208141163465571,-0.20093123277045874,-0.37015133504489944,-0.9299898182623414,-0.14355806115076106,-0.2820395760692264,-0.789311960005061,-0.15563217513073194,-0.18439449548912054,0.0,0.0,0.0,0.0,0.0,0.0,0.0,0.0,0.0,0.0,0.0,0.0,0.0,0.0,0.0,0.0,0.0,0.0,0.0,0.0,0.0,0.0,0.0,0.0,0.0,0.0,0.0,0.0,0.0,0.0,0.0,0.0,0.0,0.0,0.0,0.0,0.0,0.0,0.0,0.0,0.0,0.0,0.0,0.0,0.0,0.0,0.0,0.0,0.0,0.0,0.0,0.0,0.0,0.0,0.0,0.0,0.0,0.0,0.0,0.0,0.0,0.0,0.0,THUMBS_DOWN
0.0,0.0,0.0,-0.21491100386845835,0.5908402214702521,-0.1786135188940962,-0.5544822257009336,1.1419267045659025,-0.2954870431490332,-0.7864243600991109,1.6446610795603522,-0.41450518634515704,-0.9135124960422072,2.0330386945226544,-0.4880512641249595,-1.1523262612538274,0.689251425062826,-0.04524900416555541,-1.2341558713830527,1.0522171863586118,-0.2605655908398021,-0.8980749715639945,0.8757061818664073,-0.37730943637562997,-0.8495160422269351,0.7139997035244844,-0.4468292659024024,-1.2094127207206307,0.324607354068892,-0.052881003329391524,-1.2145464074299934,0.6872884275478256,-0.2825240853790622,-0.8357423936416131,0.5571777388327448,-0.3116989127915295,-0.8685669559002328,0.39769653544082767,-0.29568379870490974,-1.1516632558044402,-0.04246862319241612,-0.10428679303011565,-1.143736817696269,0.261870059843834,-0.3147295845789712,-0.7984292977849362,0.2147847080724565,-0.21183065454192357,-0.8373170078440965,0.057857908374110874,-0.10453730738863251,-1.0405115602133865,-0.3794187799412497,-0.17891719855997137,-1.0178791636513622,-0.1495015564858872,-0.26560859147008103,-0.7827391817147197,-0.07791614971957977,-0.1831508852839534,-0.7904223342369082,-0.1821990632745441,-0.1054383519257097,0.0,0.0,0.0,0.0,0.0,0.0,0.0,0.0,0.0,0.0,0.0,0.0,0.0,0.0,0.0,0.0,0.0,0.0,0.0,0.0,0.0,0.0,0.0,0.0,0.0,0.0,0.0,0.0,0.0,0.0,0.0,0.0,0.0,0.0,0.0,0.0,0.0,0.0,0.0,0.0,0.0,0.0,0.0,0.0,0.0,0.0,0.0,0.0,0.0,0.0,0.0,0.0,0.0,0.0,0.0,0.0,0.0,0.0,0.0,0.0,0.0,0.0,0.0,THUMBS_DOWN
0.0,0.0,0.0,-0.13244839791148555,0.5982310116424295,-0.1681069378832701,-0.4120611461828287,1.1732779574901362,-0.2724925528393154,-0.5848674181761829,1.6808116386216194,-0.3792759205950321,-0.6556572671789094,2.072650878904831,-0.4427590683075298,-1.0031886537619963,0.878859792451263,-0.030924619396343226,-1.0840387840150914,1.236049984512232,-0.24626542412020672,-0.7873693477582385,1.0253785890724667,-0.3544863925355869,-0.7473114204393556,0.8759264022023594,-0.4136492442402852,-1.0901661618243046,0.5495323530999824,-0.041022611504531,-1.1056846945964085,0.9039038622756153,-0.2849549835409322,-0.744596679501589,0.7130252409805022,-0.31531577678876704,-0.7641112233258724,0.5771371070469539,-0.2881784135859439,-1.0751871991264579,0.19701676452032443,-0.0955361549753152,-1.0335888892667213,0.49222136175893205,-0.31432389683328993,-0.6981515195045696,0.37613825227099934,-0.22201247316376066,-0.7407259556183546,0.2537770491498779,-0.11442823038188929,-1.0112935271237165,-0.13782126854771765,-0.17091545858712498,-0.9251167432789337,0.1086631393164464,-0.2584325251230266,-0.6979219191668137,0.10516734888694436,-0.18692543027941647,-0.7392588892726616,0.004308950558611536,-0.11533171327927726,0.0,0.0,0.0,0.0,0.0,0.0,0.0,0.0,0.0,0.0,0.0,0.0,0.0,0.0,0.0,0.0,0.0,0.0,0.0,0.0,0.0,0.0,0.0,0.0,0.0,0.0,0.0,0.0,0.0,0.0,0.0,0.0,0.0,0.0,0.0,0.0,0.0,0.0,0.0,0.0,0.0,0.0,0.0,0.0,0.0,0.0,0.0,0.0,0.0,0.0,0.0,0.0,0.0,0.0,0.0,0.0,0.0,0.0,0.0,0.0,0.0,0.0,0.0,THUMBS_DOWN
0.0,0.0,0.0,-0.06573051844540358,0.6349799065223742,-0.11111290067987019,-0.3804843627000959,1.2504236362621173,-0.17425056668057318,-0.6072322855354034,1.7291943960334575,-0.2603088929202467,-0.6845899034900359,2.1248629558104684,-0.3181270464363461,-0.9308449743240125,0.9748991737597592,0.03758573314920955,-1.2365860630425713,1.3130911309393556,-0.17700245643539653,-0.9070957273857666,1.1841351417276649,-0.290361111988352,-0.7225665665787586,1.0172917188437263,-0.33184485156904037,-1.0024268383903976,0.6450413999381688,-0.00040386143362464524,-1.2626557618693004,0.9515701623047809,-0.22543787136137888,-0.8480258536793295,0.8210322017791669,-0.26390020646231793,-0.713381391755332,0.6636198216740948,-0.22515710554736687,-1.0181820647679416,0.2693099648457664,-0.08077691428967956,-1.2462588824717555,0.5581448066790647,-0.2817937972973999,-0.8413693002454852,0.47348674179397265,-0.19457845971036652,-0.712827312147352,0.33328589786589996,-0.07466190475362687,-0.997535098644629,-0.1517048146355283,-0.17582971304572156,-1.1931636780121266,0.1096193122597808,-0.26458411194890824,-0.9064641078045179,0.13515412164779347,-0.17172165305491055,-0.7864028107525766,0.04033637202397374,-0.06999110766096117,0.0,0.0,0.0,0.0,0.0,0.0,0.0,0.0,0.0,0.0,0.0,0.0,0.0,0.0,0.0,0.0,0.0,0.0,0.0,0.0,0.0,0.0,0.0,0.0,0.0,0.0,0.0,0.0,0.0,0.0,0.0,0.0,0.0,0.0,0.0,0.0,0.0,0.0,0.0,0.0,0.0,0.0,0.0,0.0,0.0,0.0,0.0,0.0,0.0,0.0,0.0,0.0,0.0,0.0,0.0,0.0,0.0,0.0,0.0,0.0,0.0,0.0,0.0,THUMBS_DOWN
0.0,0.0,0.0,-0.22852742526286723,0.6103670543415759,-0.15400512475803746,-0.5215711126673624,1.1399940064247542,-0.26685748875631193,-0.6823173255522382,1.6011940516799388,-0.37924650562187284,-0.7869989189090066,1.961899971862082,-0.4526425153430143,-1.1760516436440773,0.6625820531044105,-0.0634348497216975,-1.0820277587857108,1.1824022224268882,-0.2680171989439019,-0.7818088173742466,0.9968745020102698,-0.3977937292595359,-0.7912269561682089,0.8169541640190151,-0.47997228295403616,-1.2357995170464324,0.33591248059879014,-0.0762737638885228,-1.0283648907888951,0.8578661007492058,-0.28860024365864795,-0.7103770790349958,0.7099652527965572,-0.3340550533526751,-0.7748640224212383,0.5337036227448088,-0.3387420697614121,-1.1512936592997953,0.016472708621786278,-0.12416646218443313,-0.9324748330586634,0.46274609822813106,-0.31336097663624735,-0.6434563380359938,0.40101239052204646,-0.2394096790632873,-0.714749664576564,0.22794275473395806,-0.15966034192601766,-1.0079089224237998,-0.2466046539104909,-0.19342444706070822,-0.8242886256860428,0.08567178964685258,-0.2742349910380771,-0.6250291593604254,0.12395833410699679,-0.21621458040761643,-0.6646353887286789,-0.01297661749994149,-0.15701142646851068,0.0,0.0,0.0,0.0,0.0,0.0,0.0,0.0,0.0,0.0,0.0,0.0,0.0,0.0,0.0,0.0,0.0,0.0,0.0,0.0,0.0,0.0,0.0,0.0,0.0,0.0,0.0,0.0,0.0,0.0,0.0,0.0,0.0,0.0,0.0,0.0,0.0,0.0,0.0,0.0,0.0,0.0,0.0,0.0,0.0,0.0,0.0,0.0,0.0,0.0,0.0,0.0,0.0,0.0,0.0,0.0,0.0,0.0,0.0,0.0,0.0,0.0,0.0,THUMBS_DOWN
0.0,0.0,0.0,-0.11352661864221254,0.5944468271882026,-0.15804945145044855,-0.34918392126396264,1.1727312168223682,-0.2652080816636556,-0.4841356942586249,1.6794528920902243,-0.38104036285051895,-0.5329795494843544,2.0554348660611677,-0.4546526811263804,-0.977963238805615,0.8984323758734346,-0.016444606211739012,-1.0391111137962215,1.268081592690105,-0.24299014625503476,-0.7585859832640955,1.0884873068773537,-0.35525744026227857,-0.708996855040802,0.9331354394006455,-0.407892835754927,-1.0620123708686524,0.5765594499166588,-0.030927884072171237,-1.0334794744840643,0.9157845266345463,-0.2713828912875755,-0.686582542673313,0.7458090494044189,-0.2972035211405736,-0.7412726230133775,0.6164195880012101,-0.26559704422166586,-1.0524789839418955,0.22906291585482186,-0.09198818703536543,-0.9985803950798641,0.5217455700753377,-0.31404172343053155,-0.674466698150346,0.42117580723462783,-0.22450920195809163,-0.7375982538160853,0.2990570905402118,-0.11489380932979394,-0.9974142037780281,-0.10125891339770426,-0.1731827153798214,-0.9345822429053294,0.13180974165277293,-0.2582355390035144,-0.7047265975774619,0.15066110437410055,-0.18312100405037532,-0.7367101987270722,0.057527564908862905,-0.10528639417002005,0.0,0.0,0.0,0.0,0.0,0.0,0.0,0.0,0.0,0.0,0.0,0.0,0.0,0.0,0.0,0.0,0.0,0.0,0.0,0.0,0.0,0.0,0.0,0.0,0.0,0.0,0.0,0.0,0.0,0.0,0.0,0.0,0.0,0.0,0.0,0.0,0.0,0.0,0.0,0.0,0.0,0.0,0.0,0.0,0.0,0.0,0.0,0.0,0.0,0.0,0.0,0.0,0.0,0.0,0.0,0.0,0.0,0.0,0.0,0.0,0.0,0.0,0.0,THUMBS_DOWN
0.0,0.0,0.0,-0.19155693503114002,0.6436155632017139,-0.13180868966636855,-0.45493871048568607,1.1903772077966022,-0.23536918131316595,-0.5944928760492273,1.6471924320915814,-0.34906137154769673,-0.6456234966962929,2.002593872941788,-0.4261411824058261,-1.1048202049852396,0.7751220651281162,-0.015513454729101116,-1.0710521159717836,1.2642358674101737,-0.21726940515717644,-0.7771825664968096,1.1068631837292282,-0.33306209513810037,-0.7466824469907942,0.9401007626553461,-0.3979876758750119,-1.1656161461228713,0.4488205267734253,-0.03950776000960009,-1.0233853996356757,0.9447482406168174,-0.2529738437608779,-0.6934992898044464,0.7935682118031279,-0.2876338194377519,-0.7391724093389155,0.6144164985800281,-0.27589221726022123,-1.1180039888682307,0.1245281166377253,-0.1017227724023537,-0.9515561785560934,0.570873572671601,-0.2944689124673019,-0.6523653265514555,0.4822206406680811,-0.21782940733506387,-0.703555285177635,0.30601033894656027,-0.12905950434461197,-1.0175726671313368,-0.1625565929032653,-0.1832295038950151,-0.8729699944454673,0.18988790502801012,-0.26048296047935593,-0.6666769302790813,0.20119517510170792,-0.19484679250850034,-0.691119797017832,0.05912173399538459,-0.12654233201459628,0.0,0.0,0.0,0.0,0.0,0.0,0.0,0.0,0.0,0.0,0.0,0.0,0.0,0.0,0.0,0.0,0.0,0.0,0.0,0.0,0.0,0.0,0.0,0.0,0.0,0.0,0.0,0.0,0.0,0.0,0.0,0.0,0.0,0.0,0.0,0.0,0.0,0.0,0.0,0.0,0.0,0.0,0.0,0.0,0.0,0.0,0.0,0.0,0.0,0.0,0.0,0.0,0.0,0.0,0.0,0.0,0.0,0.0,0.0,0.0,0.0,0.0,0.0,THUMBS_DOWN
0.0,0.0,0.0,0.12177570147172326,-0.1793689020528937,0.011636685594653568,0.18958949390803653,-0.3649580499171901,-0.00041844424108113836,0.1544574391137671,-0.5440662823524045,-0.011410244467554492,0.05599597365678634,-0.5897472680883089,-0.016160981480302806,0.11258095601774423,-0.48689126771547786,-0.056126562653071324,0.09181097830016757,-0.6753879281347358,-0.06704140629591974,0.08196797070798081,-0.6023240084903376,-0.06009084911537365,0.07425262769151164,-0.5120958133791941,-0.0451714833980154,0.00010520043470914937,-0.493368884968769,-0.06964804560761309,0.008050505914942538,-0.7435230083851608,-0.06651185005363383,0.0056336254414245555,-0.8946124413654395,-0.06254892124559025,0.003619463604993166,-0.997990235894428,-0.06326443347249955,-0.10882592601472586,-0.47116215363856456,-0.07385864324988443,-0.08922338879692156,-0.5984056619205709,-0.061074835694915695,-0.0789888081272174,-0.5400261307387744,-0.040499354389145065,-0.07692949540151084,-0.455483422040112,-0.02726697182516963,-0.20027131858800418,-0.42450934334634693,-0.07685025217937595,-0.1614174430090246,-0.5171315591608716,-0.0434763241094958,-0.1432808312000674,-0.45828539296976534,0.0036972263353684705,-0.13832583386016664,-0.38862712415495154,0.03739442738888103,0.0,0.0,0.0,0.0,0.0,0.0,0.0,0.0,0.0,0.0,0.0,0.0,0.0,0.0,0.0,0.0,0.0,0.0,0.0,0.0,0.0,0.0,0.0,0.0,0.0,0.0,0.0,0.0,0.0,0.0,0.0,0.0,0.0,0.0,0.0,0.0,0.0,0.0,0.0,0.0,0.0,0.0,0.0,0.0,0.0,0.0,0.0,0.0,0.0,0.0,0.0,0.0,0.0,0.0,0.0,0.0,0.0,0.0,0.0,0.0,0.0,0.0,0.0,MIDDLE_FINGER
0.0,0.0,0.0,0.10027096195427586,-0.16021342178875575,0.004045810313597219,0.14062318317413494,-0.344352156678666,-0.019589101960417448,0.07878483113461095,-0.4750194520763128,-0.04461021416155767,-0.027144056322218106,-0.49674062690910303,-0.06566941395977421,0.11947699204287446,-0.43010406450681316,-0.07124120436834824,0.0810597177531634,-0.6334772515103976,-0.10546370597111765,0.06300907365513876,-0.5623315041586108,-0.11708646756219683,0.06431260178360686,-0.4799826737645177,-0.11418705039354529,0.008186872309281579,-0.4258208244329174,-0.09216300974588675,-0.004936946650634991,-0.7063329210542337,-0.11037601977403086,-0.019316651063892906,-0.8695348983321907,-0.11620744231454565,-0.029146582240045925,-0.9921036035020407,-0.12198736271429841,-0.10145313416992109,-0.4018864121942387,-0.10626686460372324,-0.10042319359218088,-0.5643174676013946,-0.11758371242445728,-0.08993393277677368,-0.4934832379129366,-0.0974316404067792,-0.08611761136662018,-0.4100190986283761,-0.07857207403707113,-0.19522864101941548,-0.36197831067556124,-0.11906266732370462,-0.1720681666577959,-0.49271972826090527,-0.10044659234058187,-0.1543679927107037,-0.43498672304480374,-0.05029664156223357,-0.14718989781660602,-0.3678882516162849,-0.012819563293285662,0.0,0.0,0.0,0.0,0.0,0.0,0.0,0.0,0.0,0.0,0.0,0.0,0.0,0.0,0.0,0.0,0.0,0.0,0.0,0.0,0.0,0.0,0.0,0.0,0.0,0.0,0.0,0.0,0.0,0.0,0.0,0.0,0.0,0.0,0.0,0.0,0.0,0.0,0.0,0.0,0.0,0.0,0.0,0.0,0.0,0.0,0.0,0.0,0.0,0.0,0.0,0.0,0.0,0.0,0.0,0.0,0.0,0.0,0.0,0.0,0.0,0.0,0.0,MIDDLE_FINGER
0.0,0.0,0.0,0.09946631978968629,-0.14678845622059938,0.009048698277532161,0.1481304260747346,-0.3292540958357431,-0.01184103951565022,0.10885260455930923,-0.4699434071891561,-0.03719694513212282,0.006132716329948991,-0.5089622347433279,-0.060957724911841524,0.14725263106308997,-0.43038980598109594,-0.05509725833395745,0.08633829801598321,-0.6331704263702325,-0.09377094162905125,0.06344009192200767,-0.5766248267640949,-0.11212957626667971,0.07445123548933856,-0.4945836759817195,-0.11383879570702814,0.04081993653138323,-0.4318342675362533,-0.08017744288443059,0.010401327820208608,-0.7046751241947801,-0.10616491472973624,-0.0053182133995714476,-0.8680501046610026,-0.11969225177357062,-0.010293010483001169,-0.9914535685775693,-0.13005335555071187,-0.06997704815945645,-0.40854455894270847,-0.09929731044020011,-0.09947234290506428,-0.566764394452749,-0.12228249994734446,-0.09708077114161726,-0.4884876907816166,-0.10712122006293698,-0.08784555795442583,-0.4094465451554614,-0.08948000264756462,-0.17149023978169534,-0.36643646563720655,-0.11618613213130567,-0.16568178428619415,-0.49433662951162555,-0.10912736181199088,-0.15566070265156973,-0.4245349428753053,-0.06390692237450954,-0.14628636537310638,-0.3569336681438782,-0.02829788472951586,0.0,0.0,0.0,0.0,0.0,0.0,0.0,0.0,0.0,0.0,0.0,0.0,0.0,0.0,0.0,0.0,0.0,0.0,0.0,0.0,0.0,0.0,0.0,0.0,0.0,0.0,0.0,0.0,0.0,0.0,0.0,0.0,0.0,0.0,0.0,0.0,0.0,0.0,0.0,0.0,0.0,0.0,0.0,0.0,0.0,0.0,0.0,0.0,0.0,0.0,0.0,0.0,0.0,0.0,0.0,0.0,0.0,0.0,0.0,0.0,0.0,0.0,0.0,MIDDLE_FINGER
0.0,0.0,0.0,0.09444482297217865,-0.1591581374199906,0.02174865527741788,0.13299074085651305,-0.34270389694636066,0.004808062876639025,0.09027289456709321,-0.46934762609962805,-0.0207113003009736,-0.006953151926207803,-0.49967396035362605,-0.04663946284497202,0.15894562981685656,-0.4426938460080308,-0.04783312443072895,0.0779484779427398,-0.6410787265036411,-0.08416127648766382,0.04546954969214015,-0.5914399955467715,-0.09981537854905033,0.052076003193077126,-0.514266583678039,-0.10173360422392207,0.05841556502417091,-0.44235115188904167,-0.08147671505771285,0.015743814818691186,-0.7114981774028283,-0.10968216383345597,-0.006922421203581057,-0.8724328299608505,-0.12419481743648793,-0.015560734210557302,-0.9906363195829812,-0.1356375533320847,-0.04989635684822378,-0.4142993101647313,-0.10794646002630671,-0.1082638701970147,-0.5636847052958093,-0.12970419578007533,-0.10939364330885613,-0.481051468373725,-0.11429245901255679,-0.0927616174828501,-0.40322442334706177,-0.0974581575172004,-0.15382915074630724,-0.36552201723713057,-0.13158719752817868,-0.173244821301885,-0.4896333020374493,-0.12603445860058196,-0.16365860518697653,-0.417855599759861,-0.08316305764164289,-0.14719615707582898,-0.35001389774864633,-0.04940899646904972,0.0,0.0,0.0,0.0,0.0,0.0,0.0,0.0,0.0,0.0,0.0,0.0,0.0,0.0,0.0,0.0,0.0,0.0,0.0,0.0,0.0,0.0,0.0,0.0,0.0,0.0,0.0,0.0,0.0,0.0,0.0,0.0,0.0,0.0,0.0,0.0,0.0,0.0,0.0,0.0,0.0,0.0,0.0,0.0,0.0,0.0,0.0,0.0,0.0,0.0,0.0,0.0,0.0,0.0,0.0,0.0,0.0,0.0,0.0,0.0,0.0,0.0,0.0,MIDDLE_FINGER
0.0,0.0,0.0,0.10195352360092762,-0.1454274392135234,0.009512436010519617,0.15195152545941046,-0.3354440727158961,-0.01021954682864259,0.11598231809925637,-0.4853255703897331,-0.03448991086480906,0.015367324916630159,-0.5270811924143893,-0.056376109471562345,0.15098452592526343,-0.42711311966602933,-0.055278728665981165,0.09507329300446896,-0.6252939262901328,-0.09735618772648091,0.07220008379461369,-0.5634726964191811,-0.11771436021849575,0.08039944013644773,-0.48089728682325567,-0.12102636057388393,0.04504579212300262,-0.42875585263363575,-0.08259397866939468,0.021314759165058886,-0.7038243436115691,-0.11380313033269304,0.005148510542908655,-0.8687125136951283,-0.12857349204750168,-0.001900677912764504,-0.9902229095001343,-0.1394810988075482,-0.06502476496492135,-0.4043953438463795,-0.10439158220379882,-0.09261213365501784,-0.5714919225143583,-0.1312259540310518,-0.09042312974352419,-0.49392174249256454,-0.11278901566466124,-0.08136545963660859,-0.4153214487479148,-0.09229278088484569,-0.1634629066574823,-0.3614149733492154,-0.1241966357644481,-0.1558740134856292,-0.49805601586319315,-0.11870753891049815,-0.14566147132941915,-0.4292474376810951,-0.07165637061894675,-0.1380358268830849,-0.36149847224483644,-0.03493095372203827,0.0,0.0,0.0,0.0,0.0,0.0,0.0,0.0,0.0,0.0,0.0,0.0,0.0,0.0,0.0,0.0,0.0,0.0,0.0,0.0,0.0,0.0,0.0,0.0,0.0,0.0,0.0,0.0,0.0,0.0,0.0,0.0,0.0,0.0,0.0,0.0,0.0,0.0,0.0,0.0,0.0,0.0,0.0,0.0,0.0,0.0,0.0,0.0,0.0,0.0,0.0,0.0,0.0,0.0,0.0,0.0,0.0,0.0,0.0,0.0,0.0,0.0,0.0,MIDDLE_FINGER
0.0,0.0,0.0,0.0965430764664616,-0.13976252075754042,0.015810577698084877,0.1512837568200389,-0.32361590951906216,-0.0056381094946030465,0.13261961907129427,-0.4687309065037854,-0.03336906882846568,0.04622578783189123,-0.5246270083670216,-0.06010116557469471,0.17838433059854022,-0.40703101978442313,-0.06240308114847843,0.10617011864415879,-0.6279932789408365,-0.10674140350120992,0.07410451977465607,-0.5785133846973678,-0.12409805777279694,0.08335440363572885,-0.49768229728466923,-0.1251942036698285,0.07690616224080932,-0.4013983267962395,-0.0956174453292786,0.03801852458043431,-0.6914388488628204,-0.13474252678366883,0.02026635165019422,-0.8605239320779225,-0.15082277296571484,0.013850564145510533,-0.9867422576149297,-0.1617030578246516,-0.03404591634651564,-0.3759856703963154,-0.12193967714316717,-0.08278903376149069,-0.566005508360191,-0.15729271593044014,-0.0885241298013894,-0.48858575542924154,-0.13842857714453816,-0.07882314736891538,-0.41078842406658367,-0.11561514651187725,-0.13930081428026922,-0.33692746601185297,-0.14476388635345092,-0.15553448123953859,-0.49616410640001146,-0.1493590920132008,-0.15073655692318197,-0.42632543518787763,-0.10498853239207363,-0.13862316864984295,-0.3531563016476568,-0.06804317210071867,0.0,0.0,0.0,0.0,0.0,0.0,0.0,0.0,0.0,0.0,0.0,0.0,0.0,0.0,0.0,0.0,0.0,0.0,0.0,0.0,0.0,0.0,0.0,0.0,0.0,0.0,0.0,0.0,0.0,0.0,0.0,0.0,0.0,0.0,0.0,0.0,0.0,0.0,0.0,0.0,0.0,0.0,0.0,0.0,0.0,0.0,0.0,0.0,0.0,0.0,0.0,0.0,0.0,0.0,0.0,0.0,0.0,0.0,0.0,0.0,0.0,0.0,0.0,MIDDLE_FINGER
0.0,0.0,0.0,0.10888334643350189,-0.15499525598080766,0.03174475998404811,0.155226631578533,-0.32849268986135466,0.015800363228673845,0.13476036422494705,-0.46907800437754577,-0.00872466408428965,0.04825325377617589,-0.5290627637350935,-0.031562663741070314,0.17659091714683853,-0.41720483033931177,-0.04565972298305634,0.11423622270301324,-0.6168121105170212,-0.08688084910736761,0.08377346406183064,-0.5662118049554418,-0.10331424493831624,0.08815870360867263,-0.4796464571113248,-0.10278735390880218,0.07059873654174272,-0.42369836045820597,-0.08264659848325633,0.04019530497689995,-0.7055169864550184,-0.12096619167526029,0.02470270490691437,-0.8723136086764798,-0.13729190583576045,0.021375545605243476,-0.9888324709105847,-0.14749044214099405,-0.04401645299584949,-0.4055624364481156,-0.11048290810528287,-0.08811087872060276,-0.5722957360962592,-0.1367173563972173,-0.08978099645740219,-0.5027480574110595,-0.11327731177486784,-0.07767064511711735,-0.4253437787591415,-0.08903836450487783,-0.15122253822825799,-0.3637074262416922,-0.13423143082291208,-0.1651225089876839,-0.5032713464395101,-0.12567729124268215,-0.15853284478998597,-0.4338201650601123,-0.07392720575339508,-0.14724217570851889,-0.3625589024740194,-0.033022624390610815,0.0,0.0,0.0,0.0,0.0,0.0,0.0,0.0,0.0,0.0,0.0,0.0,0.0,0.0,0.0,0.0,0.0,0.0,0.0,0.0,0.0,0.0,0.0,0.0,0.0,0.0,0.0,0.0,0.0,0.0,0.0,0.0,0.0,0.0,0.0,0.0,0.0,0.0,0.0,0.0,0.0,0.0,0.0,0.0,0.0,0.0,0.0,0.0,0.0,0.0,0.0,0.0,0.0,0.0,0.0,0.0,0.0,0.0,0.0,0.0,0.0,0.0,0.0,MIDDLE_FINGER
0.0,0.0,0.0,0.12046467581368547,-0.1609681555802225,0.026411365701228158,0.17803089059711905,-0.32522534754709215,0.015898785462456596,0.13592237677695954,-0.4743547538288782,-0.0008145865945625768,0.03909367704229684,-0.5191013819467698,-0.015498162068687796,0.16042081329947167,-0.4583225322095333,-0.03286006564707708,0.11086436770480253,-0.6306634789424275,-0.05874120437323033,0.08009889981543665,-0.5745153713868041,-0.06917229785033813,0.0774946074958806,-0.4904319707584752,-0.06606990989989499,0.05073749699329896,-0.47288621561575195,-0.06137507204981867,0.036121268728128215,-0.7317271735158487,-0.07957851556447938,0.02110310249016884,-0.8889888026663135,-0.09088996663396348,0.017172505454994724,-0.9948784707507302,-0.09960890267986355,-0.059941755777379285,-0.453025315868683,-0.08116482673732585,-0.08554167145522312,-0.5753865893067854,-0.0905666855216931,-0.08333403242436568,-0.5038023724971701,-0.07468559171191858,-0.07307525267786773,-0.4221351294347929,-0.05879917547031054,-0.1626387197165611,-0.4044879083575415,-0.09784869708964819,-0.15900149814386944,-0.5053895896158606,-0.07791431664138848,-0.14698503246903474,-0.43338501393462847,-0.029420856940616885,-0.1379563761877167,-0.3612469622323802,0.007665984321030527,0.0,0.0,0.0,0.0,0.0,0.0,0.0,0.0,0.0,0.0,0.0,0.0,0.0,0.0,0.0,0.0,0.0,0.0,0.0,0.0,0.0,0.0,0.0,0.0,0.0,0.0,0.0,0.0,0.0,0.0,0.0,0.0,0.0,0.0,0.0,0.0,0.0,0.0,0.0,0.0,0.0,0.0,0.0,0.0,0.0,0.0,0.0,0.0,0.0,0.0,0.0,0.0,0.0,0.0,0.0,0.0,0.0,0.0,0.0,0.0,0.0,0.0,0.0,MIDDLE_FINGER
0.0,0.0,0.0,0.13484131652199538,-0.1544839976761124,0.0194397231508043,0.2048459154963701,-0.3318861722077545,0.007478074783665481,0.1997232006066554,-0.5250318038234627,-0.0037001312413455444,0.1114004983092964,-0.5833093877013767,-0.008643060341505172,0.14648491178984266,-0.4444765168754507,-0.06042761545893294,0.1360328527848422,-0.6156759739480365,-0.08215543706438282,0.11397698808033868,-0.5495472476368081,-0.0847400402971169,0.09881962058404475,-0.46653238157995425,-0.07643561460193583,0.03365183539247939,-0.46349347250112843,-0.08009376804157729,0.04607463023809341,-0.7138134876461814,-0.10351969877220157,0.040544955631993826,-0.8764897580123967,-0.11718734828631279,0.03861185857224633,-0.9911859540626319,-0.12672619637054947,-0.07560647858866641,-0.45293694667576495,-0.08647948006827043,-0.04861593927110168,-0.5759460131425516,-0.08993957862706367,-0.04738922227022083,-0.5183513042889225,-0.06465274624315419,-0.0542560721769675,-0.44071048800136264,-0.04377976664293617,-0.1653792725292708,-0.4157790204386891,-0.09023479341188742,-0.12750851387089412,-0.5053239845342958,-0.06163828796929663,-0.11447597077524926,-0.4433170887970978,-0.007171693665427129,-0.11907711970153373,-0.3801311006388904,0.033749376726036145,0.0,0.0,0.0,0.0,0.0,0.0,0.0,0.0,0.0,0.0,0.0,0.0,0.0,0.0,0.0,0.0,0.0,0.0,0.0,0.0,0.0,0.0,0.0,0.0,0.0,0.0,0.0,0.0,0.0,0.0,0.0,0.0,0.0,0.0,0.0,0.0,0.0,0.0,0.0,0.0,0.0,0.0,0.0,0.0,0.0,0.0,0.0,0.0,0.0,0.0,0.0,0.0,0.0,0.0,0.0,0.0,0.0,0.0,0.0,0.0,0.0,0.0,0.0,MIDDLE_FINGER
0.0,0.0,0.0,0.1311296713136679,-0.16578686546409396,0.01990770238559418,0.19533526994206035,-0.34937945310556334,0.006829614535074761,0.19112147137245553,-0.5453701465769478,-0.004836664830577261,0.10332658137698654,-0.6010936535155326,-0.009631864525172578,0.13050983302366878,-0.4488780156413591,-0.07235643171184884,0.11562924729724759,-0.6234009829136222,-0.09491574257187393,0.10167551560763746,-0.5562943683730648,-0.09455142193391056,0.0867128902708897,-0.47373631535473937,-0.08324743193255,0.01649442844208307,-0.4593853392361795,-0.0907363939384566,0.025966802252184826,-0.7097227333363669,-0.11507359881750645,0.02309407586082213,-0.8748900582948912,-0.12629260858729913,0.020354161325015337,-0.9907895449619079,-0.133872273869278,-0.09206199197795388,-0.44797468657447836,-0.09474594961247981,-0.060666579576029035,-0.5678174346569013,-0.09424877059014342,-0.05578619056099398,-0.5215191026963429,-0.06582252485880308,-0.06288775363565113,-0.44805523726265745,-0.04379019007559098,-0.17869157705469166,-0.4149308884630699,-0.09660507364041344,-0.13265224310168877,-0.5041170273131513,-0.06253372382620666,-0.11766832617823195,-0.44842731890731463,-0.006027104907115863,-0.12188376256219902,-0.3857151091928523,0.03547773816529125,0.0,0.0,0.0,0.0,0.0,0.0,0.0,0.0,0.0,0.0,0.0,0.0,0.0,0.0,0.0,0.0,0.0,0.0,0.0,0.0,0.0,0.0,0.0,0.0,0.0,0.0,0.0,0.0,0.0,0.0,0.0,0.0,0.0,0.0,0.0,0.0,0.0,0.0,0.0,0.0,0.0,0.0,0.0,0.0,0.0,0.0,0.0,0.0,0.0,0.0,0.0,0.0,0.0,0.0,0.0,0.0,0.0,0.0,0.0,0.0,0.0,0.0,0.0,MIDDLE_FINGER
0.0,0.0,0.0,0.12933391891662385,-0.1583071334480803,0.0050260715115184925,0.21171020987378883,-0.3262763405438136,-0.012654590884932506,0.21383841151183433,-0.5121281142520555,-0.02423714592548917,0.13458762737300464,-0.581838805777662,-0.02618919381481208,0.1107622329421378,-0.44208969054960756,-0.08842003448734273,0.115653819387874,-0.6271333031634767,-0.10604838821514662,0.10616986744350887,-0.5528286295231223,-0.09455626837956795,0.09133418131991394,-0.45926785342955956,-0.07329955295990648,-0.004335470500817759,-0.4501682152261991,-0.09756860288425796,0.016236704438316815,-0.7151965556969008,-0.11895476240992106,0.013184239275537666,-0.878206792847758,-0.11996119779715539,0.006101697093320397,-0.9930234990162199,-0.11775865018827596,-0.1075556013876516,-0.43473070701105,-0.09322834683231536,-0.05318130608720905,-0.5822163591239875,-0.09325814400668962,-0.04119248094908331,-0.5410332104588635,-0.06248001431970203,-0.048686966311429124,-0.4653088539358685,-0.0370488837800731,-0.1859944033394637,-0.39313943625844233,-0.08733250191991408,-0.11764842974845362,-0.506794750710541,-0.05348893739992032,-0.0981261000134747,-0.45832433747650025,0.004853902468932853,-0.09836609402458776,-0.39155676907799125,0.04927963402655187,0.0,0.0,0.0,0.0,0.0,0.0,0.0,0.0,0.0,0.0,0.0,0.0,0.0,0.0,0.0,0.0,0.0,0.0,0.0,0.0,0.0,0.0,0.0,0.0,0.0,0.0,0.0,0.0,0.0,0.0,0.0,0.0,0.0,0.0,0.0,0.0,0.0,0.0,0.0,0.0,0.0,0.0,0.0,0.0,0.0,0.0,0.0,0.0,0.0,0.0,0.0,0.0,0.0,0.0,0.0,0.0,0.0,0.0,0.0,0.0,0.0,0.0,0.0,MIDDLE_FINGER
0.0,0.0,0.0,0.11508224799568352,-0.14871243453212685,-0.012961634865596813,0.1983647886294609,-0.3502294528082036,-0.031336310011917085,0.18473500319194977,-0.544197432820812,-0.04278938333221913,0.10018886936913021,-0.6094422987003012,-0.04520947540119437,0.11407403543508256,-0.4440461329253909,-0.08710919566762027,0.09619096594956565,-0.6618782688645087,-0.10607319890488573,0.09012182400562153,-0.5902201036806934,-0.09674030728187384,0.09126228373632929,-0.4993223028489867,-0.07862453490215503,-0.003558150434980389,-0.4409717304433346,-0.09122034843005392,-0.002259872688185838,-0.7151124428209226,-0.10362432324261507,-0.01431501854350323,-0.8765490614452383,-0.10219054459947845,-0.027477185330939163,-0.9944587893435918,-0.10147275783956565,-0.11403292538269932,-0.4151919903215649,-0.08765546925643584,-0.08427803333766008,-0.5763304135419908,-0.09491976959328981,-0.0697655291836652,-0.5140928102822926,-0.07355704889163751,-0.06864946010604604,-0.4303069829466115,-0.05417835537716187,-0.20328973356520785,-0.3723353835916373,-0.08356545342085553,-0.14748208344285862,-0.49825816225858843,-0.06571702341627916,-0.1286460737638206,-0.43987716710284736,-0.020279468014383416,-0.12459637298957862,-0.37247779353386434,0.01508295483417328,0.0,0.0,0.0,0.0,0.0,0.0,0.0,0.0,0.0,0.0,0.0,0.0,0.0,0.0,0.0,0.0,0.0,0.0,0.0,0.0,0.0,0.0,0.0,0.0,0.0,0.0,0.0,0.0,0.0,0.0,0.0,0.0,0.0,0.0,0.0,0.0,0.0,0.0,0.0,0.0,0.0,0.0,0.0,0.0,0.0,0.0,0.0,0.0,0.0,0.0,0.0,0.0,0.0,0.0,0.0,0.0,0.0,0.0,0.0,0.0,0.0,0.0,0.0,MIDDLE_FINGER
0.0,0.0,0.0,0.11961156116636439,-0.15172178182805243,-0.004220208423592925,0.20759631181579163,-0.3503945014135513,-0.020827985033865112,0.20957253455665723,-0.5540574142868783,-0.03281885367159512,0.1185740698793147,-0.6183165899864058,-0.03582540119862475,0.11726017931873402,-0.4438932572455169,-0.0692877898724918,0.10321319628527104,-0.6509213152416431,-0.09239008766706724,0.09858187314470022,-0.5675889222946703,-0.09239201957614268,0.09702114713079689,-0.4721249740408755,-0.07903353366579538,0.0035030882405173284,-0.4439154461431136,-0.07714036698273301,0.012328561935194752,-0.7029799320106088,-0.08996679230775341,0.008850484301795076,-0.8692781521858765,-0.09424392677368115,0.001794478995810634,-0.9951781495387607,-0.09806747945033387,-0.10501973167630761,-0.420734589390284,-0.07714517671487102,-0.08153053902855063,-0.5700534290421866,-0.08264280475947951,-0.06891364968412264,-0.5094596540103937,-0.06168220853997787,-0.06882515061278326,-0.42898578106768304,-0.04323725854494998,-0.1952463305401423,-0.3797404086911203,-0.07626489953897242,-0.15002587027619008,-0.493821226807106,-0.054309558526797655,-0.13739455173534806,-0.42748732505252646,-0.004891913569381778,-0.13822734082260404,-0.3563182957742481,0.0326580460025237,0.0,0.0,0.0,0.0,0.0,0.0,0.0,0.0,0.0,0.0,0.0,0.0,0.0,0.0,0.0,0.0,0.0,0.0,0.0,0.0,0.0,0.0,0.0,0.0,0.0,0.0,0.0,0.0,0.0,0.0,0.0,0.0,0.0,0.0,0.0,0.0,0.0,0.0,0.0,0.0,0.0,0.0,0.0,0.0,0.0,0.0,0.0,0.0,0.0,0.0,0.0,0.0,0.0,0.0,0.0,0.0,0.0,0.0,0.0,0.0,0.0,0.0,0.0,MIDDLE_FINGER
0.0,0.0,0.0,-0.18120675534164846,-0.2920303140728222,-0.007359351504925557,-0.21024017386977786,-0.6887284925576032,-0.00858425045912361,-0.09505097375655329,-0.9727462136380851,0.014909401283869177,-0.008987350333854506,-1.0913127585870088,0.03477177349584347,-0.05555220773653441,-0.8654552754541285,-0.20615179094183464,-0.024931628123443444,-1.41907035254777,-0.2025038745814419,-0.027142639139516988,-1.6992636079989814,-0.16210182448602575,-0.020418429030699778,-1.927898786547511,-0.13811030445886616,0.12240736227485764,-0.8226112139238713,-0.18189906891216973,0.20456116421170184,-1.2824439472949127,-0.1841158684288622,0.1413629031152397,-1.1594823279099438,-0.11256233183307934,0.10263515229630574,-0.9931115323580213,-0.05652884052071925,0.2511981653000618,-0.7285348012884721,-0.13643389581351434,0.30194598292966607,-1.1135481881509746,-0.11357416664677834,0.22074280323006046,-1.0338071117602468,-0.03655410660313957,0.1823529438709844,-0.8992193052338416,0.008746136129098848,0.32295228815881777,-0.6215345308644089,-0.08613740953937209,0.32666373086074885,-0.9016228738298264,-0.0459143287639397,0.24511010159824764,-0.8439372275261909,0.018254070319729112,0.21928240049763562,-0.7357549256537049,0.061459941754139005,0.0,0.0,0.0,0.0,0.0,0.0,0.0,0.0,0.0,0.0,0.0,0.0,0.0,0.0,0.0,0.0,0.0,0.0,0.0,0.0,0.0,0.0,0.0,0.0,0.0,0.0,0.0,0.0,0.0,0.0,0.0,0.0,0.0,0.0,0.0,0.0,0.0,0.0,0.0,0.0,0.0,0.0,0.0,0.0,0.0,0.0,0.0,0.0,0.0,0.0,0.0,0.0,0.0,0.0,0.0,0.0,0.0,0.0,0.0,0.0,0.0,0.0,0.0,MIDDLE_FINGER
0.0,0.0,0.0,0.1369643200093143,-0.17121722040181325,-0.0042446908239127555,0.21443086184314625,-0.3599257328346219,-0.018097844076561804,0.19954707246932127,-0.5342352066516611,-0.027324771377063982,0.12327975102409339,-0.5866154377118412,-0.027401569074989657,0.07320136470938236,-0.4937892087429276,-0.0708696317090504,0.10468085072692403,-0.6531924655942513,-0.09568068805722972,0.10375817172721608,-0.5785529151604485,-0.0937651290720862,0.0890779357020118,-0.48459114180212887,-0.07643674037940988,-0.03757480710246388,-0.49484907640414155,-0.07580257070871507,-0.010333349019188497,-0.7396450614899868,-0.0883220361318847,-0.013471441284506551,-0.8947013001797864,-0.08063884809888654,-0.015489793399148456,-0.9973838655848127,-0.07060800925920428,-0.13696153295476649,-0.4636301308035039,-0.07309673420932275,-0.06756423539211896,-0.5827533014638809,-0.07021970698294126,-0.054104466947836154,-0.5245344206481928,-0.03788784541665996,-0.0535737461841804,-0.4350203928816424,-0.008346692308666026,-0.21165364395845312,-0.3985592927764806,-0.07112133552359405,-0.14734862294341203,-0.4848045318138595,-0.03133557034418693,-0.12542866844708062,-0.4325161096093718,0.02970095909088078,-0.1104678907899822,-0.35809099843136466,0.0774533946875891,0.0,0.0,0.0,0.0,0.0,0.0,0.0,0.0,0.0,0.0,0.0,0.0,0.0,0.0,0.0,0.0,0.0,0.0,0.0,0.0,0.0,0.0,0.0,0.0,0.0,0.0,0.0,0.0,0.0,0.0,0.0,0.0,0.0,0.0,0.0,0.0,0.0,0.0,0.0,0.0,0.0,0.0,0.0,0.0,0.0,0.0,0.0,0.0,0.0,0.0,0.0,0.0,0.0,0.0,0.0,0.0,0.0,0.0,0.0,0.0,0.0,0.0,0.0,MIDDLE_FINGER
0.0,0.0,0.0,0.1505715148405074,-0.17432919515415413,-0.01942617344697032,0.22536786388422186,-0.3738596463714931,-0.03746165212337253,0.20515618260953225,-0.5471214896019267,-0.05017960951583013,0.1282946882429849,-0.5916102440181867,-0.05458794010385261,0.05024691713540152,-0.5104769107850234,-0.06921852055911633,0.0837433311545775,-0.6664417775194943,-0.10131709946778203,0.09635597997974299,-0.5796444219393291,-0.11186502504854065,0.0941762994552252,-0.4805509425872397,-0.1034142552184443,-0.06264339427389637,-0.5077696659942541,-0.06986310184819773,-0.026467086145957237,-0.7596148809717541,-0.07942535190145504,-0.02036646587507982,-0.9048641556915139,-0.0763330027547847,-0.01588115662371973,-0.9973699700353724,-0.07071726617971959,-0.16167089432643025,-0.46962012434153233,-0.06665125807833673,-0.0896950421567549,-0.5831312624660953,-0.06702419391321562,-0.0714178982567504,-0.5167793183098127,-0.045029269275647946,-0.06531788577880647,-0.42742268175190395,-0.022767795780871954,-0.2355535955260438,-0.40175747708283743,-0.06527574669577867,-0.17417430925494165,-0.47249566024232453,-0.03315801808892443,-0.1490808013723513,-0.4172686228751706,0.016882048961845118,-0.1325948232472813,-0.35252327803969236,0.056299052030455876,0.0,0.0,0.0,0.0,0.0,0.0,0.0,0.0,0.0,0.0,0.0,0.0,0.0,0.0,0.0,0.0,0.0,0.0,0.0,0.0,0.0,0.0,0.0,0.0,0.0,0.0,0.0,0.0,0.0,0.0,0.0,0.0,0.0,0.0,0.0,0.0,0.0,0.0,0.0,0.0,0.0,0.0,0.0,0.0,0.0,0.0,0.0,0.0,0.0,0.0,0.0,0.0,0.0,0.0,0.0,0.0,0.0,0.0,0.0,0.0,0.0,0.0,0.0,MIDDLE_FINGER
0.0,0.0,0.0,-0.17894191500719447,-0.16986059151583657,0.004174190849485008,-0.2603455289909662,-0.40296702418052216,0.010439095274782728,-0.20771271227744711,-0.576434563678517,0.020065744759586723,-0.12121643931043134,-0.5796757147303341,0.030611583833640946,-0.1361925335581411,-0.6094824649448314,-0.054060382091244676,-0.07179588253076236,-0.852010153601798,-0.02592794340803787,-0.04520001648259291,-0.9344846650248793,0.009966218795930659,-0.03805954719632041,-0.9837534156853802,0.03304415700499569,-0.006232384106308907,-0.6128074198925745,-0.051820627651586924,0.03358185629551644,-0.8834990351119131,-0.01881135105845934,0.01544845419955907,-0.9680782349981564,0.015430734842614919,-0.004141610548943147,-0.9993947917992004,0.03453834371670956,0.11536691165173932,-0.5627899372388285,-0.04033621909167682,0.16655827777074517,-0.7142762494193857,-0.00794778277441792,0.1308321895227132,-0.6627510827918416,0.016850167014953076,0.10254640926551443,-0.5740983531951841,0.03007672472863858,0.2135649521635401,-0.4832274146609582,-0.02796307208258457,0.24458630856195548,-0.6048758449733721,0.014952459090419996,0.19607423003868502,-0.5648918741669461,0.05187235609387095,0.16998763381960433,-0.49049783501661687,0.07648000714000197,0.0,0.0,0.0,0.0,0.0,0.0,0.0,0.0,0.0,0.0,0.0,0.0,0.0,0.0,0.0,0.0,0.0,0.0,0.0,0.0,0.0,0.0,0.0,0.0,0.0,0.0,0.0,0.0,0.0,0.0,0.0,0.0,0.0,0.0,0.0,0.0,0.0,0.0,0.0,0.0,0.0,0.0,0.0,0.0,0.0,0.0,0.0,0.0,0.0,0.0,0.0,0.0,0.0,0.0,0.0,0.0,0.0,0.0,0.0,0.0,0.0,0.0,0.0,MIDDLE_FINGER
0.0,0.0,0.0,0.11148196826145539,-0.14912379351049562,0.012937960206244364,0.17166399711575886,-0.3356442045354525,-0.0010665647740877304,0.1837821676928561,-0.5216425062059823,-0.013733599754072246,0.10120079694559718,-0.5810326213492075,-0.018454854316076144,0.12146391679382279,-0.41935257733633735,-0.08139521961307741,0.09766289250824119,-0.6310629633078126,-0.10389527763033295,0.08657068279497984,-0.5693500385286314,-0.0966459989113534,0.08189597016171804,-0.4896494523308125,-0.07971285671428249,0.009887408652376185,-0.4198650972588112,-0.09822549889917509,0.00768812390259778,-0.6913325973116553,-0.12539976163486438,-0.0017239848259028086,-0.8637187815909001,-0.13035436919936091,-0.010740976451379948,-0.9910973191517835,-0.13270544598854642,-0.10222388639760524,-0.4018799821865114,-0.10305769899011566,-0.08282468226647985,-0.5683381638360263,-0.11286115270751684,-0.07145876741068807,-0.5188543653211756,-0.08499334243244501,-0.07217987102254082,-0.4445716456442055,-0.0611001688526628,-0.19255210954597798,-0.36690320635675355,-0.10555762191270567,-0.14948802939197464,-0.49641146465256797,-0.08267058020187293,-0.13462018401304704,-0.4414503668097907,-0.030280550604697684,-0.13423590242635494,-0.3777671659184946,0.00917399896290042,0.0,0.0,0.0,0.0,0.0,0.0,0.0,0.0,0.0,0.0,0.0,0.0,0.0,0.0,0.0,0.0,0.0,0.0,0.0,0.0,0.0,0.0,0.0,0.0,0.0,0.0,0.0,0.0,0.0,0.0,0.0,0.0,0.0,0.0,0.0,0.0,0.0,0.0,0.0,0.0,0.0,0.0,0.0,0.0,0.0,0.0,0.0,0.0,0.0,0.0,0.0,0.0,0.0,0.0,0.0,0.0,0.0,0.0,0.0,0.0,0.0,0.0,0.0,MIDDLE_FINGER
0.0,0.0,0.0,0.11597386092591964,-0.16241704645477026,-4.7037900726918884e-05,0.18799183074396347,-0.3545572664785837,-0.019254047777004814,0.16913696353727498,-0.5471881145203166,-0.03372296942956534,0.07045776643498682,-0.5872145288496113,-0.040727878084485115,0.10795508395612986,-0.44804589573850784,-0.07946704539204287,0.092883961396285,-0.6422879691245889,-0.10313577440502206,0.08672366198572491,-0.5766959376962713,-0.10544497651295803,0.08219129839759506,-0.4961014066745271,-0.09508555397294782,-0.011209744908243929,-0.4493520893779292,-0.08926221428107944,-0.005768938966200079,-0.7103489082095967,-0.09678293126091882,-0.01328016790421309,-0.8755524137885595,-0.09748778996512733,-0.021356567212216772,-0.9947676360068987,-0.09990619295197163,-0.12099528101365399,-0.4322764952073982,-0.08997295963097596,-0.07938530006235359,-0.5693249405758933,-0.08413030990781294,-0.06827398458456777,-0.5226064250382679,-0.06296348388814436,-0.07217595979263756,-0.44353914789891125,-0.04705628739278778,-0.2071929820113456,-0.3991206017991217,-0.09058429335146753,-0.14406024578602517,-0.5009968957612921,-0.057598071537259016,-0.12735851582261468,-0.452838555143533,-0.008947388145919073,-0.12619527796590757,-0.3889705316906313,0.026238117073586805,0.0,0.0,0.0,0.0,0.0,0.0,0.0,0.0,0.0,0.0,0.0,0.0,0.0,0.0,0.0,0.0,0.0,0.0,0.0,0.0,0.0,0.0,0.0,0.0,0.0,0.0,0.0,0.0,0.0,0.0,0.0,0.0,0.0,0.0,0.0,0.0,0.0,0.0,0.0,0.0,0.0,0.0,0.0,0.0,0.0,0.0,0.0,0.0,0.0,0.0,0.0,0.0,0.0,0.0,0.0,0.0,0.0,0.0,0.0,0.0,0.0,0.0,0.0,MIDDLE_FINGER
0.0,0.0,0.0,0.18348111086158905,-0.25106564084364186,-0.009943753653222956,0.2598042327651782,-0.5157627506017213,-0.02600100021925931,0.2091359643804954,-0.7471225523379119,-0.03453511533892215,0.11128620316285613,-0.8098688801936026,-0.043054243486789184,0.02925879484140328,-0.6645285747770167,-0.10695600329251075,-0.003119085204386631,-1.0007305370783046,-0.1281366520480782,-0.008153997178898469,-1.1180626884789286,-0.12053358268390953,-0.0227526727098178,-1.2089130570522268,-0.10874125735639745,-0.12234597129255842,-0.6400816543560635,-0.10491310981391587,-0.09850903838741687,-0.9802648594357386,-0.11691539298648006,-0.06623957314196648,-1.0155634319588365,-0.09227144484024623,-0.05176617859798656,-0.9960765167013983,-0.07177628876843982,-0.23856072848161125,-0.5684518947990107,-0.09248814355034189,-0.14341490493521997,-0.768588907188993,-0.09204349888930817,-0.1046332965913491,-0.7065662920674073,-0.05207883133298801,-0.09301657033075465,-0.605738283913087,-0.02311770738881737,-0.330931372482092,-0.47317245066565394,-0.0793593131746982,-0.25609354082261604,-0.6269152583829928,-0.048682272115849023,-0.213276594492117,-0.5678135227252628,0.004426290796360995,-0.190726802186522,-0.48415102923635756,0.043996558437838985,0.0,0.0,0.0,0.0,0.0,0.0,0.0,0.0,0.0,0.0,0.0,0.0,0.0,0.0,0.0,0.0,0.0,0.0,0.0,0.0,0.0,0.0,0.0,0.0,0.0,0.0,0.0,0.0,0.0,0.0,0.0,0.0,0.0,0.0,0.0,0.0,0.0,0.0,0.0,0.0,0.0,0.0,0.0,0.0,0.0,0.0,0.0,0.0,0.0,0.0,0.0,0.0,0.0,0.0,0.0,0.0,0.0,0.0,0.0,0.0,0.0,0.0,0.0,MIDDLE_FINGER
0.0,0.0,0.0,0.10657806030692324,-0.18031626085170746,0.02360010985476849,0.15775566004705646,-0.3684705324744263,0.010966750961264624,0.1630244601405514,-0.5622377961703926,-0.00445111850582965,0.08121712736213405,-0.6041612669053408,-0.013567740611510599,0.06472722492816069,-0.4643354448224515,-0.051779821404327214,0.03233772409884108,-0.6572256600152834,-0.0814504151660826,0.0277670715768842,-0.5945017507560948,-0.0956142479833081,0.03273231209625935,-0.5089719176121307,-0.09333066610503507,-0.0507674294123995,-0.4518440866942332,-0.07313621873597738,-0.07115779623125006,-0.716352122040824,-0.09342775980247528,-0.08584966540480574,-0.8744546368709146,-0.1038660966004621,-0.09340788458654554,-0.9892882256411938,-0.11217742065480506,-0.1569335441894012,-0.42058524172504896,-0.08399718926039167,-0.11847216152127872,-0.5678901385588038,-0.07997000749156476,-0.10535282561911374,-0.5292547367651016,-0.0546241021264073,-0.1025997828928126,-0.455070812537655,-0.035999426603114795,-0.2354297303981308,-0.3775431963670771,-0.09369880482263389,-0.18309999978250657,-0.48863638481641547,-0.05247186671834462,-0.16029296639636373,-0.44985738889018617,0.004181633488057652,-0.14836276940418894,-0.3884549697263252,0.043545580494059925,0.0,0.0,0.0,0.0,0.0,0.0,0.0,0.0,0.0,0.0,0.0,0.0,0.0,0.0,0.0,0.0,0.0,0.0,0.0,0.0,0.0,0.0,0.0,0.0,0.0,0.0,0.0,0.0,0.0,0.0,0.0,0.0,0.0,0.0,0.0,0.0,0.0,0.0,0.0,0.0,0.0,0.0,0.0,0.0,0.0,0.0,0.0,0.0,0.0,0.0,0.0,0.0,0.0,0.0,0.0,0.0,0.0,0.0,0.0,0.0,0.0,0.0,0.0,MIDDLE_FINGER
0.0,0.0,0.0,0.08040514156821013,-0.1585922581915568,0.01811123681774278,0.11162135251292639,-0.34390948615309247,-0.005689200704481219,0.07428988676063783,-0.4816715663842721,-0.03734956678852485,-0.015587207312431722,-0.5108076298826273,-0.06862797493752809,0.14960987655610578,-0.42891564718191844,-0.06694332516777418,0.0500879039994123,-0.6294200463535838,-0.11587633516231392,0.014094726194603465,-0.5735219503245128,-0.13607538869291372,0.02553745071604048,-0.49934516541253693,-0.1405775447499741,0.0544466055189056,-0.4117629410844457,-0.10573822233666799,-0.013916462372580657,-0.6955111569404929,-0.14893729970140096,-0.052283268288933885,-0.8587263902498412,-0.16743969960954214,-0.07014802253426042,-0.9809374195031124,-0.18122095340524955,-0.05044302164712554,-0.3689764009502117,-0.13670317697065462,-0.12339653402673476,-0.5617771844458744,-0.17044641607432684,-0.1314677558893946,-0.4815150567913775,-0.14584525328000109,-0.11587088003068369,-0.405116016945541,-0.12163657303619672,-0.1529004051397946,-0.31052047086017276,-0.1651476876249874,-0.19438884222202185,-0.46808715814796786,-0.17053839315650896,-0.18561715432423845,-0.4016536702373488,-0.12510633481438688,-0.1670997732050657,-0.3366766078240585,-0.08846600646077278,0.0,0.0,0.0,0.0,0.0,0.0,0.0,0.0,0.0,0.0,0.0,0.0,0.0,0.0,0.0,0.0,0.0,0.0,0.0,0.0,0.0,0.0,0.0,0.0,0.0,0.0,0.0,0.0,0.0,0.0,0.0,0.0,0.0,0.0,0.0,0.0,0.0,0.0,0.0,0.0,0.0,0.0,0.0,0.0,0.0,0.0,0.0,0.0,0.0,0.0,0.0,0.0,0.0,0.0,0.0,0.0,0.0,0.0,0.0,0.0,0.0,0.0,0.0,MIDDLE_FINGER
0.0,0.0,0.0,0.1115906951916784,-0.16794771250883223,0.05162300532788558,0.16883821581413386,-0.3418732286068602,0.05334029049064784,0.15978941747755834,-0.4959518498241459,0.044463887354914314,0.08389376431735827,-0.5602191901470769,0.035577379731125486,0.168139296937387,-0.47386812721247895,-0.02012179404647614,0.09010737991342002,-0.6486841979239041,-0.031205702336562606,0.060170337590063905,-0.6042723722417574,-0.02528740491448785,0.06034755575188182,-0.5258833508731893,-0.014352440818849071,0.0631450783503069,-0.4825934793150938,-0.0605951718378396,0.02882858222841856,-0.7460802519581602,-0.07351732091904693,0.006095299127864831,-0.8988422561371108,-0.07581846976117866,-0.005773802601532729,-0.9969109079951282,-0.07832818601147189,-0.0493208303342175,-0.4558985442375722,-0.08949613696196883,-0.09843088701216747,-0.5867568146038301,-0.09286747005980354,-0.10137586907702703,-0.5084300812631851,-0.06787836881948234,-0.08518046873602353,-0.4298503477036855,-0.04762615601815932,-0.15586917113364987,-0.39948262522679734,-0.11320259995019226,-0.1713161915938554,-0.5176381399281575,-0.09080129946798612,-0.16690328491706455,-0.44327844591450677,-0.040191494331878005,-0.15429514138024797,-0.3730483352743583,-0.0026621973065248366,0.0,0.0,0.0,0.0,0.0,0.0,0.0,0.0,0.0,0.0,0.0,0.0,0.0,0.0,0.0,0.0,0.0,0.0,0.0,0.0,0.0,0.0,0.0,0.0,0.0,0.0,0.0,0.0,0.0,0.0,0.0,0.0,0.0,0.0,0.0,0.0,0.0,0.0,0.0,0.0,0.0,0.0,0.0,0.0,0.0,0.0,0.0,0.0,0.0,0.0,0.0,0.0,0.0,0.0,0.0,0.0,0.0,0.0,0.0,0.0,0.0,0.0,0.0,MIDDLE_FINGER
0.0,0.0,0.0,-0.14023000457859264,-0.11170993429937494,-0.0484738751639248,-0.21379288861409412,-0.30476167936891513,-0.06318920889626807,-0.2308115403618602,-0.4790368353774739,-0.0761937309777165,-0.2566549237622273,-0.6210830955406794,-0.08602277836039587,-0.1433302092984503,-0.5200261909985981,0.0025342321512659425,-0.1578254795072575,-0.717238829719515,-0.028443018312396526,-0.15904448021960027,-0.8317121841041576,-0.06328090625948772,-0.15678332793810842,-0.9428176244882932,-0.09204116307946747,-0.059966202319386964,-0.5327167069060147,-0.003836688569183596,-0.08001550985081973,-0.7432567620064314,-0.027872347472339038,-0.08918717432908925,-0.8699830422991881,-0.062261702287414775,-0.0999519694974602,-0.9908468479151417,-0.09073107389536976,0.017886930976437784,-0.5068093222472462,-0.020896787484955014,-0.0003523451942435983,-0.708231836555145,-0.04888354495252276,-0.016343052840370405,-0.832315257272646,-0.07218784248823716,-0.03483156858393839,-0.9450268180314634,-0.09118747187547101,0.10549964728700995,-0.44995590840465416,-0.044622108098036385,0.08861522227990812,-0.613434877507106,-0.07316877509470553,0.07025267941492722,-0.7204244145536459,-0.08657193926378,0.047802309874334446,-0.8225502618893233,-0.09685647974618945,0.0,0.0,0.0,0.0,0.0,0.0,0.0,0.0,0.0,0.0,0.0,0.0,0.0,0.0,0.0,0.0,0.0,0.0,0.0,0.0,0.0,0.0,0.0,0.0,0.0,0.0,0.0,0.0,0.0,0.0,0.0,0.0,0.0,0.0,0.0,0.0,0.0,0.0,0.0,0.0,0.0,0.0,0.0,0.0,0.0,0.0,0.0,0.0,0.0,0.0,0.0,0.0,0.0,0.0,0.0,0.0,0.0,0.0,0.0,0.0,0.0,0.0,0.0,RAISED_HAND
0.0,0.0,0.0,-0.14084037177844133,-0.11394806238845472,-0.053854070503010804,-0.21466000856023434,-0.30246853618314373,-0.07236680096005826,-0.22777086745520403,-0.47582371221681297,-0.08829612052315071,-0.24191892808067095,-0.6232521268392749,-0.10056601358852911,-0.13100767202456728,-0.5168750217363456,-0.004130685991913862,-0.1428427112563149,-0.7153213178133818,-0.03997139540931219,-0.14136259635441614,-0.8339778795012711,-0.07740157096865126,-0.13614281198308578,-0.9476364552630333,-0.10684487869851485,-0.046953992432999164,-0.5271863247936791,-0.008158689380528055,-0.061682120262259,-0.7397273514137968,-0.03563430081984972,-0.06698832671581403,-0.8695430277251479,-0.0702386187260813,-0.07400177952470961,-0.9924356388800568,-0.09795529239357044,0.029804268632035225,-0.499897868612229,-0.02340806107631499,0.018244221184075333,-0.7006059071576138,-0.05354953351172201,0.00696313109013184,-0.8248085239259919,-0.07564217394620876,-0.008517087644564358,-0.9393344656174237,-0.093040062106504,0.1153097571586975,-0.44214262008295474,-0.04588465887438023,0.10590889432834491,-0.601374622862937,-0.07508369516999688,0.09143428950611764,-0.7055550755467881,-0.08741543916585985,0.07142730398350045,-0.8057308492748921,-0.09637173080622392,0.0,0.0,0.0,0.0,0.0,0.0,0.0,0.0,0.0,0.0,0.0,0.0,0.0,0.0,0.0,0.0,0.0,0.0,0.0,0.0,0.0,0.0,0.0,0.0,0.0,0.0,0.0,0.0,0.0,0.0,0.0,0.0,0.0,0.0,0.0,0.0,0.0,0.0,0.0,0.0,0.0,0.0,0.0,0.0,0.0,0.0,0.0,0.0,0.0,0.0,0.0,0.0,0.0,0.0,0.0,0.0,0.0,0.0,0.0,0.0,0.0,0.0,0.0,RAISED_HAND
0.0,0.0,0.0,-0.13975817809609828,-0.10790197321677863,-0.05967665106589631,-0.21420849722732865,-0.2955505786036942,-0.08007106992444978,-0.22726518413270969,-0.472165233585471,-0.09596457107699581,-0.24623988428238058,-0.6181173930007708,-0.10785602630086581,-0.13131167404133895,-0.513617294807127,-0.0145058814329647,-0.14079116337751973,-0.7160248581291556,-0.05110200205671823,-0.13775425122049387,-0.8372935261320082,-0.08746844610947897,-0.13108595854568386,-0.9514352413965851,-0.11538361351615435,-0.046513113582255336,-0.5240945364711164,-0.014933439597855609,-0.060106717011815906,-0.7408266115472554,-0.041198826802882796,-0.06478118947500605,-0.8735986985343627,-0.07307997812234139,-0.069803920734664,-0.9926738695267339,-0.09862049183049972,0.03059217002958458,-0.4953761700183351,-0.02665765782617648,0.019707433288551183,-0.6988478808357376,-0.05566587585712946,0.007946224187523818,-0.8249883118049789,-0.0771057905030436,-0.006934013715403939,-0.9395778084322047,-0.09408113458608228,0.11530678902946312,-0.436399714928792,-0.04593117570904699,0.10762839143753003,-0.5945530040691135,-0.07519409570944409,0.09419551203939053,-0.6986938945803063,-0.08786603630489224,0.07569077176500147,-0.7991076720065278,-0.09675586496422411,0.0,0.0,0.0,0.0,0.0,0.0,0.0,0.0,0.0,0.0,0.0,0.0,0.0,0.0,0.0,0.0,0.0,0.0,0.0,0.0,0.0,0.0,0.0,0.0,0.0,0.0,0.0,0.0,0.0,0.0,0.0,0.0,0.0,0.0,0.0,0.0,0.0,0.0,0.0,0.0,0.0,0.0,0.0,0.0,0.0,0.0,0.0,0.0,0.0,0.0,0.0,0.0,0.0,0.0,0.0,0.0,0.0,0.0,0.0,0.0,0.0,0.0,0.0,RAISED_HAND
0.0,0.0,0.0,-0.13489057495089643,-0.11290930730408978,-0.052569967483427654,-0.20665234917612313,-0.3021892831771086,-0.07218143803804579,-0.22270617470056076,-0.47082679194879157,-0.08906718236099519,-0.25093178070326,-0.6083960269588287,-0.1039482254247081,-0.1262591899036378,-0.5089951827420736,-0.018735927323389003,-0.13581611315674302,-0.712084964340529,-0.05722521650539938,-0.13417735986893112,-0.8328990059508885,-0.09382071686892815,-0.1284377522308436,-0.9469636475599882,-0.12228777589416771,-0.042088823436668435,-0.5180766292738685,-0.024859055186451755,-0.055102616004087654,-0.7356064350471366,-0.05560351839682226,-0.06056927458890634,-0.8686618181093235,-0.09104880969596012,-0.06641041080306426,-0.9906539618409693,-0.1191401914794476,0.0362946789363371,-0.488430152690283,-0.040998717115621655,0.026633712057689062,-0.6922549244042939,-0.07495616636848124,0.015136626693157448,-0.8208299453879211,-0.10176697431105974,-0.0006817107780477556,-0.9404071783274671,-0.12229457645557008,0.12075454083468325,-0.42842411681217146,-0.0633938924107988,0.11326512061892326,-0.5935340039567508,-0.09784156120786276,0.09832082902489268,-0.7015040188390786,-0.11491912769221768,0.07620639612707321,-0.8058828740023684,-0.12704981524044817,0.0,0.0,0.0,0.0,0.0,0.0,0.0,0.0,0.0,0.0,0.0,0.0,0.0,0.0,0.0,0.0,0.0,0.0,0.0,0.0,0.0,0.0,0.0,0.0,0.0,0.0,0.0,0.0,0.0,0.0,0.0,0.0,0.0,0.0,0.0,0.0,0.0,0.0,0.0,0.0,0.0,0.0,0.0,0.0,0.0,0.0,0.0,0.0,0.0,0.0,0.0,0.0,0.0,0.0,0.0,0.0,0.0,0.0,0.0,0.0,0.0,0.0,0.0,RAISED_HAND
0.0,0.0,0.0,-0.13333276394626337,-0.11325956708772321,-0.05415125000183786,-0.20353077515173035,-0.30460385331465295,-0.07228875899007664,-0.21251652507854096,-0.47747595220183314,-0.08680797606552693,-0.23334379326030283,-0.6167696685187383,-0.09827821883702807,-0.12178603880918337,-0.5129002158647104,-0.016838587931309597,-0.1257151203346104,-0.7149924825237627,-0.05296883743013738,-0.12032064948508861,-0.8354903534902638,-0.0882463005525136,-0.1123589312313002,-0.9497200945852061,-0.11587307504116327,-0.03681547469265738,-0.5224407989523603,-0.020819305053811653,-0.04450198443432108,-0.7401136435144657,-0.04727489731811245,-0.04441622178170548,-0.8719843462395718,-0.07948122945123927,-0.04559257816608972,-0.9933349155798024,-0.10586341344504215,0.04073201183008988,-0.4927400403159428,-0.035027982524356086,0.034815412831285905,-0.6964481009510651,-0.06402231131108967,0.028723064396599492,-0.824788326479468,-0.08711081743232835,0.018887368181180458,-0.9430735210084863,-0.10593171155748425,0.1251128617069142,-0.43190551872067257,-0.05611372670071044,0.11876079323915756,-0.5919456687191503,-0.08575760757791419,0.10704228678892809,-0.6982230038483309,-0.0996456371309054,0.09087692279859975,-0.8011049699596676,-0.11011164884181193,0.0,0.0,0.0,0.0,0.0,0.0,0.0,0.0,0.0,0.0,0.0,0.0,0.0,0.0,0.0,0.0,0.0,0.0,0.0,0.0,0.0,0.0,0.0,0.0,0.0,0.0,0.0,0.0,0.0,0.0,0.0,0.0,0.0,0.0,0.0,0.0,0.0,0.0,0.0,0.0,0.0,0.0,0.0,0.0,0.0,0.0,0.0,0.0,0.0,0.0,0.0,0.0,0.0,0.0,0.0,0.0,0.0,0.0,0.0,0.0,0.0,0.0,0.0,RAISED_HAND
0.0,0.0,0.0,-0.13327117633415986,-0.1152902953919583,-0.05296490193471661,-0.20574553901195838,-0.29767470910371263,-0.06939952112800044,-0.21916771697564885,-0.46984213547779224,-0.08297260163355581,-0.24992415599194118,-0.6054612561101651,-0.09306025680410232,-0.13100767915222783,-0.5069832743887985,-0.005208212546779681,-0.14450886659786938,-0.7073870583218973,-0.039631130569533914,-0.14493064358360827,-0.8269917234726846,-0.07552705531358195,-0.14197178434410673,-0.9408832365685088,-0.10340442254711502,-0.04841250319936165,-0.5222881185903234,-0.008627942517102666,-0.06633049102160214,-0.7377823860077465,-0.03352518518440779,-0.07389862979025012,-0.8698872552917951,-0.06655739086400997,-0.08189797951263114,-0.9922648191393657,-0.093291208857376,0.027591211726918564,-0.4983352083394858,-0.022851158129932634,0.013729306032833661,-0.7004733683260108,-0.05047436304648764,0.0012397806272324645,-0.828440459939621,-0.07263395541695637,-0.014273855629829869,-0.9440124313412382,-0.0904222098008605,0.11328950801319697,-0.4432371664882631,-0.04414983745456976,0.10157448517444961,-0.6030001041960221,-0.07048876772774276,0.08666291951368121,-0.7066398749540265,-0.08112163582116007,0.06735040778363739,-0.8056557238783935,-0.08926401825620253,0.0,0.0,0.0,0.0,0.0,0.0,0.0,0.0,0.0,0.0,0.0,0.0,0.0,0.0,0.0,0.0,0.0,0.0,0.0,0.0,0.0,0.0,0.0,0.0,0.0,0.0,0.0,0.0,0.0,0.0,0.0,0.0,0.0,0.0,0.0,0.0,0.0,0.0,0.0,0.0,0.0,0.0,0.0,0.0,0.0,0.0,0.0,0.0,0.0,0.0,0.0,0.0,0.0,0.0,0.0,0.0,0.0,0.0,0.0,0.0,0.0,0.0,0.0,RAISED_HAND
0.0,0.0,0.0,-0.14054293456838293,-0.09893005183832615,-0.05340682584469364,-0.21828655677501235,-0.27874145589619564,-0.07488461912032972,-0.23553909665533448,-0.44939482612431386,-0.09404942523823881,-0.261575497256706,-0.5958745846862837,-0.1108465413304957,-0.13477520244588434,-0.49961847170662144,-0.019803907267967602,-0.15309320849137575,-0.7055684939203377,-0.06128083645073592,-0.15375652417673827,-0.8257271352856167,-0.10016399115038918,-0.1508056545731433,-0.9391771842758736,-0.12992420892160056,-0.053943989810584236,-0.5196191906289779,-0.026067928797309577,-0.07290709071314358,-0.7390784063143393,-0.05847296723515946,-0.08101316246678081,-0.8704105183412096,-0.0933617343490673,-0.09072150407874843,-0.9884634263940043,-0.1212834010865236,0.021467495600070656,-0.49854299054717677,-0.042714850262716646,0.0040659584500771905,-0.7056687730888243,-0.07553909899622668,-0.0077721524606357275,-0.83227936452421,-0.09913549969795597,-0.02416973489417071,-0.9458013276346509,-0.11820925013404185,0.10453638102082516,-0.44413701874259853,-0.06629880087277212,0.09435623625918706,-0.6059174917199158,-0.09799072931602049,0.07827952131966243,-0.7097097909725124,-0.11326345020704648,0.054216139203409765,-0.8046602071501286,-0.12476752067563358,0.0,0.0,0.0,0.0,0.0,0.0,0.0,0.0,0.0,0.0,0.0,0.0,0.0,0.0,0.0,0.0,0.0,0.0,0.0,0.0,0.0,0.0,0.0,0.0,0.0,0.0,0.0,0.0,0.0,0.0,0.0,0.0,0.0,0.0,0.0,0.0,0.0,0.0,0.0,0.0,0.0,0.0,0.0,0.0,0.0,0.0,0.0,0.0,0.0,0.0,0.0,0.0,0.0,0.0,0.0,0.0,0.0,0.0,0.0,0.0,0.0,0.0,0.0,RAISED_HAND
0.0,0.0,0.0,-0.14140863952954635,-0.09354971679210497,-0.05224867032858825,-0.22555300018594193,-0.27483342917690706,-0.07436636163691208,-0.2522535422647913,-0.44308853509310764,-0.09437636918894238,-0.28059299592070774,-0.5888110861211274,-0.11289303528649733,-0.15920187427964258,-0.48935066209518735,-0.02612219405806074,-0.1813559661682783,-0.6925936645014099,-0.06908454244762481,-0.187536047356018,-0.812263381609407,-0.10720468391952528,-0.18930104886895532,-0.9290602702551433,-0.1366499279597899,-0.0800392896390392,-0.5037137096521969,-0.034545241654177446,-0.10683835960444701,-0.7218684247092054,-0.07052313813768153,-0.12015456446610083,-0.8558781995340151,-0.10678974789269288,-0.1320761811504279,-0.9820076109561813,-0.13497012408993547,-0.001526216281983903,-0.48002580259882305,-0.05266762716255595,-0.02853071367100052,-0.684689860477389,-0.09085754714627275,-0.04684080124300403,-0.8127355426971499,-0.11612764784463106,-0.06719035166945607,-0.9333036666975504,-0.13517125299300323,0.08434656821443057,-0.4276407792215945,-0.07701188368899019,0.06097150330020773,-0.5913731331582046,-0.11448030826942451,0.04015404200857025,-0.6976292122722846,-0.1311063497986801,0.01552464626141567,-0.799733532318188,-0.14269551536251174,0.0,0.0,0.0,0.0,0.0,0.0,0.0,0.0,0.0,0.0,0.0,0.0,0.0,0.0,0.0,0.0,0.0,0.0,0.0,0.0,0.0,0.0,0.0,0.0,0.0,0.0,0.0,0.0,0.0,0.0,0.0,0.0,0.0,0.0,0.0,0.0,0.0,0.0,0.0,0.0,0.0,0.0,0.0,0.0,0.0,0.0,0.0,0.0,0.0,0.0,0.0,0.0,0.0,0.0,0.0,0.0,0.0,0.0,0.0,0.0,0.0,0.0,0.0,RAISED_HAND
0.0,0.0,0.0,-0.14033674351204992,-0.0890273934401443,-0.05528833296771551,-0.21530113507295445,-0.2761925766503959,-0.07796349830286352,-0.23066611124193276,-0.4464806072516549,-0.09815015586375184,-0.26839830158955386,-0.5907243718002697,-0.11692675039859277,-0.14436301260313517,-0.49472568283048,-0.028456995841245527,-0.1668496686305364,-0.6994623188068123,-0.07217673775465874,-0.17124007709504047,-0.8187331118510849,-0.11203673231346734,-0.1717120306629308,-0.9349503536834528,-0.14283161379595255,-0.06164362161364666,-0.5106372233490231,-0.036215943827431124,-0.08864200129861217,-0.7250816586933488,-0.07295504771396982,-0.10198512218133268,-0.8584583467415641,-0.11071037224876595,-0.1152180387406449,-0.9833239794402278,-0.14070804883372384,0.01743528001476498,-0.4853743356644602,-0.05396144400623927,-0.008689087656300155,-0.687194368357156,-0.09254666814148477,-0.028247577343857293,-0.8141333410113369,-0.11898257619984023,-0.05194964623463886,-0.9338591629267045,-0.13949087567268065,0.10245087433360332,-0.4292773635379934,-0.07837141094981664,0.08224834179470938,-0.5917403703926293,-0.11674560123451441,0.06099441091596011,-0.696874132158702,-0.1346724564837789,0.033483897657735004,-0.7957743084615553,-0.14748223947368602,0.0,0.0,0.0,0.0,0.0,0.0,0.0,0.0,0.0,0.0,0.0,0.0,0.0,0.0,0.0,0.0,0.0,0.0,0.0,0.0,0.0,0.0,0.0,0.0,0.0,0.0,0.0,0.0,0.0,0.0,0.0,0.0,0.0,0.0,0.0,0.0,0.0,0.0,0.0,0.0,0.0,0.0,0.0,0.0,0.0,0.0,0.0,0.0,0.0,0.0,0.0,0.0,0.0,0.0,0.0,0.0,0.0,0.0,0.0,0.0,0.0,0.0,0.0,RAISED_HAND
0.0,0.0,0.0,-0.14007040185295813,-0.09245016009540448,-0.052661707432660944,-0.21999215259711494,-0.2816664824109859,-0.07284332397653409,-0.24226598101813063,-0.4506062915847663,-0.09105982833174514,-0.26800227287020223,-0.594058556674099,-0.10745064661319581,-0.1433719865235208,-0.5087520310720247,-0.018896499634309397,-0.1636818204161957,-0.7075150701418349,-0.05852598671094202,-0.1704310735898201,-0.8248294575727148,-0.09628333043380427,-0.1728475999374612,-0.9385970504829719,-0.12669267265933407,-0.06408899071406933,-0.5202206732984717,-0.026741506182863816,-0.08906173563009336,-0.732864313812424,-0.06094739377667687,-0.10270774097686677,-0.8628369843320308,-0.09839184889462736,-0.1162828593208159,-0.9848960408448711,-0.12828906951207156,0.011999844467212013,-0.491747512744798,-0.04493842132974562,-0.009138312415815447,-0.6913337930688236,-0.08276753653482312,-0.028726990057434783,-0.8138693749146244,-0.11049019220310499,-0.052368127128208486,-0.9297612621817506,-0.13194508919675574,0.09587885249516934,-0.4336693153201217,-0.06956979338410822,0.07883265106646332,-0.5939636118318407,-0.1080676353141619,0.0586253524573655,-0.6973842753607054,-0.1280582605946406,0.03271583129621417,-0.7984333762578766,-0.142692366113382,0.0,0.0,0.0,0.0,0.0,0.0,0.0,0.0,0.0,0.0,0.0,0.0,0.0,0.0,0.0,0.0,0.0,0.0,0.0,0.0,0.0,0.0,0.0,0.0,0.0,0.0,0.0,0.0,0.0,0.0,0.0,0.0,0.0,0.0,0.0,0.0,0.0,0.0,0.0,0.0,0.0,0.0,0.0,0.0,0.0,0.0,0.0,0.0,0.0,0.0,0.0,0.0,0.0,0.0,0.0,0.0,0.0,0.0,0.0,0.0,0.0,0.0,0.0,RAISED_HAND
0.0,0.0,0.0,-0.13238016693749796,-0.10154588304609298,-0.047280984122315566,-0.2048716289977457,-0.294410522975852,-0.0658923073420776,-0.22488864822244448,-0.46083980507335154,-0.08336685362011248,-0.2429307741192263,-0.6066877480014353,-0.09890094749335572,-0.128682612725708,-0.5076977082274938,-0.016621813680961398,-0.14389175026110287,-0.7071646520902154,-0.05438431127760986,-0.1496360238687648,-0.8233521820266891,-0.08984822607312065,-0.15193452275149535,-0.936010398991628,-0.11852257553789164,-0.049676849842784865,-0.5163786973919768,-0.026121224693659927,-0.07107144128432583,-0.7314762878051015,-0.05889226655781392,-0.08307454786215278,-0.8645910865889902,-0.09461473497665994,-0.09638437121140682,-0.9877317034443582,-0.12286632979416312,0.027347937144304436,-0.48511960436892787,-0.0450732910224563,0.006379190165116728,-0.6873630463612125,-0.08195324704147529,-0.010889414275507879,-0.8120690185408151,-0.10902278537576345,-0.03493872307193482,-0.9276090785349842,-0.12929694677685397,0.11150414676495851,-0.4243328795177317,-0.06974858260471008,0.09744571460473885,-0.5858628472826657,-0.10731330878139118,0.07605545861054291,-0.6913673172956212,-0.12671091714371058,0.046934970583812914,-0.7908395623474014,-0.14033475306167525,0.0,0.0,0.0,0.0,0.0,0.0,0.0,0.0,0.0,0.0,0.0,0.0,0.0,0.0,0.0,0.0,0.0,0.0,0.0,0.0,0.0,0.0,0.0,0.0,0.0,0.0,0.0,0.0,0.0,0.0,0.0,0.0,0.0,0.0,0.0,0.0,0.0,0.0,0.0,0.0,0.0,0.0,0.0,0.0,0.0,0.0,0.0,0.0,0.0,0.0,0.0,0.0,0.0,0.0,0.0,0.0,0.0,0.0,0.0,0.0,0.0,0.0,0.0,RAISED_HAND
0.0,0.0,0.0,-0.13259284696224266,-0.10293101309353171,-0.03898852469686989,-0.19610002440062682,-0.3006494784152061,-0.05111725947735761,-0.2022146862962795,-0.46547053480114187,-0.06351656611923474,-0.21715527432817144,-0.6017780205701426,-0.07478369101000984,-0.11301291341648222,-0.5142584592346848,-0.006790873391394925,-0.12237719821113778,-0.7138002678079843,-0.03819289469704767,-0.1238878955278734,-0.8301338273483858,-0.06962511475777497,-0.12251800322465645,-0.9376107188690861,-0.09484587355972758,-0.036924105628605854,-0.5211548339756913,-0.01825849024689487,-0.05143153039501193,-0.7423308265007964,-0.04485032561696931,-0.060722570447136436,-0.8756917958476912,-0.07675677434967737,-0.07000733797893714,-0.9923480634910017,-0.10170690003515928,0.03651325554739684,-0.4887410624924191,-0.03846719495105142,0.022082799832464077,-0.699699250087558,-0.06836480371130861,0.007382103033580856,-0.826697270275983,-0.09317773434939572,-0.011262832951412912,-0.94092234824504,-0.11227429996504737,0.11619941907972685,-0.4265415748640409,-0.06402857284168131,0.10950428769910903,-0.595750259216476,-0.09558309888137857,0.09187465060277727,-0.705210573934565,-0.112020957116188,0.06808820811486731,-0.8070979964592242,-0.12364996477619117,0.0,0.0,0.0,0.0,0.0,0.0,0.0,0.0,0.0,0.0,0.0,0.0,0.0,0.0,0.0,0.0,0.0,0.0,0.0,0.0,0.0,0.0,0.0,0.0,0.0,0.0,0.0,0.0,0.0,0.0,0.0,0.0,0.0,0.0,0.0,0.0,0.0,0.0,0.0,0.0,0.0,0.0,0.0,0.0,0.0,0.0,0.0,0.0,0.0,0.0,0.0,0.0,0.0,0.0,0.0,0.0,0.0,0.0,0.0,0.0,0.0,0.0,0.0,RAISED_HAND
0.0,0.0,0.0,-0.12523567597075874,-0.11102192548404652,-0.045724276943047086,-0.17899313669987754,-0.3076181121839034,-0.06355891731026038,-0.18254108700649435,-0.4684498405091486,-0.08071159432210996,-0.19810702744671962,-0.6079263505567464,-0.09721764660848589,-0.09504690731048351,-0.5038198539905859,-0.021439028971260727,-0.10167738091992594,-0.7016009156689306,-0.06181477341580466,-0.1013075808101845,-0.8183972936128653,-0.09851253262708307,-0.09617094047987114,-0.9294113892438419,-0.12698296141175416,-0.019419190837442583,-0.5049669916444419,-0.03255214159753288,-0.03176539300874938,-0.7258497139097508,-0.06823644024686391,-0.039082968314632587,-0.8636109727020641,-0.10626837112272623,-0.044649480414305213,-0.9897871937280572,-0.13537996539617628,0.052822242541136814,-0.4674735476821117,-0.05237105606105965,0.04143718692371543,-0.67629252009874,-0.09025040909313567,0.028255244205887813,-0.803468074257115,-0.11837261799835005,0.012508446995573777,-0.9207845598180828,-0.1389017947995191,0.1300675296434598,-0.40076435475124345,-0.07775443691469675,0.12144910768288218,-0.5667671234170105,-0.11494449011535131,0.10511744611990002,-0.6766906873810787,-0.13356376037958953,0.08542851042628888,-0.7813495094842811,-0.14638803284202162,0.0,0.0,0.0,0.0,0.0,0.0,0.0,0.0,0.0,0.0,0.0,0.0,0.0,0.0,0.0,0.0,0.0,0.0,0.0,0.0,0.0,0.0,0.0,0.0,0.0,0.0,0.0,0.0,0.0,0.0,0.0,0.0,0.0,0.0,0.0,0.0,0.0,0.0,0.0,0.0,0.0,0.0,0.0,0.0,0.0,0.0,0.0,0.0,0.0,0.0,0.0,0.0,0.0,0.0,0.0,0.0,0.0,0.0,0.0,0.0,0.0,0.0,0.0,RAISED_HAND
0.0,0.0,0.0,-0.12611630338355,-0.11666958359743757,-0.03702181739299114,-0.18266689410924866,-0.3139387861522269,-0.053222250029120934,-0.18770501203531975,-0.4714075822586522,-0.0704824701868809,-0.1980233126819024,-0.6044164111325759,-0.08710415380335439,-0.09573104305245825,-0.5058150520512364,-0.01724402029336388,-0.10184282615440067,-0.7075565492837984,-0.057873241565103824,-0.10202716632461019,-0.8272373111115481,-0.0941820703152126,-0.0982499094931228,-0.9373812847706303,-0.12167234768864181,-0.02418844651530161,-0.5047704256663207,-0.032090336806027124,-0.03755257941897197,-0.7273531754723954,-0.06817252260578713,-0.04550779631007148,-0.8663066459431926,-0.10431678483753871,-0.052772948849469314,-0.9899647274329355,-0.13109101536094997,0.04666171122757799,-0.4677999697230565,-0.05481694491497702,0.03370829271532311,-0.6815022401231211,-0.09212587524083067,0.020683833448178073,-0.8106015172096351,-0.11763812964425965,0.0033339098981914786,-0.9273379060698014,-0.13545534509743232,0.1235015608021394,-0.40139810553570116,-0.08233400295238553,0.11514923443384006,-0.5713979260724599,-0.119194328077686,0.09723817234658207,-0.6831135240199429,-0.13597334258007415,0.0729097620675809,-0.7871752667610276,-0.14652876661357558,0.0,0.0,0.0,0.0,0.0,0.0,0.0,0.0,0.0,0.0,0.0,0.0,0.0,0.0,0.0,0.0,0.0,0.0,0.0,0.0,0.0,0.0,0.0,0.0,0.0,0.0,0.0,0.0,0.0,0.0,0.0,0.0,0.0,0.0,0.0,0.0,0.0,0.0,0.0,0.0,0.0,0.0,0.0,0.0,0.0,0.0,0.0,0.0,0.0,0.0,0.0,0.0,0.0,0.0,0.0,0.0,0.0,0.0,0.0,0.0,0.0,0.0,0.0,RAISED_HAND
0.0,0.0,0.0,-0.13318833913846656,-0.11659412571357602,-0.03683805666750852,-0.1961738214919371,-0.3113266081017109,-0.05174054189869687,-0.20472050067156067,-0.4671795570753983,-0.06772059614580664,-0.21655882899952972,-0.5962457731661158,-0.0829022642699765,-0.11644914377190789,-0.5037886280549874,-0.01439970530967204,-0.12602476758087466,-0.7029110229264569,-0.054019339381815724,-0.1286445560892238,-0.8229347756197797,-0.09012397308364026,-0.12770644503338668,-0.934626024146528,-0.11761268742161085,-0.04211210304973453,-0.5075199657218364,-0.029438094425373467,-0.06023302406141123,-0.7270575517330352,-0.06472578935679947,-0.07123180141433924,-0.8640727733967898,-0.101796668337652,-0.08073754116346815,-0.9883134401907114,-0.12929807958851672,0.031220805810408845,-0.4751353468987388,-0.05228800106004026,0.013563663687525847,-0.6843615006201521,-0.08914609878296959,-0.0034219004724567693,-0.8139601547254186,-0.11561932706222193,-0.02297065490446138,-0.9327390603052068,-0.1344185160614037,0.11133243706625943,-0.4123311547894859,-0.07989681782916255,0.09923109340477025,-0.5790671719581495,-0.11578298139650742,0.0813200444325707,-0.6906194689879438,-0.13188557223865088,0.059835768515869935,-0.7962989923060595,-0.1422733744571986,0.0,0.0,0.0,0.0,0.0,0.0,0.0,0.0,0.0,0.0,0.0,0.0,0.0,0.0,0.0,0.0,0.0,0.0,0.0,0.0,0.0,0.0,0.0,0.0,0.0,0.0,0.0,0.0,0.0,0.0,0.0,0.0,0.0,0.0,0.0,0.0,0.0,0.0,0.0,0.0,0.0,0.0,0.0,0.0,0.0,0.0,0.0,0.0,0.0,0.0,0.0,0.0,0.0,0.0,0.0,0.0,0.0,0.0,0.0,0.0,0.0,0.0,0.0,RAISED_HAND
0.0,0.0,0.0,-0.13506074499032936,-0.11641847935629501,-0.03854412531567823,-0.19215659027944623,-0.31732299771646844,-0.04816867854161512,-0.19319904940325086,-0.48207059140499836,-0.05805420421190829,-0.20525276207830523,-0.6117301316125289,-0.06633242591290557,-0.10900901420559485,-0.5146869785168104,-0.0018158037537818266,-0.11613932896415116,-0.713315468460029,-0.0338038235500309,-0.11614869895929182,-0.8324296136666594,-0.06621875183595152,-0.11318872378294145,-0.9433258014908713,-0.09208970145605086,-0.0324618765208012,-0.5206623942098741,-0.012630729696199,-0.04424071504310477,-0.7373459215010627,-0.03973060881109978,-0.05093227506275869,-0.8717568667612676,-0.07260589706381215,-0.05734065999436941,-0.9935174381793398,-0.09815879351831866,0.04063043704964251,-0.4883632034436294,-0.03235575250780362,0.029244698122133102,-0.6943902792814451,-0.063228898008989,0.0163941585448812,-0.8240744707513592,-0.08812364663367356,4.527782886766808e-05,-0.9427735691933693,-0.10702172414007605,0.12204601039755873,-0.42564271986342644,-0.05747976927071937,0.11776719268369068,-0.5900470824547901,-0.08865041015243748,0.10404014980260884,-0.6994130368779584,-0.10357740196658849,0.08509024647576806,-0.8040907236653734,-0.11425867761849674,0.0,0.0,0.0,0.0,0.0,0.0,0.0,0.0,0.0,0.0,0.0,0.0,0.0,0.0,0.0,0.0,0.0,0.0,0.0,0.0,0.0,0.0,0.0,0.0,0.0,0.0,0.0,0.0,0.0,0.0,0.0,0.0,0.0,0.0,0.0,0.0,0.0,0.0,0.0,0.0,0.0,0.0,0.0,0.0,0.0,0.0,0.0,0.0,0.0,0.0,0.0,0.0,0.0,0.0,0.0,0.0,0.0,0.0,0.0,0.0,0.0,0.0,0.0,RAISED_HAND
0.0,0.0,0.0,-0.13823674197712302,-0.09874519559087663,-0.03530979978255267,-0.20679598853116807,-0.2894884370879398,-0.04497292001079211,-0.2176433088420116,-0.45154989275949425,-0.0558687778356137,-0.24225832481485166,-0.5735320322558058,-0.06606118022910627,-0.1240544704982923,-0.49919048635305313,-0.002987768415211018,-0.13918137775231879,-0.7037083873799437,-0.03484231791428173,-0.14259041673639472,-0.825271147280223,-0.0665149278024887,-0.1422753984374378,-0.9346155753904711,-0.09134433660214036,-0.050148295295479615,-0.5125840030796598,-0.01577212150857176,-0.07043907174668461,-0.736378341623994,-0.04271495437693072,-0.08080704582184177,-0.8729957586495553,-0.07446558940696178,-0.09046051416150785,-0.9909640021045061,-0.09903151978363338,0.022737350868833182,-0.4881443734077435,-0.037063022019229036,0.0027481485828562075,-0.7017842964903982,-0.06646124395794356,-0.01341834162581832,-0.8327475686794157,-0.09038032450950799,-0.032834249940650886,-0.9479915534869854,-0.10869746505316298,0.10467280120029447,-0.4324692173044052,-0.06357407593950222,0.09294912970715158,-0.6012370066575303,-0.09308471517748759,0.07385555820052403,-0.7106572957909537,-0.10770507358711368,0.048743915282936014,-0.8103459342722588,-0.11827998092927063,0.0,0.0,0.0,0.0,0.0,0.0,0.0,0.0,0.0,0.0,0.0,0.0,0.0,0.0,0.0,0.0,0.0,0.0,0.0,0.0,0.0,0.0,0.0,0.0,0.0,0.0,0.0,0.0,0.0,0.0,0.0,0.0,0.0,0.0,0.0,0.0,0.0,0.0,0.0,0.0,0.0,0.0,0.0,0.0,0.0,0.0,0.0,0.0,0.0,0.0,0.0,0.0,0.0,0.0,0.0,0.0,0.0,0.0,0.0,0.0,0.0,0.0,0.0,RAISED_HAND
0.0,0.0,0.0,-0.13259891994799794,-0.10703576658595307,-0.02346442930029879,-0.1922790856548413,-0.31772918911109466,-0.020825600941953022,-0.19888763826157235,-0.47996783080155603,-0.022274769591105397,-0.22443816809090122,-0.5892477883831284,-0.02274575392981469,-0.11417632282409984,-0.5142918490984126,0.026927678688619647,-0.1245554313921771,-0.7056705671110921,0.0045043480578702754,-0.12867123597718522,-0.8222165501860652,-0.022666323930752637,-0.12888623572304772,-0.9257370459465609,-0.045304571038679034,-0.041252738999188465,-0.5322207295324703,0.010944924827136271,-0.06304501997888237,-0.7441473612893019,-0.00882402909997447,-0.07611260794072916,-0.8780824438716949,-0.03834792201924329,-0.08809014219493201,-0.9942489882007554,-0.06090218641273001,0.031095191749388084,-0.5107071654967543,-0.013878140621957998,0.008668503308897464,-0.7163946078818265,-0.03885507411148294,-0.008384290631679092,-0.8423711026600955,-0.06204887531679081,-0.02918580748427377,-0.9544003590832987,-0.07932157769223783,0.11139937877889565,-0.45755623064687106,-0.043311260265487726,0.09575785582700065,-0.6227507108263829,-0.0694495004768063,0.07507361459101043,-0.730291318798554,-0.08225679052789936,0.048940870112932335,-0.8305514125260541,-0.09140511298303362,0.0,0.0,0.0,0.0,0.0,0.0,0.0,0.0,0.0,0.0,0.0,0.0,0.0,0.0,0.0,0.0,0.0,0.0,0.0,0.0,0.0,0.0,0.0,0.0,0.0,0.0,0.0,0.0,0.0,0.0,0.0,0.0,0.0,0.0,0.0,0.0,0.0,0.0,0.0,0.0,0.0,0.0,0.0,0.0,0.0,0.0,0.0,0.0,0.0,0.0,0.0,0.0,0.0,0.0,0.0,0.0,0.0,0.0,0.0,0.0,0.0,0.0,0.0,RAISED_HAND
0.0,0.0,0.0,-0.13147785359091335,-0.11498698847447088,-0.02393083887169773,-0.18472329695726644,-0.30813602728197326,-0.026288048124226266,-0.18842990496662235,-0.4740347380362536,-0.03249732866825974,-0.20788177567372734,-0.6034170513262194,-0.037542253188261855,-0.10416514792113934,-0.5135813100788316,0.024555623652076992,-0.10927103585927901,-0.7112743876632083,-0.0004559307768524692,-0.10805389985829088,-0.8319857294535522,-0.030290867334060646,-0.10244747821788051,-0.939462201839736,-0.053774507079424945,-0.032544378811982466,-0.5246524679788154,0.008855912023742116,-0.044382961640475026,-0.7409472074254974,-0.0109693925604213,-0.050611582303365925,-0.8771050559606306,-0.04180158948319144,-0.05414921070131927,-0.9963911754285163,-0.0653642754767754,0.03746673879884263,-0.4982227692917495,-0.01532222084868343,0.025996724642763532,-0.7042947250474665,-0.03854923487920234,0.013198627300838282,-0.8351951511662727,-0.06015617096703351,-0.0012549552473496576,-0.9493136809979125,-0.07648167344042225,0.11602816037345182,-0.4398724679582215,-0.04420146608759912,0.10872708244352601,-0.6060955551932095,-0.06641214621035123,0.09199005426651084,-0.7145587719502063,-0.07535155389265827,0.07056710881222848,-0.8133463127180707,-0.08156081432007134,0.0,0.0,0.0,0.0,0.0,0.0,0.0,0.0,0.0,0.0,0.0,0.0,0.0,0.0,0.0,0.0,0.0,0.0,0.0,0.0,0.0,0.0,0.0,0.0,0.0,0.0,0.0,0.0,0.0,0.0,0.0,0.0,0.0,0.0,0.0,0.0,0.0,0.0,0.0,0.0,0.0,0.0,0.0,0.0,0.0,0.0,0.0,0.0,0.0,0.0,0.0,0.0,0.0,0.0,0.0,0.0,0.0,0.0,0.0,0.0,0.0,0.0,0.0,RAISED_HAND
0.0,0.0,0.0,-0.13387920887239516,-0.12170828950435934,-0.029399433258829773,-0.19172335172452296,-0.32060143397947793,-0.03502000318370746,-0.1968856154217518,-0.48407128784506004,-0.0435373854940355,-0.2090442638298037,-0.6152196268650372,-0.050723441303109795,-0.10635557479649699,-0.5173934671853525,0.017473888093438073,-0.11165107528555106,-0.7101206480205587,-0.010290959149143714,-0.11019483525546116,-0.8264463132199783,-0.042510076062882984,-0.10522942358997411,-0.9353650332211133,-0.06895696569219349,-0.03332489186828887,-0.5278482605076392,0.0024887920724060183,-0.04407412364618946,-0.7388939179108178,-0.020149006403463246,-0.0479968912170441,-0.8725899019754533,-0.05215924857022649,-0.05103737676505599,-0.9956477387420425,-0.07797926975035924,0.037591117150693,-0.5001669123039479,-0.021786412626315515,0.02676399706889457,-0.7015633326157831,-0.04757351009424145,0.01827242817603267,-0.8275496016905312,-0.0698525439460188,0.005970403288168824,-0.9430259227070648,-0.08779345437748631,0.11676916352683783,-0.44102992694151594,-0.05142747148618634,0.10749264069900553,-0.6053842586859379,-0.0777614925026449,0.09289962758214669,-0.7131526084805818,-0.08983367908081022,0.07313195064007529,-0.8146284745794793,-0.09909060873766821,0.0,0.0,0.0,0.0,0.0,0.0,0.0,0.0,0.0,0.0,0.0,0.0,0.0,0.0,0.0,0.0,0.0,0.0,0.0,0.0,0.0,0.0,0.0,0.0,0.0,0.0,0.0,0.0,0.0,0.0,0.0,0.0,0.0,0.0,0.0,0.0,0.0,0.0,0.0,0.0,0.0,0.0,0.0,0.0,0.0,0.0,0.0,0.0,0.0,0.0,0.0,0.0,0.0,0.0,0.0,0.0,0.0,0.0,0.0,0.0,0.0,0.0,0.0,RAISED_HAND
0.0,0.0,0.0,-0.14138596347028162,-0.10832371851363491,-0.047694799709354634,-0.2114045636107343,-0.29914968318170804,-0.06479699970454687,-0.22518616082503715,-0.47069724558675186,-0.08088504099671079,-0.2514700094533598,-0.6111173321690508,-0.09511538923244212,-0.13796289064674694,-0.503935600278205,-0.009882424705688226,-0.1540463607845921,-0.7046290992457989,-0.04816996719100409,-0.15588245714176086,-0.8241309420999847,-0.08506358929646197,-0.1536733545921822,-0.9384381572646202,-0.11351575294652964,-0.0598344532575913,-0.5159124736891899,-0.018449681127441202,-0.0804507762527356,-0.7327999845334529,-0.05016596172428577,-0.09005847651729582,-0.8665008271282262,-0.08533891713869231,-0.09892760655704991,-0.9887334294550186,-0.11233669987591369,0.016025151832220714,-0.49047183462172794,-0.037090371274944696,-0.005255191474489207,-0.6975444195389807,-0.07151374158655072,-0.022251801814702835,-0.8267369812358104,-0.09563058238287206,-0.040668966525804,-0.9449869372939015,-0.11353909791183119,0.09940929394828031,-0.4356149032822533,-0.06199758871168466,0.08235596921623828,-0.6022493569472299,-0.09523838536189239,0.06527723848966677,-0.710642492849958,-0.10948362593722007,0.0445487698419025,-0.8132580746330985,-0.11924629635275484,0.0,0.0,0.0,0.0,0.0,0.0,0.0,0.0,0.0,0.0,0.0,0.0,0.0,0.0,0.0,0.0,0.0,0.0,0.0,0.0,0.0,0.0,0.0,0.0,0.0,0.0,0.0,0.0,0.0,0.0,0.0,0.0,0.0,0.0,0.0,0.0,0.0,0.0,0.0,0.0,0.0,0.0,0.0,0.0,0.0,0.0,0.0,0.0,0.0,0.0,0.0,0.0,0.0,0.0,0.0,0.0,0.0,0.0,0.0,0.0,0.0,0.0,0.0,RAISED_HAND
0.0,0.0,0.0,-0.14841571055837388,-0.09772347996438985,-0.04968345545024061,-0.2226562266070536,-0.2919579169100998,-0.06264444526860148,-0.2383650866112036,-0.4677680580735946,-0.07433304750040405,-0.2673378408177131,-0.6044436125073305,-0.08366292776431435,-0.15425791378573966,-0.5045557259848324,3.2382047267849515e-05,-0.17680884928727136,-0.7050664633556021,-0.033663928066075745,-0.18382367115161374,-0.8248587929288523,-0.06865257167246959,-0.18677329434816062,-0.9387478015971711,-0.0963605941708143,-0.07350665119435432,-0.521866192515158,-0.0059900836684550155,-0.10102461065042807,-0.7350086926803224,-0.03352280969303783,-0.11651771555155266,-0.8664871749276633,-0.06853485546836463,-0.1313199643344166,-0.9866951693831509,-0.09585254134952648,0.003913342258351964,-0.5011976814826484,-0.022863826092971096,-0.021856586944553,-0.7036414190090607,-0.05473802886102569,-0.04358408300612076,-0.8288604809518124,-0.07974682874299283,-0.06811342036662955,-0.9436059778783343,-0.0985054931950645,0.08954690482797142,-0.45176466907089013,-0.04645324471479031,0.0673533622219189,-0.6140961957256572,-0.07841529605999664,0.044095531253940015,-0.7175082116138192,-0.0931130627178793,0.016345777346654305,-0.816616508204702,-0.10336018512185859,0.0,0.0,0.0,0.0,0.0,0.0,0.0,0.0,0.0,0.0,0.0,0.0,0.0,0.0,0.0,0.0,0.0,0.0,0.0,0.0,0.0,0.0,0.0,0.0,0.0,0.0,0.0,0.0,0.0,0.0,0.0,0.0,0.0,0.0,0.0,0.0,0.0,0.0,0.0,0.0,0.0,0.0,0.0,0.0,0.0,0.0,0.0,0.0,0.0,0.0,0.0,0.0,0.0,0.0,0.0,0.0,0.0,0.0,0.0,0.0,0.0,0.0,0.0,RAISED_HAND
0.0,0.0,0.0,-0.1331553424671086,-0.10651891984274128,-0.04547774379045339,-0.2056308288629265,-0.30870441595284,-0.058307465630625305,-0.2187665072439339,-0.4848420650125682,-0.06948257632897051,-0.24844847067363407,-0.6235630518529683,-0.07840459153878843,-0.13220750975772855,-0.5083695559416335,-0.009367937606735747,-0.1497854752268363,-0.7045930252011233,-0.04561426860496188,-0.15150624745315153,-0.8217820713797553,-0.08063608187775263,-0.14806470300052108,-0.9339660784759689,-0.10798490224652603,-0.053033550952934605,-0.521922578727717,-0.017291113210011047,-0.07509294927884876,-0.7352684072192451,-0.046020607208735416,-0.08308664152530303,-0.8669814175245447,-0.07899072839453324,-0.09096668476583643,-0.9902831386249673,-0.10518729779681849,0.023133381431866374,-0.49717171938825017,-0.034945341897466946,0.003236471135279892,-0.7002724688260316,-0.066270579191424,-0.011680971105220284,-0.8274369302226947,-0.090019077975545,-0.030984002207533595,-0.946318462652835,-0.10853783622949938,0.10705420666062859,-0.44197921615283875,-0.05871840938682626,0.09155260852969514,-0.603440863971312,-0.089952766937507,0.07465881007623103,-0.7101509666973469,-0.10460821665019127,0.05314896783228091,-0.8134441489220341,-0.11535564009469237,0.0,0.0,0.0,0.0,0.0,0.0,0.0,0.0,0.0,0.0,0.0,0.0,0.0,0.0,0.0,0.0,0.0,0.0,0.0,0.0,0.0,0.0,0.0,0.0,0.0,0.0,0.0,0.0,0.0,0.0,0.0,0.0,0.0,0.0,0.0,0.0,0.0,0.0,0.0,0.0,0.0,0.0,0.0,0.0,0.0,0.0,0.0,0.0,0.0,0.0,0.0,0.0,0.0,0.0,0.0,0.0,0.0,0.0,0.0,0.0,0.0,0.0,0.0,RAISED_HAND
0.0,0.0,0.0,-0.12845900264380655,-0.09729644516208986,-0.05487963054069896,-0.22813158174074397,-0.25852563167253645,-0.0796372148814846,-0.29728442281845563,-0.39612057914764226,-0.10166299303489658,-0.36545499672869813,-0.49846868402814476,-0.12308522122913089,-0.1230248865285973,-0.49458236728177724,-0.03472467030131249,-0.18089558486119692,-0.6857368731752737,-0.07390479015886295,-0.2106563157579449,-0.8071880267357836,-0.1070612739229303,-0.22927548455895727,-0.9173737916833674,-0.13361078010268476,-0.028918402457881836,-0.511448835603076,-0.04368780203640062,-0.051970290967586714,-0.7253106469351118,-0.07919859041701482,-0.06451008489195997,-0.8637092792185246,-0.11572291954277764,-0.07474281555670438,-0.9867959185255237,-0.14369177674461484,0.06215166797045848,-0.47969275817426615,-0.06202404425653332,0.0608154456885321,-0.6740802338509553,-0.11069985739482031,0.05090893916083371,-0.8059117598540935,-0.15013330727359145,0.03778435541188564,-0.9261137997816286,-0.1774812987033883,0.15283157895272131,-0.40970747423759885,-0.08468552056385621,0.22077709543980695,-0.5394170669321591,-0.1305541058358989,0.26490670931267735,-0.6333258394046649,-0.1570043148960168,0.29892696969345234,-0.7250884139633579,-0.17563032015326593,0.0,0.0,0.0,0.0,0.0,0.0,0.0,0.0,0.0,0.0,0.0,0.0,0.0,0.0,0.0,0.0,0.0,0.0,0.0,0.0,0.0,0.0,0.0,0.0,0.0,0.0,0.0,0.0,0.0,0.0,0.0,0.0,0.0,0.0,0.0,0.0,0.0,0.0,0.0,0.0,0.0,0.0,0.0,0.0,0.0,0.0,0.0,0.0,0.0,0.0,0.0,0.0,0.0,0.0,0.0,0.0,0.0,0.0,0.0,0.0,0.0,0.0,0.0,SPREAD_HAND
0.0,0.0,0.0,-0.13767476130035727,-0.09293133443448615,-0.05287097044870485,-0.24173407039597689,-0.26546916872815407,-0.07402090982314392,-0.3109766918882093,-0.41090225199414143,-0.09198686681778077,-0.3805224797827785,-0.5100011154659068,-0.10912709907843368,-0.13360082155269154,-0.4940118456132484,-0.03420507087879138,-0.19424433604589533,-0.6867244005162543,-0.07017468545763669,-0.2250196467111619,-0.8057786840432779,-0.10022632090811885,-0.24550829938640048,-0.914162865884201,-0.1251418376999863,-0.03903789099585303,-0.5118979988039821,-0.04265806888366447,-0.0653211288570087,-0.7291881648951111,-0.07573272509135791,-0.08153474982196186,-0.8657016965342601,-0.10964660049326645,-0.09582025373356166,-0.9860265941806784,-0.13627191399142966,0.05309784761031761,-0.48123340169116907,-0.06013511024529132,0.048195749224791196,-0.6813892832184907,-0.1073989276438946,0.03437157393331888,-0.810777939219733,-0.1454879782424298,0.01867098335548532,-0.9288064277913708,-0.17218193945949126,0.14603263768989835,-0.41279355313629473,-0.08176921374073534,0.21192022652356604,-0.5494661773592215,-0.12877040626556951,0.25289872805888364,-0.6483034750792119,-0.1566849827370633,0.2847386432321367,-0.7465606231515917,-0.17633371429017694,0.0,0.0,0.0,0.0,0.0,0.0,0.0,0.0,0.0,0.0,0.0,0.0,0.0,0.0,0.0,0.0,0.0,0.0,0.0,0.0,0.0,0.0,0.0,0.0,0.0,0.0,0.0,0.0,0.0,0.0,0.0,0.0,0.0,0.0,0.0,0.0,0.0,0.0,0.0,0.0,0.0,0.0,0.0,0.0,0.0,0.0,0.0,0.0,0.0,0.0,0.0,0.0,0.0,0.0,0.0,0.0,0.0,0.0,0.0,0.0,0.0,0.0,0.0,SPREAD_HAND
0.0,0.0,0.0,-0.13046362039287682,-0.09612755522880408,-0.05169420884775847,-0.23107720249274366,-0.26284388282164073,-0.07563877988511922,-0.3007548801812755,-0.40549652027164584,-0.09694282079156676,-0.3750099116534501,-0.4992350341369911,-0.11884288192269254,-0.12466680770063195,-0.49000517213122824,-0.04318361423013518,-0.19206742821613046,-0.6745144829124989,-0.08285971312646243,-0.22737438543894087,-0.7947280163997047,-0.11387785592764117,-0.24839398106558186,-0.9013629231852424,-0.13831041268436903,-0.02275059396820621,-0.5100559142462874,-0.05481532647065252,-0.03333391538227938,-0.7291350435988296,-0.08957204584032545,-0.03566791597253149,-0.8688654916525613,-0.12226147453929732,-0.037669225666956345,-0.9884362032699702,-0.14688397292726724,0.07070401822990738,-0.4760736049653185,-0.07505359793615266,0.09602522016158271,-0.6709538205470276,-0.12802221344083095,0.10436953728286424,-0.8103672065664598,-0.1708386347730492,0.10573916916527724,-0.9373171870815925,-0.1995493290606802,0.15741851401521365,-0.39984104684887006,-0.09820802809592367,0.24810858446376927,-0.5228762014059963,-0.15049624451156637,0.30595766023231896,-0.6137148139906382,-0.17973798033328436,0.34862649075045704,-0.7034731324858476,-0.199384240716846,0.0,0.0,0.0,0.0,0.0,0.0,0.0,0.0,0.0,0.0,0.0,0.0,0.0,0.0,0.0,0.0,0.0,0.0,0.0,0.0,0.0,0.0,0.0,0.0,0.0,0.0,0.0,0.0,0.0,0.0,0.0,0.0,0.0,0.0,0.0,0.0,0.0,0.0,0.0,0.0,0.0,0.0,0.0,0.0,0.0,0.0,0.0,0.0,0.0,0.0,0.0,0.0,0.0,0.0,0.0,0.0,0.0,0.0,0.0,0.0,0.0,0.0,0.0,SPREAD_HAND
0.0,0.0,0.0,-0.1323788238452578,-0.09690790017661531,-0.0483482652177805,-0.22695026730254053,-0.26611364365904344,-0.06788159442683218,-0.2819786768089155,-0.41222257496262377,-0.08520109100034838,-0.3426486252942867,-0.520936695996142,-0.10298569721636218,-0.1217270014391532,-0.4896114204905725,-0.034361471243258286,-0.18297660927794338,-0.676024296692586,-0.07179316057769815,-0.21682344951384774,-0.7963205674633671,-0.10252007643240099,-0.23908494849505818,-0.9039835489329715,-0.1271372975949368,-0.021066275703272998,-0.506590891633408,-0.04625309220298317,-0.035772655045772,-0.7233263749480616,-0.0805610817739479,-0.04455478015683869,-0.8639532101643065,-0.11605081378620112,-0.05370951492798334,-0.9882908728620787,-0.14281610071595965,0.07127722262733373,-0.4733650674976335,-0.06636286846991443,0.08712722904930115,-0.6661738111214671,-0.11589457072321473,0.09074640981613978,-0.8027694938624788,-0.15639896618780066,0.0872505014100764,-0.9302381681400282,-0.18394614995444258,0.15826695046731273,-0.40140605695908643,-0.08952165759012554,0.23198368923102414,-0.5314721609959053,-0.1373717626069819,0.2789883579558915,-0.6249596853456594,-0.16311461700721977,0.312841581226658,-0.7183198814479027,-0.18056536889071056,0.0,0.0,0.0,0.0,0.0,0.0,0.0,0.0,0.0,0.0,0.0,0.0,0.0,0.0,0.0,0.0,0.0,0.0,0.0,0.0,0.0,0.0,0.0,0.0,0.0,0.0,0.0,0.0,0.0,0.0,0.0,0.0,0.0,0.0,0.0,0.0,0.0,0.0,0.0,0.0,0.0,0.0,0.0,0.0,0.0,0.0,0.0,0.0,0.0,0.0,0.0,0.0,0.0,0.0,0.0,0.0,0.0,0.0,0.0,0.0,0.0,0.0,0.0,SPREAD_HAND
0.0,0.0,0.0,-0.12462134336312751,-0.1136113578698256,-0.05310614279225409,-0.20596650356560942,-0.2848605103414562,-0.07580871849680798,-0.24246528715613766,-0.4401692346342075,-0.09476747788295083,-0.28337352845683733,-0.5724464827386184,-0.11240763764040483,-0.120567517537823,-0.4974184777979092,-0.0347236093431024,-0.17164771195746734,-0.6926348274491071,-0.0754818833530608,-0.20034789744689036,-0.8112541116948236,-0.110181846250899,-0.2195658668429213,-0.923581701403976,-0.13684732954523574,-0.026865628513081097,-0.5123627590369825,-0.04319802997886664,-0.044558849806631176,-0.728475471749694,-0.07848379412351641,-0.05395521069808371,-0.8638923514323638,-0.11419809468943085,-0.0629390386030906,-0.9879839606462807,-0.14116079811834134,0.06014433848130436,-0.4795105555558138,-0.060384869234584054,0.062336793315584955,-0.6713870497303879,-0.10272169640553354,0.06235466932537296,-0.7992361458467856,-0.13323354310171967,0.056075406168855056,-0.9215152913218098,-0.15441022591531378,0.14573278503536505,-0.41402890633516565,-0.08238688553177932,0.17619149151583455,-0.5651241166447527,-0.12181470682821365,0.19573915999380054,-0.6681674796576543,-0.1387995440261418,0.20805661194948405,-0.7717613482395909,-0.14997524453623726,0.0,0.0,0.0,0.0,0.0,0.0,0.0,0.0,0.0,0.0,0.0,0.0,0.0,0.0,0.0,0.0,0.0,0.0,0.0,0.0,0.0,0.0,0.0,0.0,0.0,0.0,0.0,0.0,0.0,0.0,0.0,0.0,0.0,0.0,0.0,0.0,0.0,0.0,0.0,0.0,0.0,0.0,0.0,0.0,0.0,0.0,0.0,0.0,0.0,0.0,0.0,0.0,0.0,0.0,0.0,0.0,0.0,0.0,0.0,0.0,0.0,0.0,0.0,SPREAD_HAND
0.0,0.0,0.0,-0.1299668591438914,-0.11934232814549446,-0.05158078227123328,-0.2141178823822896,-0.2928873423532847,-0.0725488868355038,-0.2496749182874339,-0.45244278834565715,-0.0899797458158824,-0.2858153295883271,-0.5840698035912462,-0.10551348088072852,-0.12504567748476705,-0.5031931974114474,-0.022634965132789293,-0.17888978335061187,-0.6961326157108927,-0.059861755871888765,-0.2067903909784538,-0.816948334021826,-0.09439342370938526,-0.22317261740826128,-0.9300037424104373,-0.12098858749838932,-0.031228720705706845,-0.519416090980214,-0.029232546589511983,-0.048459292234079396,-0.7328951467507336,-0.05952153617112946,-0.05681974943225992,-0.8681566544189797,-0.09340226572665085,-0.06265766385613249,-0.9908836519822434,-0.11926275778475101,0.05558058052276971,-0.48804129890006465,-0.04514824212796275,0.05872394289028045,-0.6795344350728528,-0.08250983969751165,0.055391409316882786,-0.8074459263122322,-0.11053176717517711,0.04894086621800047,-0.924963857444801,-0.13011096260674088,0.14304697541073252,-0.42159312513188385,-0.06616473242872183,0.17317967325346564,-0.5708594127207633,-0.10051550936354442,0.18984312120790092,-0.6730923429213125,-0.11435700723043678,0.19980925840106664,-0.7733223986018011,-0.123130236324899,0.0,0.0,0.0,0.0,0.0,0.0,0.0,0.0,0.0,0.0,0.0,0.0,0.0,0.0,0.0,0.0,0.0,0.0,0.0,0.0,0.0,0.0,0.0,0.0,0.0,0.0,0.0,0.0,0.0,0.0,0.0,0.0,0.0,0.0,0.0,0.0,0.0,0.0,0.0,0.0,0.0,0.0,0.0,0.0,0.0,0.0,0.0,0.0,0.0,0.0,0.0,0.0,0.0,0.0,0.0,0.0,0.0,0.0,0.0,0.0,0.0,0.0,0.0,SPREAD_HAND
0.0,0.0,0.0,-0.1329918155180052,-0.1155254684572834,-0.04789994830702822,-0.21674820440709633,-0.29424780441325116,-0.06549329905716895,-0.2516553083899594,-0.45767841634808143,-0.08032817176217426,-0.29324696062487315,-0.5908743132212663,-0.09391053345079442,-0.1218945845800942,-0.49193916730437665,-0.023419131711716022,-0.17714840774832608,-0.6870394613217549,-0.061324118324834455,-0.2073524483149099,-0.8064991778871479,-0.09441156142721296,-0.22745983236208092,-0.9182607746852919,-0.11982475766793933,-0.028066859940290984,-0.5079650589328951,-0.032413345700120055,-0.04905427538475198,-0.7270040858114724,-0.06417998199932448,-0.059715935227034604,-0.8652769651653267,-0.09821330480788971,-0.06910967104512258,-0.9899000982715686,-0.12378064796232872,0.06144959977339466,-0.47656703637412035,-0.050182268791678045,0.05797755670777814,-0.6747579793785605,-0.08997222795887039,0.05523362042724727,-0.8054421368075977,-0.11919464259443784,0.046748873268527225,-0.9266556869891004,-0.1391724176403838,0.15157146829191936,-0.41243208826905026,-0.07238007674647562,0.1803776138673075,-0.5661817487514612,-0.10900565954872533,0.19766981330074188,-0.6704730453581929,-0.12413805128596411,0.20758262487719464,-0.7733812959883525,-0.13379113979144214,0.0,0.0,0.0,0.0,0.0,0.0,0.0,0.0,0.0,0.0,0.0,0.0,0.0,0.0,0.0,0.0,0.0,0.0,0.0,0.0,0.0,0.0,0.0,0.0,0.0,0.0,0.0,0.0,0.0,0.0,0.0,0.0,0.0,0.0,0.0,0.0,0.0,0.0,0.0,0.0,0.0,0.0,0.0,0.0,0.0,0.0,0.0,0.0,0.0,0.0,0.0,0.0,0.0,0.0,0.0,0.0,0.0,0.0,0.0,0.0,0.0,0.0,0.0,SPREAD_HAND
0.0,0.0,0.0,-0.12567304247315525,-0.11136464595448653,-0.054666752909846225,-0.21139375262699422,-0.2831309468793156,-0.07693224174871827,-0.24388400339105523,-0.4392982137802418,-0.09520003226120183,-0.2828804939263394,-0.5690442393531986,-0.1120951039809382,-0.11472689636845149,-0.49913934345274097,-0.03712181130815767,-0.16442629104022755,-0.6978720876607586,-0.07954667441234423,-0.1921809850954695,-0.8249058815892228,-0.11536905202343609,-0.211506037961182,-0.9399368626098354,-0.14333298535645528,-0.01940978193669368,-0.5133479450929744,-0.04599448542212112,-0.032410414861312825,-0.7272878191797109,-0.08602389318908048,-0.03890815597192084,-0.8641241099060109,-0.12412607675005159,-0.04609828038749189,-0.9872655816565377,-0.15225511427106264,0.06696403740865961,-0.4780698761119802,-0.06378980754501928,0.07640334523278361,-0.6724982418698116,-0.11368347628679436,0.07911609194761643,-0.802092128540999,-0.14781229457096967,0.07414720837463647,-0.9234006581017367,-0.17024468632003764,0.15206833713273143,-0.4074696996358953,-0.0862832713452974,0.19403086022269636,-0.5551983116163366,-0.13298518197973747,0.21833535560336523,-0.6550307901864306,-0.15402312540607635,0.23376042461982813,-0.7531108706912015,-0.1673150628000376,0.0,0.0,0.0,0.0,0.0,0.0,0.0,0.0,0.0,0.0,0.0,0.0,0.0,0.0,0.0,0.0,0.0,0.0,0.0,0.0,0.0,0.0,0.0,0.0,0.0,0.0,0.0,0.0,0.0,0.0,0.0,0.0,0.0,0.0,0.0,0.0,0.0,0.0,0.0,0.0,0.0,0.0,0.0,0.0,0.0,0.0,0.0,0.0,0.0,0.0,0.0,0.0,0.0,0.0,0.0,0.0,0.0,0.0,0.0,0.0,0.0,0.0,0.0,SPREAD_HAND
0.0,0.0,0.0,-0.1343092031072252,-0.09895003233791698,-0.05425504367946379,-0.22250568147492872,-0.27455712568424295,-0.07478449158250536,-0.25731775756145536,-0.4296350595561117,-0.09097148830432758,-0.29831842423450716,-0.5597603928618599,-0.10574117204369331,-0.11914076894014021,-0.505947410785174,-0.03821151718764178,-0.16794549379970547,-0.7089951147464558,-0.07641796715845207,-0.19308121725597951,-0.8351695951058384,-0.10905141256397674,-0.20981776657373635,-0.9507011443073939,-0.13525480667655676,-0.022026781007078812,-0.5160288007502586,-0.04568947132855752,-0.03766994354315931,-0.7293232269572895,-0.0779170517346171,-0.045997018895852705,-0.8643682657246567,-0.111813287643658,-0.05487266033511997,-0.9888340449892102,-0.13855043348190282,0.06868606537345753,-0.47812343260032775,-0.0619110878407434,0.07433170796061582,-0.6691061605204939,-0.1056913700414725,0.0748990010045465,-0.7930648405326207,-0.13872750355191066,0.0704988348455982,-0.9139900878628947,-0.16248057561733592,0.1570942921232743,-0.4064696795417379,-0.08274972700601986,0.20847156586774285,-0.5448455752029788,-0.1272073649263951,0.24540166083132645,-0.6352070236051124,-0.14865894409415947,0.27491106517828695,-0.7291675256832656,-0.16311740921095147,0.0,0.0,0.0,0.0,0.0,0.0,0.0,0.0,0.0,0.0,0.0,0.0,0.0,0.0,0.0,0.0,0.0,0.0,0.0,0.0,0.0,0.0,0.0,0.0,0.0,0.0,0.0,0.0,0.0,0.0,0.0,0.0,0.0,0.0,0.0,0.0,0.0,0.0,0.0,0.0,0.0,0.0,0.0,0.0,0.0,0.0,0.0,0.0,0.0,0.0,0.0,0.0,0.0,0.0,0.0,0.0,0.0,0.0,0.0,0.0,0.0,0.0,0.0,SPREAD_HAND
0.0,0.0,0.0,-0.13881880478654798,-0.09286064207699903,-0.049699409773529615,-0.2339392897275468,-0.2645443266054309,-0.06753973766734786,-0.27508123797828055,-0.4196259932715372,-0.08235899623775636,-0.3228926553795471,-0.5458783373836521,-0.096088313050163,-0.12658378595880354,-0.5025270206592951,-0.028811437025004882,-0.179868781914896,-0.7016294048580988,-0.06378924191423593,-0.2093022011252518,-0.8240772168576413,-0.09449334891473332,-0.23131275939511975,-0.9365107502036616,-0.11965612929031767,-0.031244379155987077,-0.5145372655219898,-0.03810547887968179,-0.0577423035837321,-0.727841507243896,-0.06925449950977879,-0.07337327131657373,-0.8632405557053798,-0.10383022168120457,-0.08805912437743711,-0.9874803083150496,-0.13087486887822916,0.06001212162369564,-0.48013807071453574,-0.05595614354959247,0.05626172146602003,-0.6696967385606133,-0.09885585080748421,0.04776832464110313,-0.7967928495569148,-0.1324914209569737,0.03461239756838581,-0.9189471253784309,-0.1565537814834709,0.15205759232093746,-0.413170990404225,-0.07806430060361903,0.20248303783408977,-0.5532916221552148,-0.11902744382520267,0.23500822958382167,-0.6480141640764332,-0.13955963945401048,0.25853940367760286,-0.744652870799114,-0.15394906353581791,0.0,0.0,0.0,0.0,0.0,0.0,0.0,0.0,0.0,0.0,0.0,0.0,0.0,0.0,0.0,0.0,0.0,0.0,0.0,0.0,0.0,0.0,0.0,0.0,0.0,0.0,0.0,0.0,0.0,0.0,0.0,0.0,0.0,0.0,0.0,0.0,0.0,0.0,0.0,0.0,0.0,0.0,0.0,0.0,0.0,0.0,0.0,0.0,0.0,0.0,0.0,0.0,0.0,0.0,0.0,0.0,0.0,0.0,0.0,0.0,0.0,0.0,0.0,SPREAD_HAND
0.0,0.0,0.0,-0.13019814525180323,-0.0993727658131628,-0.05879064962466172,-0.2122911083687748,-0.2705697621903684,-0.08383472728973013,-0.24695200133518372,-0.4193953597797279,-0.10420579369551967,-0.2911304268813197,-0.5444560281961714,-0.12401115960389164,-0.08329843429549978,-0.5056020370356614,-0.04633930512837369,-0.12188051076591709,-0.7044486618260826,-0.08704031213914248,-0.14149018687795745,-0.8317586531436505,-0.12116166084426076,-0.15391777691080719,-0.9475499856588835,-0.14836809131780035,0.01625448472034599,-0.5064757152653635,-0.05403233695797042,0.01321754238562142,-0.7235666752227432,-0.08960200319682528,0.010187339595169882,-0.8621996193454868,-0.1266314733561705,0.0055644010437320745,-0.9878738455040176,-0.15515895981260355,0.10492679832724407,-0.4569582097854698,-0.07041807673315784,0.1258853553435455,-0.6421207083559827,-0.11844032683161054,0.128403223162626,-0.7711684652430276,-0.1562805755075808,0.12430920923000055,-0.8950358455032827,-0.18293908589197116,0.1873831784084768,-0.3706122054123534,-0.0913387076120959,0.2618476254414797,-0.48795635484941696,-0.13707987308695488,0.3094521372007975,-0.5719689216246169,-0.16100585468683767,0.34653855326908434,-0.6596979582465318,-0.1775411969541002,0.0,0.0,0.0,0.0,0.0,0.0,0.0,0.0,0.0,0.0,0.0,0.0,0.0,0.0,0.0,0.0,0.0,0.0,0.0,0.0,0.0,0.0,0.0,0.0,0.0,0.0,0.0,0.0,0.0,0.0,0.0,0.0,0.0,0.0,0.0,0.0,0.0,0.0,0.0,0.0,0.0,0.0,0.0,0.0,0.0,0.0,0.0,0.0,0.0,0.0,0.0,0.0,0.0,0.0,0.0,0.0,0.0,0.0,0.0,0.0,0.0,0.0,0.0,SPREAD_HAND
0.0,0.0,0.0,-0.1330242705620854,-0.10224193629146193,-0.05351334676613799,-0.22502786263097163,-0.2735983365092942,-0.0781229839824606,-0.2780984041795032,-0.4144175771466365,-0.09956543125492957,-0.3329747122870396,-0.5295628860898968,-0.12103009668476497,-0.09227139236911029,-0.5061120164584383,-0.04081507862530337,-0.13397167004901173,-0.7029608321764061,-0.08096506260420305,-0.15678122507129397,-0.8269440623402827,-0.11503588389678736,-0.17393143751991516,-0.9391678553591416,-0.1424867169206169,0.0052359752255263835,-0.5066106746785691,-0.051980134122471544,-0.0007156467688803853,-0.7232644410957803,-0.0871136280711881,-0.00878218807937646,-0.8625851505066182,-0.124122479107403,-0.02015436937259054,-0.9880018472894507,-0.15312136084761724,0.09364823104868708,-0.4570590546406429,-0.07183935193207498,0.10642952766864099,-0.6408291172715344,-0.11734640448824617,0.0997866741117227,-0.767257575093161,-0.15481856921809453,0.08604640954318603,-0.8883724659077642,-0.18221001800470554,0.17477088600276547,-0.37027986933562657,-0.09613439170442167,0.2406587078392763,-0.4858761565410302,-0.13897025610489436,0.2790869643808315,-0.5705140898990044,-0.16274280566738564,0.305308129051171,-0.6582427838579894,-0.18027918742721297,0.0,0.0,0.0,0.0,0.0,0.0,0.0,0.0,0.0,0.0,0.0,0.0,0.0,0.0,0.0,0.0,0.0,0.0,0.0,0.0,0.0,0.0,0.0,0.0,0.0,0.0,0.0,0.0,0.0,0.0,0.0,0.0,0.0,0.0,0.0,0.0,0.0,0.0,0.0,0.0,0.0,0.0,0.0,0.0,0.0,0.0,0.0,0.0,0.0,0.0,0.0,0.0,0.0,0.0,0.0,0.0,0.0,0.0,0.0,0.0,0.0,0.0,0.0,SPREAD_HAND
0.0,0.0,0.0,-0.12848616522657574,-0.09742767656840909,-0.06116366265855374,-0.22217408875008032,-0.2651778391179303,-0.09328564201032412,-0.28328010527081077,-0.40774850481223224,-0.12127580214361267,-0.34062704740484334,-0.5286887389438791,-0.14898516351179314,-0.09298326282280332,-0.5071249849529033,-0.05245750393142186,-0.13030167679711904,-0.7037994487337361,-0.10067477662810098,-0.15463078204686836,-0.824310319714418,-0.13949944231369055,-0.17589979086303473,-0.9336436050426861,-0.1701625380231304,-0.001431357833709396,-0.5027869017288012,-0.06231612781540797,-0.010371708903036706,-0.7184579067076786,-0.10826931889300766,-0.02331542936363301,-0.8554367487770609,-0.15037865214700383,-0.03995205177236676,-0.9825050053392148,-0.18190037944591375,0.08047572481027551,-0.45015026278577347,-0.08154113914453684,0.08951034634789555,-0.6379452440380922,-0.13820361800991443,0.07377140863287773,-0.7635921822872725,-0.17999309150185167,0.05016849538301777,-0.8886169228173928,-0.2090246545938547,0.1581112755185579,-0.3609043536255604,-0.10519546547464287,0.21927544548958813,-0.4763034037274455,-0.1593609924068299,0.25081816738374746,-0.5626863446536804,-0.1895707153567527,0.26803941823583183,-0.6550897146561216,-0.21067424572028798,0.0,0.0,0.0,0.0,0.0,0.0,0.0,0.0,0.0,0.0,0.0,0.0,0.0,0.0,0.0,0.0,0.0,0.0,0.0,0.0,0.0,0.0,0.0,0.0,0.0,0.0,0.0,0.0,0.0,0.0,0.0,0.0,0.0,0.0,0.0,0.0,0.0,0.0,0.0,0.0,0.0,0.0,0.0,0.0,0.0,0.0,0.0,0.0,0.0,0.0,0.0,0.0,0.0,0.0,0.0,0.0,0.0,0.0,0.0,0.0,0.0,0.0,0.0,SPREAD_HAND
0.0,0.0,0.0,-0.11864634601160298,-0.10922841349761667,-0.04331170868014251,-0.20109250895327743,-0.28147109590385755,-0.06623622502816998,-0.25280925972281076,-0.4114427562954371,-0.08852922763911969,-0.3029335784816062,-0.5203082284875767,-0.1116467553274273,-0.0709804043972231,-0.5076266547339524,-0.04043973523863597,-0.10418724399786497,-0.702672558993704,-0.0858213760524076,-0.12857609191754882,-0.8233573490093861,-0.12215186592779231,-0.15216470069173554,-0.930634937088324,-0.14975816848433823,0.012930467782424123,-0.5036042778892701,-0.0556956336712397,0.00535799576028117,-0.7216757739296173,-0.09813914980661446,-0.011418212342936435,-0.8622797190843096,-0.13659601235540164,-0.034780857396880034,-0.9856990994619035,-0.16488655881766193,0.08954530378177963,-0.45461979582766154,-0.07857934217992346,0.09852915060715255,-0.6435309361493391,-0.12782557482682835,0.0753388168039165,-0.770945724021191,-0.16585860035819822,0.040895330715177064,-0.8897359171695511,-0.19243358763971055,0.1617039634791529,-0.368421426597739,-0.10486651592487421,0.2242678951212546,-0.4843328960161167,-0.14940847332797888,0.24765407474986112,-0.578824594929411,-0.1759841443842956,0.2537079306366615,-0.675052891024993,-0.19513868027459563,0.0,0.0,0.0,0.0,0.0,0.0,0.0,0.0,0.0,0.0,0.0,0.0,0.0,0.0,0.0,0.0,0.0,0.0,0.0,0.0,0.0,0.0,0.0,0.0,0.0,0.0,0.0,0.0,0.0,0.0,0.0,0.0,0.0,0.0,0.0,0.0,0.0,0.0,0.0,0.0,0.0,0.0,0.0,0.0,0.0,0.0,0.0,0.0,0.0,0.0,0.0,0.0,0.0,0.0,0.0,0.0,0.0,0.0,0.0,0.0,0.0,0.0,0.0,SPREAD_HAND
0.0,0.0,0.0,-0.11782544406463251,-0.10460695647866784,-0.030565126156888316,-0.19891293658482287,-0.274705014530686,-0.04844030820051856,-0.2489179965974829,-0.3894137502746274,-0.06749898781416441,-0.29942334159778955,-0.4787732497343388,-0.08785416375392904,-0.07791267159122844,-0.5132329933258724,-0.03167425169511071,-0.11425132494728563,-0.7105723050482874,-0.07178954660833843,-0.14069695244089084,-0.8275150185932868,-0.10429717469131833,-0.16772318946068585,-0.9294778513956344,-0.1296988979604906,0.0012126809954815796,-0.5085917330119798,-0.0522540167234507,-0.009544091934568327,-0.7322013012901518,-0.08996223090373377,-0.031864369936595985,-0.869721818562962,-0.12468482912214984,-0.0641075372247703,-0.9865276446307015,-0.15051056458061335,0.07425674283534926,-0.4575782901066923,-0.07922873530177454,0.08066436816241439,-0.6635858076179056,-0.12415346196027395,0.052626067784801465,-0.7923824601371072,-0.1606431435282704,0.008733356479626274,-0.9063002187129185,-0.18685567489314506,0.1445292852476542,-0.367777393102382,-0.10856626410521453,0.20510134823957768,-0.4942270710822212,-0.15177532093006202,0.2183446951079693,-0.596373410587575,-0.17891381213816673,0.21010161533345414,-0.6988234853254907,-0.19887447610853315,0.0,0.0,0.0,0.0,0.0,0.0,0.0,0.0,0.0,0.0,0.0,0.0,0.0,0.0,0.0,0.0,0.0,0.0,0.0,0.0,0.0,0.0,0.0,0.0,0.0,0.0,0.0,0.0,0.0,0.0,0.0,0.0,0.0,0.0,0.0,0.0,0.0,0.0,0.0,0.0,0.0,0.0,0.0,0.0,0.0,0.0,0.0,0.0,0.0,0.0,0.0,0.0,0.0,0.0,0.0,0.0,0.0,0.0,0.0,0.0,0.0,0.0,0.0,SPREAD_HAND
0.0,0.0,0.0,-0.13547216817576377,-0.1061899750392503,-0.04796094904676229,-0.2241355566160443,-0.2901606374094484,-0.07119556913727652,-0.2781027546760739,-0.44184933915405894,-0.09210415100116123,-0.34486694340912694,-0.542258353016117,-0.11312237510587955,-0.08945278098847308,-0.5070467453982939,-0.04095991096571131,-0.12472256966718659,-0.7013343438600901,-0.08136774746445535,-0.14798848734657688,-0.8209170811090157,-0.11504113406159838,-0.16851307262929507,-0.9324871302327222,-0.14184033513641361,0.0009318445485265591,-0.5066462373352705,-0.05286670297988449,-0.009465129984057448,-0.7203174153014995,-0.08995240721895373,-0.020864069562006496,-0.8593076740983733,-0.12706311952260488,-0.033494287161468066,-0.9873935639206749,-0.15469997626235552,0.086290472924295,-0.4565108401551795,-0.0721258580846908,0.09130370941853397,-0.6455227240467333,-0.12098173781588337,0.07852522802981121,-0.7709729044189519,-0.15845601857848018,0.06159851912271377,-0.8945971091505253,-0.1837625690591079,0.1697621018756829,-0.3688098081552931,-0.09468336133470372,0.2332340385247409,-0.4934163315587929,-0.14017048815156669,0.2666629430607785,-0.5869747623945873,-0.16499901899293604,0.290379337553642,-0.6862765041227852,-0.181824242694474,0.0,0.0,0.0,0.0,0.0,0.0,0.0,0.0,0.0,0.0,0.0,0.0,0.0,0.0,0.0,0.0,0.0,0.0,0.0,0.0,0.0,0.0,0.0,0.0,0.0,0.0,0.0,0.0,0.0,0.0,0.0,0.0,0.0,0.0,0.0,0.0,0.0,0.0,0.0,0.0,0.0,0.0,0.0,0.0,0.0,0.0,0.0,0.0,0.0,0.0,0.0,0.0,0.0,0.0,0.0,0.0,0.0,0.0,0.0,0.0,0.0,0.0,0.0,SPREAD_HAND
0.0,0.0,0.0,-0.13134892714974866,-0.10509805744755733,-0.04555203983808492,-0.22759218874619816,-0.28869302574189454,-0.06402037639545907,-0.28420486879326423,-0.44688884890633096,-0.08100425954812568,-0.34674260338732876,-0.5558383371659519,-0.09837295792230476,-0.09903895189270814,-0.5028027840372945,-0.029514429613893646,-0.1417881090093081,-0.6974900694631767,-0.06513033892886722,-0.16580242647449253,-0.8185848374456475,-0.09646365972705372,-0.18315521638569174,-0.9295360464176792,-0.12324861771582493,-0.002425644911695513,-0.506747113812871,-0.042390725417913645,-0.013268853278772023,-0.7246943486949391,-0.07563078452162296,-0.023779356734797533,-0.8647306209910491,-0.11104180373515445,-0.03660464653409846,-0.9895615682202796,-0.1393843698322548,0.08677015143394962,-0.46514317222213536,-0.06357448317407442,0.09904961137044085,-0.663307773093111,-0.1091705243438167,0.09178281928992421,-0.7988315331490439,-0.1467870218016919,0.0773259833685664,-0.9247056879323814,-0.17429790637478393,0.1723342314146155,-0.38716553944817644,-0.08832498697089741,0.24455884715189216,-0.5138634457501181,-0.1323992463754629,0.2827952336167336,-0.6123504951078538,-0.15902253561862148,0.30694547557373375,-0.7119549161435579,-0.1790169056192226,0.0,0.0,0.0,0.0,0.0,0.0,0.0,0.0,0.0,0.0,0.0,0.0,0.0,0.0,0.0,0.0,0.0,0.0,0.0,0.0,0.0,0.0,0.0,0.0,0.0,0.0,0.0,0.0,0.0,0.0,0.0,0.0,0.0,0.0,0.0,0.0,0.0,0.0,0.0,0.0,0.0,0.0,0.0,0.0,0.0,0.0,0.0,0.0,0.0,0.0,0.0,0.0,0.0,0.0,0.0,0.0,0.0,0.0,0.0,0.0,0.0,0.0,0.0,SPREAD_HAND
0.0,0.0,0.0,-0.1331626626990517,-0.09225702722272155,-0.051134393980101764,-0.2379859209796117,-0.2643055106873662,-0.07254945973835975,-0.30467064669759425,-0.40919300574596656,-0.09104524018907104,-0.37142773575586197,-0.5106472990602261,-0.10946129696853227,-0.12057303119373967,-0.4977457675688869,-0.03294220731038707,-0.17320693279093258,-0.6790705572234653,-0.06739726780556508,-0.20233425825465615,-0.7925651438209597,-0.09720107604224477,-0.22248961052194763,-0.8956001755149641,-0.1218452604784709,-0.01795075032731983,-0.5119775000403896,-0.043231878462568235,-0.013135599554247614,-0.7300798446019003,-0.07330181909813072,-0.008699815818206577,-0.8696319740483485,-0.10484158444358532,-0.006335861917993533,-0.9915804174128867,-0.12933728254854301,0.07106448827406642,-0.47382675854869544,-0.06248334075506271,0.10405415933438297,-0.6695636803201096,-0.10685294192738236,0.11799624768022737,-0.806989993572292,-0.1427939546826984,0.12337606142494505,-0.9358171828773939,-0.16808239858547508,0.15042774176249168,-0.3969079615868462,-0.08544317783300512,0.22297955739092606,-0.522157775690336,-0.12865075284433466,0.2649766202597475,-0.616769727292778,-0.15048119244229208,0.2934182108714187,-0.7130211727463389,-0.1658054968933907,0.0,0.0,0.0,0.0,0.0,0.0,0.0,0.0,0.0,0.0,0.0,0.0,0.0,0.0,0.0,0.0,0.0,0.0,0.0,0.0,0.0,0.0,0.0,0.0,0.0,0.0,0.0,0.0,0.0,0.0,0.0,0.0,0.0,0.0,0.0,0.0,0.0,0.0,0.0,0.0,0.0,0.0,0.0,0.0,0.0,0.0,0.0,0.0,0.0,0.0,0.0,0.0,0.0,0.0,0.0,0.0,0.0,0.0,0.0,0.0,0.0,0.0,0.0,SPREAD_HAND
0.0,0.0,0.0,-0.14010390115477464,-0.0910907024825094,-0.047486312093390694,-0.2456967242756775,-0.26265483541445106,-0.06582828685334759,-0.3105936174723893,-0.40789737757900213,-0.08196697784941682,-0.37905394067662074,-0.503585931586689,-0.09884826005546424,-0.12037097964835267,-0.4934622282029991,-0.025971681525428097,-0.17716965806543544,-0.6718837137790805,-0.06042396130035444,-0.20990605668307563,-0.784443258069167,-0.09167924989892731,-0.23265547049628996,-0.8845471503201626,-0.11660916500763145,-0.020860009951703267,-0.5104721871849984,-0.03738989141876994,-0.02139129188558853,-0.7274150990696896,-0.06594411655139751,-0.02172754226249873,-0.8689854765383913,-0.09849196459246584,-0.022450559802444946,-0.9920418638858473,-0.1238907287187015,0.06817344870736138,-0.4767210159878423,-0.05773041276095248,0.08663552760170992,-0.6693197808862634,-0.09944895503251892,0.0873755953492695,-0.8040393025371465,-0.13549933721878518,0.08283618356914606,-0.928322417461364,-0.16109295067394058,0.15073404007315105,-0.4043323629796969,-0.08172922569790124,0.21401363550977978,-0.5369384194905812,-0.12043606509134738,0.25156224922935705,-0.632522897509788,-0.14039214465893932,0.27901118197671465,-0.7287486281328025,-0.15500570963761598,0.0,0.0,0.0,0.0,0.0,0.0,0.0,0.0,0.0,0.0,0.0,0.0,0.0,0.0,0.0,0.0,0.0,0.0,0.0,0.0,0.0,0.0,0.0,0.0,0.0,0.0,0.0,0.0,0.0,0.0,0.0,0.0,0.0,0.0,0.0,0.0,0.0,0.0,0.0,0.0,0.0,0.0,0.0,0.0,0.0,0.0,0.0,0.0,0.0,0.0,0.0,0.0,0.0,0.0,0.0,0.0,0.0,0.0,0.0,0.0,0.0,0.0,0.0,SPREAD_HAND
0.0,0.0,0.0,-0.13862694085197425,-0.0778483275321082,-0.04603334348565049,-0.25382809980515314,-0.23974454603989256,-0.06345555631605176,-0.327714896257745,-0.37128303140261265,-0.07862242402338968,-0.3968744031946421,-0.46239837017070196,-0.09427392504384033,-0.14129181987042402,-0.4871217646594755,-0.023501415074217817,-0.19738336194966852,-0.6586139148726742,-0.05454613166540723,-0.22869139902115485,-0.7669095836018588,-0.0841272849316356,-0.25017827584985614,-0.8643010492632125,-0.10908102045037393,-0.044373399205636536,-0.513952063823464,-0.035155988750139235,-0.04679882766186299,-0.7320102218842729,-0.06001203692932664,-0.0476036889201851,-0.8733364348866932,-0.08894583244013426,-0.0487757820707783,-0.9924404087165658,-0.11261864068563325,0.04293632401465334,-0.4873121972624031,-0.05596742784515696,0.06804863975821815,-0.6891565653256252,-0.0932321539771901,0.07355984480500125,-0.8288034019729078,-0.12670729145108608,0.07025420004809668,-0.9575689333222202,-0.15219340011908433,0.12417228209399256,-0.4194761752264904,-0.08063083575416022,0.18234265661639024,-0.5523954054072483,-0.11791529920608677,0.21005806768002577,-0.6524836954195636,-0.13753885839307695,0.224222274889058,-0.7521529779327919,-0.152824405644405,0.0,0.0,0.0,0.0,0.0,0.0,0.0,0.0,0.0,0.0,0.0,0.0,0.0,0.0,0.0,0.0,0.0,0.0,0.0,0.0,0.0,0.0,0.0,0.0,0.0,0.0,0.0,0.0,0.0,0.0,0.0,0.0,0.0,0.0,0.0,0.0,0.0,0.0,0.0,0.0,0.0,0.0,0.0,0.0,0.0,0.0,0.0,0.0,0.0,0.0,0.0,0.0,0.0,0.0,0.0,0.0,0.0,0.0,0.0,0.0,0.0,0.0,0.0,SPREAD_HAND
0.0,0.0,0.0,-0.13672183316997033,-0.08603601340887482,-0.050309247024486366,-0.2498866644099054,-0.2474240636619333,-0.07415382677136184,-0.33346216670373907,-0.37658718794312307,-0.09484214262051827,-0.4167196648588143,-0.4569297114817893,-0.1165376219659919,-0.14520327330327262,-0.49362980800293627,-0.03854834567621826,-0.2100696587445715,-0.6728605373087224,-0.07413265340738387,-0.2472044622375577,-0.7826583366748616,-0.10515391914994364,-0.27596882943142,-0.885004663314902,-0.13113028858905465,-0.0406042273803966,-0.5175666165487169,-0.050364095931284616,-0.04828768102293151,-0.7312937661444806,-0.08117867402267628,-0.05069468487049937,-0.8668391359743488,-0.11436016112977397,-0.05541535562805446,-0.9885344820603575,-0.1404589482314208,0.05227736018792837,-0.4811780653009055,-0.07026553437989537,0.08939177392928571,-0.6733637589118114,-0.11597996700810788,0.10647509303936276,-0.8090415354828473,-0.15355127424064288,0.11225742397024002,-0.9404860640080152,-0.18001641198840418,0.13220949248340594,-0.40264668361344774,-0.09324407209077631,0.19506565104516968,-0.531004792638557,-0.13851440231423676,0.23101620256622035,-0.6241453680458947,-0.15966914956245623,0.2546420990607656,-0.7224194116979573,-0.1743220039461502,0.0,0.0,0.0,0.0,0.0,0.0,0.0,0.0,0.0,0.0,0.0,0.0,0.0,0.0,0.0,0.0,0.0,0.0,0.0,0.0,0.0,0.0,0.0,0.0,0.0,0.0,0.0,0.0,0.0,0.0,0.0,0.0,0.0,0.0,0.0,0.0,0.0,0.0,0.0,0.0,0.0,0.0,0.0,0.0,0.0,0.0,0.0,0.0,0.0,0.0,0.0,0.0,0.0,0.0,0.0,0.0,0.0,0.0,0.0,0.0,0.0,0.0,0.0,SPREAD_HAND
0.0,0.0,0.0,-0.1311738833708316,-0.1010685537545801,-0.049361203765087104,-0.23907940603326686,-0.2749038808040473,-0.07164864562367011,-0.32251999763278155,-0.4064520940183339,-0.09202651783917162,-0.40727055469254564,-0.4802389192864997,-0.11413742162985885,-0.10940114110966905,-0.5090875161449118,-0.03502044366776201,-0.1597808856567681,-0.6916341072053089,-0.06900350004146784,-0.18685119526828592,-0.8061850240442048,-0.09847988055395072,-0.20445584842939668,-0.908614476560689,-0.12380935480210412,-0.005518120830990677,-0.5196486953111856,-0.048256022778583284,0.005892072690759844,-0.7330323924034473,-0.07900772024678838,0.016325052390283392,-0.8705998383201082,-0.11136636023234094,0.024440614112470584,-0.990227107557274,-0.13730597889589682,0.08335378134635402,-0.47531429583941825,-0.07029291263880448,0.13927356977821728,-0.6638422897349744,-0.1193675818895886,0.1703711695668448,-0.7957206716987639,-0.16042991833769601,0.19032820419622384,-0.9222681607505713,-0.18914285055156407,0.1577330330446528,-0.3901181590114353,-0.09534189149349051,0.24335213361699057,-0.503619352157721,-0.14615512820552456,0.2971771364624245,-0.5903501657471321,-0.1730644010175924,0.33839272954578353,-0.6826398594083137,-0.19183425188731007,0.0,0.0,0.0,0.0,0.0,0.0,0.0,0.0,0.0,0.0,0.0,0.0,0.0,0.0,0.0,0.0,0.0,0.0,0.0,0.0,0.0,0.0,0.0,0.0,0.0,0.0,0.0,0.0,0.0,0.0,0.0,0.0,0.0,0.0,0.0,0.0,0.0,0.0,0.0,0.0,0.0,0.0,0.0,0.0,0.0,0.0,0.0,0.0,0.0,0.0,0.0,0.0,0.0,0.0,0.0,0.0,0.0,0.0,0.0,0.0,0.0,0.0,0.0,SPREAD_HAND
0.0,0.0,0.0,-0.13965385774737246,-0.07125339185670822,-0.030422611530461444,-0.2536630366289219,-0.24057411809893575,-0.037349818661451616,-0.3208683869015463,-0.3725003290921798,-0.04439335959017469,-0.3899427229934883,-0.4447848516596459,-0.05362750446251648,-0.15059150675881788,-0.4780148073086056,-0.012848514084241648,-0.21593904711668382,-0.6467318504864298,-0.040246757427456044,-0.2534257328752461,-0.7528020536273649,-0.06635812625560808,-0.2803969056437485,-0.845874495547754,-0.08876307465095626,-0.05450992183283216,-0.5104172547716331,-0.02990101686668193,-0.07745055374691755,-0.7318052001246471,-0.05316869366641684,-0.09023572715656283,-0.872265595885386,-0.0806336633388353,-0.10246026315617839,-0.9893735399302471,-0.10315955098709187,0.03419464499305252,-0.48819986353830686,-0.05457964010337674,0.04980345367382568,-0.6951619267238897,-0.09179881416019135,0.046211014418735895,-0.8390489039473317,-0.12788481213319716,0.03164653875355702,-0.968978435200759,-0.1550136142808393,0.11694558639840784,-0.4236768224689918,-0.0813395798323759,0.17080257749949343,-0.5652299085246676,-0.12001689856594056,0.18591184780889836,-0.6749238987189202,-0.14359194728196703,0.1813689654177253,-0.7827516049608916,-0.1620172681298633,0.0,0.0,0.0,0.0,0.0,0.0,0.0,0.0,0.0,0.0,0.0,0.0,0.0,0.0,0.0,0.0,0.0,0.0,0.0,0.0,0.0,0.0,0.0,0.0,0.0,0.0,0.0,0.0,0.0,0.0,0.0,0.0,0.0,0.0,0.0,0.0,0.0,0.0,0.0,0.0,0.0,0.0,0.0,0.0,0.0,0.0,0.0,0.0,0.0,0.0,0.0,0.0,0.0,0.0,0.0,0.0,0.0,0.0,0.0,0.0,0.0,0.0,0.0,SPREAD_HAND
0.0,0.0,0.0,-0.13398749640775456,-0.08457748179482046,-0.03190503212115572,-0.24173334559819346,-0.26511972426032204,-0.04243110273687971,-0.31981138802341946,-0.40332297089888636,-0.054241637015469954,-0.3999530117578575,-0.4749228525050026,-0.06815941665824667,-0.13330379780548945,-0.48656685083406404,-0.005064654800203918,-0.19288761936892207,-0.6516617731152656,-0.03203322169758217,-0.22749158046679588,-0.757309964023731,-0.05994127278021888,-0.2497441565999359,-0.8520695451453417,-0.08453884687572769,-0.04141281562510464,-0.5178640938946291,-0.022590767132539047,-0.060404266144547934,-0.7339363837838792,-0.04631455554528549,-0.07629295979147549,-0.873278126749333,-0.07617610273036193,-0.09102516421955946,-0.9907005219406345,-0.10112811332837457,0.04450239857151147,-0.4968214849844184,-0.048122383541364784,0.06209212457777497,-0.7098695295940441,-0.08391109052144644,0.05703903209340619,-0.8553815202362998,-0.11900424705956288,0.04339147048429394,-0.9857821727480115,-0.1462633297329039,0.12497143035553991,-0.43563839260014436,-0.07623413371841176,0.17640819561015594,-0.5780323245887268,-0.11224279206813603,0.18997784017411096,-0.6916703608683099,-0.13428949822533656,0.18777594828674832,-0.8040402894149627,-0.15228950910612973,0.0,0.0,0.0,0.0,0.0,0.0,0.0,0.0,0.0,0.0,0.0,0.0,0.0,0.0,0.0,0.0,0.0,0.0,0.0,0.0,0.0,0.0,0.0,0.0,0.0,0.0,0.0,0.0,0.0,0.0,0.0,0.0,0.0,0.0,0.0,0.0,0.0,0.0,0.0,0.0,0.0,0.0,0.0,0.0,0.0,0.0,0.0,0.0,0.0,0.0,0.0,0.0,0.0,0.0,0.0,0.0,0.0,0.0,0.0,0.0,0.0,0.0,0.0,SPREAD_HAND
0.0,0.0,0.0,-0.1446039328440723,-0.0772771610922405,-0.029263573895503575,-0.26197042225850076,-0.23873525679514052,-0.040498617597438114,-0.33738998865601894,-0.36156692488092285,-0.05283528247683621,-0.4121547591382135,-0.43818353853796416,-0.06645604728099248,-0.15778313445812173,-0.49655191190283876,-0.012269325377616526,-0.22396112947458374,-0.6745307122896347,-0.041090898228577685,-0.26084575641436064,-0.7858319152978971,-0.06867988300157571,-0.288611462322066,-0.882827203696828,-0.09357230667427541,-0.06815245604583081,-0.5286163427588881,-0.032795969747547365,-0.10724820118590116,-0.7408974026502624,-0.06117180996267266,-0.13260993425793788,-0.872829567407837,-0.09265891982578985,-0.15704346300655544,-0.9804617231635097,-0.118457419092896,0.019732132420059625,-0.5095439129180007,-0.060960648759444964,0.01746167933110654,-0.7260221525621762,-0.10253289843745637,0.00483147166224065,-0.873194805167166,-0.14080776034037298,-0.01849994239926301,-1.0053320424780434,-0.17029900344690094,0.10672045861924087,-0.4488929335351705,-0.09104080119662045,0.15298795911057594,-0.5989779673372579,-0.13550900205909053,0.16116850505244276,-0.7125147243816693,-0.16318824020188713,0.1510208743242114,-0.8231274347169191,-0.1846088173917414,0.0,0.0,0.0,0.0,0.0,0.0,0.0,0.0,0.0,0.0,0.0,0.0,0.0,0.0,0.0,0.0,0.0,0.0,0.0,0.0,0.0,0.0,0.0,0.0,0.0,0.0,0.0,0.0,0.0,0.0,0.0,0.0,0.0,0.0,0.0,0.0,0.0,0.0,0.0,0.0,0.0,0.0,0.0,0.0,0.0,0.0,0.0,0.0,0.0,0.0,0.0,0.0,0.0,0.0,0.0,0.0,0.0,0.0,0.0,0.0,0.0,0.0,0.0,SPREAD_HAND
0.0,0.0,0.0,-0.13707141340743279,-0.07792229445619496,-0.04659703775659507,-0.24575989911712037,-0.23646463821362199,-0.06744253910190014,-0.3206622776420086,-0.36591517550842456,-0.08625991958539654,-0.38996774767659104,-0.4671086408474293,-0.1049800505967623,-0.14949636606233177,-0.48769319141672485,-0.029013084262217305,-0.20780761151647323,-0.6674624534503469,-0.06667132472836225,-0.24371058266771198,-0.7792948452069962,-0.10062906212878311,-0.27587667474216443,-0.8797890264306255,-0.12914878021146728,-0.0561217109016458,-0.5115047424357831,-0.04355225791297482,-0.08411860202244367,-0.7214964989176851,-0.07850429639281428,-0.10727392639643035,-0.8602582881984923,-0.11644288792742598,-0.13425236324027415,-0.9801491194661281,-0.14589039232990955,0.02943999747764034,-0.47818892114224654,-0.06659986828005188,0.036388478183998194,-0.6717711617923108,-0.1130281625336303,0.028011756904905538,-0.8032246117841378,-0.1523810542667364,0.00786364443556781,-0.9272686825360378,-0.18092831995034916,0.10932244329171342,-0.40296757974758995,-0.09312795626281319,0.159152373941925,-0.5268114066107726,-0.1412801188236819,0.17560867849665143,-0.6221501812868476,-0.1682307933715079,0.17599305673911667,-0.7194075897325158,-0.1872606405572483,0.0,0.0,0.0,0.0,0.0,0.0,0.0,0.0,0.0,0.0,0.0,0.0,0.0,0.0,0.0,0.0,0.0,0.0,0.0,0.0,0.0,0.0,0.0,0.0,0.0,0.0,0.0,0.0,0.0,0.0,0.0,0.0,0.0,0.0,0.0,0.0,0.0,0.0,0.0,0.0,0.0,0.0,0.0,0.0,0.0,0.0,0.0,0.0,0.0,0.0,0.0,0.0,0.0,0.0,0.0,0.0,0.0,0.0,0.0,0.0,0.0,0.0,0.0,SPREAD_HAND
0.0,0.0,0.0,-0.1380108470140595,-0.08704701775496114,-0.0547757464143436,-0.23208943571473667,-0.24810487205715548,-0.07795938672302949,-0.2846394036230085,-0.40336918738529054,-0.0971530137512538,-0.34464756859333195,-0.5265720499836014,-0.1138241894370965,-0.15611733763565605,-0.4882135222006153,-0.026767038808911136,-0.1963680344428319,-0.68836037648822,-0.06079020034685165,-0.21037633918592338,-0.8024478565038708,-0.09316267713854966,-0.22051569342533411,-0.9167683081780379,-0.12025867350819167,-0.06841008981167969,-0.5161543713497826,-0.03288818340001758,-0.1161549669669253,-0.7240382069441477,-0.06528097623429069,-0.13977598239272218,-0.8539929365428649,-0.10034186721590334,-0.1630678599659001,-0.978216494364535,-0.12845763192314244,0.017964511841301635,-0.4957754155054411,-0.04803233634837088,0.01350568836458989,-0.694500297701169,-0.08727996313198835,0.012287200030706488,-0.8307980299018155,-0.11580460660802623,0.0018202024521535912,-0.9596007770163664,-0.13681377291895014,0.10783064186378695,-0.44076812255360315,-0.06836877759539428,0.10598445786965227,-0.5991355077098522,-0.10552466032438315,0.09787614744519747,-0.7054414009395893,-0.12154708782840251,0.08212190607349129,-0.8125406509003508,-0.13307572167738543,0.0,0.0,0.0,0.0,0.0,0.0,0.0,0.0,0.0,0.0,0.0,0.0,0.0,0.0,0.0,0.0,0.0,0.0,0.0,0.0,0.0,0.0,0.0,0.0,0.0,0.0,0.0,0.0,0.0,0.0,0.0,0.0,0.0,0.0,0.0,0.0,0.0,0.0,0.0,0.0,0.0,0.0,0.0,0.0,0.0,0.0,0.0,0.0,0.0,0.0,0.0,0.0,0.0,0.0,0.0,0.0,0.0,0.0,0.0,0.0,0.0,0.0,0.0,VULCAN
0.0,0.0,0.0,-0.13107897959060458,-0.09434119674362768,-0.049869168517933514,-0.2220363185166578,-0.263917035231577,-0.07222418658461019,-0.2675161220202978,-0.42057388305211263,-0.0915203800333269,-0.322573555053604,-0.5453410313341397,-0.1091264053205245,-0.13118999619801786,-0.5001559590172775,-0.03099397272534023,-0.1695539932845551,-0.6972987729709939,-0.06704276994374873,-0.18343106921121496,-0.810142976362227,-0.10026573566468848,-0.19240598599805364,-0.9238505427783166,-0.12815401766371226,-0.043804885204053186,-0.5235796275726063,-0.04045992909776442,-0.09071095368121344,-0.7328954722155369,-0.07549745306000136,-0.11503755731017033,-0.8598107321646627,-0.11075820023362953,-0.1377316199466713,-0.9806582779688241,-0.13906596534769441,0.04078093606535084,-0.4970698167038845,-0.05786680715422419,0.04809561739422835,-0.6939082302824354,-0.09892141258627708,0.05063395840501971,-0.8269172873106331,-0.12523895134547963,0.041466493459301874,-0.9513732906601625,-0.14484785649333076,0.12635420827725233,-0.43455851377799765,-0.08006762181026099,0.12905931294455592,-0.589990717108799,-0.11856166798845284,0.12191509582577104,-0.6963712471219603,-0.13315903130284795,0.10616100362495373,-0.8042286561318066,-0.14369407462034461,0.0,0.0,0.0,0.0,0.0,0.0,0.0,0.0,0.0,0.0,0.0,0.0,0.0,0.0,0.0,0.0,0.0,0.0,0.0,0.0,0.0,0.0,0.0,0.0,0.0,0.0,0.0,0.0,0.0,0.0,0.0,0.0,0.0,0.0,0.0,0.0,0.0,0.0,0.0,0.0,0.0,0.0,0.0,0.0,0.0,0.0,0.0,0.0,0.0,0.0,0.0,0.0,0.0,0.0,0.0,0.0,0.0,0.0,0.0,0.0,0.0,0.0,0.0,VULCAN
0.0,0.0,0.0,-0.13005613083788037,-0.10357452090239856,-0.053916246324758325,-0.2146989171627016,-0.2697638004200365,-0.0805286901126634,-0.25371199353689056,-0.4273260809883731,-0.10344859961360167,-0.29763924277582665,-0.5641089578020861,-0.1240787621719282,-0.12165333665360048,-0.5000739542632895,-0.037283895786083765,-0.15624997715349062,-0.7024088047795647,-0.07635229595239464,-0.16768550561492493,-0.8170944265920754,-0.11100580172754439,-0.17586542168959765,-0.9328903383813413,-0.13921440796207257,-0.03328723160594814,-0.519573256148124,-0.04517595778710669,-0.07349779539912482,-0.726223354912096,-0.0841571755868146,-0.09498804524575304,-0.8554054610420093,-0.12246697383511246,-0.11625577879788711,-0.981455574948769,-0.15241242829270138,0.050987829959028834,-0.4903569269835609,-0.06097050658709582,0.0660123231313341,-0.6876755727732233,-0.10571586125450354,0.07632236538126735,-0.8212680845255521,-0.13473121719942555,0.07518686895164003,-0.9462376978998602,-0.1551869924111016,0.1343789772029502,-0.42478396800444485,-0.08141585323192116,0.14486787672374243,-0.5828061155814027,-0.12181027186720512,0.14505204061625873,-0.6893761038043168,-0.13717318277520174,0.13825763521429538,-0.7974120462600637,-0.14761772979339224,0.0,0.0,0.0,0.0,0.0,0.0,0.0,0.0,0.0,0.0,0.0,0.0,0.0,0.0,0.0,0.0,0.0,0.0,0.0,0.0,0.0,0.0,0.0,0.0,0.0,0.0,0.0,0.0,0.0,0.0,0.0,0.0,0.0,0.0,0.0,0.0,0.0,0.0,0.0,0.0,0.0,0.0,0.0,0.0,0.0,0.0,0.0,0.0,0.0,0.0,0.0,0.0,0.0,0.0,0.0,0.0,0.0,0.0,0.0,0.0,0.0,0.0,0.0,VULCAN
0.0,0.0,0.0,-0.1324062587786004,-0.10361366692665026,-0.05365789458751901,-0.22118523796157352,-0.27528702867184535,-0.07678184857931261,-0.26079263644933204,-0.4401071740735179,-0.09558835851375562,-0.3029353015341962,-0.5804439957588257,-0.11166046371148447,-0.13452681604741504,-0.49980252073666587,-0.03300590378051803,-0.17217559588472606,-0.7003476718856821,-0.06849694897473939,-0.18587139802789576,-0.8118082157153103,-0.10035290183776727,-0.19699756148209632,-0.9233571111762576,-0.12660888350998312,-0.04385902545210892,-0.5235367454612844,-0.03992017561926323,-0.08699363839769303,-0.732865560663001,-0.07353764282287843,-0.11056060923200668,-0.8602795979206049,-0.10906536339346959,-0.13555762445185693,-0.9812166810292949,-0.13725143104107876,0.04443909879623797,-0.4960234805061498,-0.05491906835420315,0.05833983420189266,-0.6939987567318886,-0.0971669647499496,0.06600551939037375,-0.8281448221328366,-0.1263973799807974,0.06091715050588282,-0.9523930834243752,-0.14705920034972195,0.13312582848180426,-0.43093100671751045,-0.0742273362683994,0.14167207705462295,-0.5897561159592829,-0.11378942944521159,0.1413795008637438,-0.6940893525891371,-0.12821721097509511,0.1314157283237305,-0.7970976100420888,-0.1377734645685775,0.0,0.0,0.0,0.0,0.0,0.0,0.0,0.0,0.0,0.0,0.0,0.0,0.0,0.0,0.0,0.0,0.0,0.0,0.0,0.0,0.0,0.0,0.0,0.0,0.0,0.0,0.0,0.0,0.0,0.0,0.0,0.0,0.0,0.0,0.0,0.0,0.0,0.0,0.0,0.0,0.0,0.0,0.0,0.0,0.0,0.0,0.0,0.0,0.0,0.0,0.0,0.0,0.0,0.0,0.0,0.0,0.0,0.0,0.0,0.0,0.0,0.0,0.0,VULCAN
0.0,0.0,0.0,-0.1342975881045695,-0.1075250405076987,-0.06348009924964615,-0.22375250518374662,-0.2730283924743857,-0.09277948924154897,-0.2688532028885755,-0.4418727833074725,-0.11599918721018428,-0.31444875978376585,-0.5901124376353094,-0.13594165985903542,-0.14289564331519058,-0.49649249677789303,-0.03817999571641441,-0.18613655273313542,-0.6991920457589446,-0.07469240739767045,-0.20035512892233198,-0.8088195292996975,-0.10752280593427001,-0.2135074659247262,-0.9225888708996188,-0.1349944376345066,-0.04782587346529571,-0.5251735669270332,-0.03922198714174925,-0.09520445139747084,-0.7319752965122492,-0.07668447440488638,-0.12029452703587651,-0.8552312157099679,-0.11586184098880561,-0.14837174821530397,-0.9779513660432214,-0.1469590078414098,0.04340442489244927,-0.49951648566999,-0.04879126589454668,0.060565909956995324,-0.6989159054587454,-0.09558325747645617,0.07227408617476885,-0.8381830948025764,-0.12769868398467565,0.07115473834477785,-0.967028113391833,-0.14967281638068372,0.13150365451835022,-0.43571969723409065,-0.06291040970378248,0.14412391931357788,-0.5962581920050493,-0.1052550530076478,0.1452369828261614,-0.7060357906375994,-0.12189558664240031,0.13875119759591303,-0.8168471902891573,-0.13313029037255814,0.0,0.0,0.0,0.0,0.0,0.0,0.0,0.0,0.0,0.0,0.0,0.0,0.0,0.0,0.0,0.0,0.0,0.0,0.0,0.0,0.0,0.0,0.0,0.0,0.0,0.0,0.0,0.0,0.0,0.0,0.0,0.0,0.0,0.0,0.0,0.0,0.0,0.0,0.0,0.0,0.0,0.0,0.0,0.0,0.0,0.0,0.0,0.0,0.0,0.0,0.0,0.0,0.0,0.0,0.0,0.0,0.0,0.0,0.0,0.0,0.0,0.0,0.0,VULCAN
0.0,0.0,0.0,-0.13672154509551238,-0.10021455368133442,-0.05385760796428772,-0.22634050046758408,-0.27197675478515765,-0.07684170540974196,-0.2693505519991811,-0.4396829165913177,-0.09568215087583001,-0.32014106360183575,-0.5794149763585896,-0.11249298945125974,-0.14477313980905382,-0.5009925935248335,-0.029552835221911006,-0.18610240192796848,-0.6994591645488182,-0.06348554084334199,-0.20026618120646136,-0.8111122262956075,-0.09523651931425675,-0.21259618243011025,-0.9265575538190917,-0.12298494163601867,-0.05085798854987913,-0.532069285597103,-0.03617376721455408,-0.09791064533237369,-0.7341278998925636,-0.07216184173498856,-0.1235747047543716,-0.8567727109715026,-0.11131641385887736,-0.15101733381984805,-0.9781652112526347,-0.14278159678695682,0.03880537892200214,-0.5070987665072141,-0.0506084702700707,0.05483090851709758,-0.7032006385870566,-0.09610286964177461,0.0652687334552136,-0.8429139274944644,-0.12824431726990662,0.06197806676711388,-0.9728354525620907,-0.1512082713130474,0.12537314942594172,-0.4435086754709075,-0.06899957294248814,0.1374328748046169,-0.6015384590170401,-0.11112208025087086,0.13850833465801646,-0.7095862888163051,-0.12803967042394368,0.1302517327102712,-0.818292080193688,-0.14007069509654374,0.0,0.0,0.0,0.0,0.0,0.0,0.0,0.0,0.0,0.0,0.0,0.0,0.0,0.0,0.0,0.0,0.0,0.0,0.0,0.0,0.0,0.0,0.0,0.0,0.0,0.0,0.0,0.0,0.0,0.0,0.0,0.0,0.0,0.0,0.0,0.0,0.0,0.0,0.0,0.0,0.0,0.0,0.0,0.0,0.0,0.0,0.0,0.0,0.0,0.0,0.0,0.0,0.0,0.0,0.0,0.0,0.0,0.0,0.0,0.0,0.0,0.0,0.0,VULCAN
0.0,0.0,0.0,-0.14712498896576437,-0.09684271750420552,-0.05112848799870932,-0.2429974509451757,-0.2621268014339193,-0.07255607096003633,-0.2868604780857034,-0.4276815800218557,-0.09060473830249542,-0.3306859975235325,-0.5657006394800332,-0.10708431582737543,-0.1513623945423515,-0.49600770975949066,-0.02509864735316327,-0.19352527349978124,-0.690156865400945,-0.05793998781426159,-0.20770921529717024,-0.8002702543530673,-0.08996042139755539,-0.22008760141255876,-0.9151084379606549,-0.11800780860747691,-0.058341603399951814,-0.5317784801936616,-0.03192158566124876,-0.10946725545627582,-0.7330021795214633,-0.06714387378294577,-0.13777881719523294,-0.854960072843246,-0.10634640303328553,-0.16849412820263915,-0.9759847359287507,-0.13807072099224918,0.03136331385821032,-0.5134834047319862,-0.04663556496634811,0.042440267112436134,-0.7078948127834673,-0.09076607569569535,0.04802915602163282,-0.8492128616294908,-0.12412779030540842,0.04030474012952369,-0.9793794242300737,-0.14809414197340606,0.11868510505423037,-0.4574841633957451,-0.06525786799827184,0.12581108615279957,-0.6214377490097933,-0.1059715747511115,0.1222027486703487,-0.733923711213813,-0.12397318409760037,0.11069934127868694,-0.8468885297958555,-0.13705425923402595,0.0,0.0,0.0,0.0,0.0,0.0,0.0,0.0,0.0,0.0,0.0,0.0,0.0,0.0,0.0,0.0,0.0,0.0,0.0,0.0,0.0,0.0,0.0,0.0,0.0,0.0,0.0,0.0,0.0,0.0,0.0,0.0,0.0,0.0,0.0,0.0,0.0,0.0,0.0,0.0,0.0,0.0,0.0,0.0,0.0,0.0,0.0,0.0,0.0,0.0,0.0,0.0,0.0,0.0,0.0,0.0,0.0,0.0,0.0,0.0,0.0,0.0,0.0,VULCAN
0.0,0.0,0.0,-0.15076346150627887,-0.09316200310435976,-0.048108806506424295,-0.24787179830149741,-0.26367105206414365,-0.06589818717710703,-0.29301527654626464,-0.43343002162199623,-0.08123736299414162,-0.3393167084561704,-0.5716549631209872,-0.09445289509286532,-0.14836213672785173,-0.5047482968490348,-0.009277358331119364,-0.19305521043404453,-0.6971161228605006,-0.037177317490584866,-0.2085747755886114,-0.8067019502049275,-0.06764535616942677,-0.21868954576318755,-0.9199952576447767,-0.09509922887727928,-0.05743859421456874,-0.5400612142279037,-0.017006406836159702,-0.11012022174148889,-0.741758279202058,-0.04479803647692538,-0.1393089579161834,-0.8626016622460336,-0.07984649658846489,-0.168190524381792,-0.9796583637097599,-0.10945975480373499,0.030282626753720378,-0.5234274153416179,-0.0338169275672637,0.035787769390416696,-0.7256543242707841,-0.07046840729200675,0.03754061156457301,-0.8676872719706109,-0.09860258595702724,0.029313055441152577,-0.9989544388682297,-0.12065922544888356,0.11730908741950692,-0.46869291387976886,-0.055339232144960726,0.12291582685386372,-0.6327630575976607,-0.08967420971040069,0.11969756389096996,-0.7431682321841101,-0.10381009101978116,0.10952908065533558,-0.8543457030366162,-0.11526936067744838,0.0,0.0,0.0,0.0,0.0,0.0,0.0,0.0,0.0,0.0,0.0,0.0,0.0,0.0,0.0,0.0,0.0,0.0,0.0,0.0,0.0,0.0,0.0,0.0,0.0,0.0,0.0,0.0,0.0,0.0,0.0,0.0,0.0,0.0,0.0,0.0,0.0,0.0,0.0,0.0,0.0,0.0,0.0,0.0,0.0,0.0,0.0,0.0,0.0,0.0,0.0,0.0,0.0,0.0,0.0,0.0,0.0,0.0,0.0,0.0,0.0,0.0,0.0,VULCAN
0.0,0.0,0.0,-0.14810847873594477,-0.0867619619744066,-0.04474293718942599,-0.24214022865474402,-0.26474310840192644,-0.05890465803616877,-0.28005377773173634,-0.4356458281430038,-0.0717072090179136,-0.32439133679013593,-0.5689266621197427,-0.08291490098841317,-0.14238766717559764,-0.49813378000488506,-0.005297652035519037,-0.18097799837596645,-0.6920664905178958,-0.032998949445420644,-0.19484644055059924,-0.801881065428451,-0.06334078812815853,-0.20410869058507403,-0.9146981406966765,-0.09046598969671939,-0.05658673353420011,-0.5306422578916842,-0.015008086760408407,-0.1013288670350936,-0.7359025107754573,-0.04225627851731396,-0.12933904310337563,-0.8619633940346431,-0.07807221023932236,-0.15709338617206065,-0.981630420688935,-0.10827458242385496,0.0260934825382947,-0.5145446339313118,-0.0338626176035301,0.02749194878564601,-0.7228073015907975,-0.07019895538218704,0.0258147706286088,-0.8640100580314194,-0.10060749450339314,0.01516523705595333,-0.9926659859465311,-0.1243185750239193,0.11007882346934939,-0.4623026111284487,-0.05733082009334212,0.11403955648273635,-0.6318740179318371,-0.09332777905187961,0.10782573579002569,-0.744895976407367,-0.1109701716166989,0.09358181703859804,-0.856096750817969,-0.12490327096055412,0.0,0.0,0.0,0.0,0.0,0.0,0.0,0.0,0.0,0.0,0.0,0.0,0.0,0.0,0.0,0.0,0.0,0.0,0.0,0.0,0.0,0.0,0.0,0.0,0.0,0.0,0.0,0.0,0.0,0.0,0.0,0.0,0.0,0.0,0.0,0.0,0.0,0.0,0.0,0.0,0.0,0.0,0.0,0.0,0.0,0.0,0.0,0.0,0.0,0.0,0.0,0.0,0.0,0.0,0.0,0.0,0.0,0.0,0.0,0.0,0.0,0.0,0.0,VULCAN
0.0,0.0,0.0,-0.14534186328542759,-0.0920861634875013,-0.03957191496195907,-0.23224139580671233,-0.27265345214700015,-0.05180246224384683,-0.27460251685697334,-0.43441539141921176,-0.06472590195625148,-0.3243680152048793,-0.5604300861277727,-0.07653466164651698,-0.12894714242746108,-0.5047079646965543,0.007384501352904293,-0.1625562226665662,-0.6967532660294101,-0.018709344469854266,-0.17908167906053332,-0.8085896563969844,-0.0497011153098788,-0.18889269544415363,-0.9185551455927234,-0.07693939067390862,-0.04653529039827742,-0.5330727295738115,-0.005009066404649719,-0.08407388367831278,-0.7383969669604381,-0.030243935207100135,-0.11037938655496697,-0.8681056497953893,-0.06497524955319753,-0.13495252537388408,-0.9864145721494177,-0.09367020735800964,0.03357722379520624,-0.5178277367365594,-0.027099836436939036,0.029151778619293512,-0.7298016078427441,-0.059966765701998555,0.02114044445593502,-0.8731470354724008,-0.08844194581169795,0.007330350960013454,-1.0049357549647833,-0.11093487805244868,0.11502599464937623,-0.4670718516902978,-0.05401602335369154,0.11705558701206227,-0.6391261410736112,-0.08761805927014879,0.1096471020653432,-0.7544129566634805,-0.10374645523337714,0.09479673905353238,-0.8673662729620403,-0.11623453585892708,0.0,0.0,0.0,0.0,0.0,0.0,0.0,0.0,0.0,0.0,0.0,0.0,0.0,0.0,0.0,0.0,0.0,0.0,0.0,0.0,0.0,0.0,0.0,0.0,0.0,0.0,0.0,0.0,0.0,0.0,0.0,0.0,0.0,0.0,0.0,0.0,0.0,0.0,0.0,0.0,0.0,0.0,0.0,0.0,0.0,0.0,0.0,0.0,0.0,0.0,0.0,0.0,0.0,0.0,0.0,0.0,0.0,0.0,0.0,0.0,0.0,0.0,0.0,VULCAN
0.0,0.0,0.0,-0.1406174818835681,-0.09057807165176034,-0.028899122670059882,-0.2311520494588389,-0.27899416539451627,-0.033438012730319426,-0.27839341532553863,-0.4406500832950514,-0.04083766309693105,-0.3347599304526197,-0.5577600420708202,-0.046984986780777935,-0.12804397307790977,-0.5098102427774955,0.02487003141222573,-0.16454441628606695,-0.7037103422584934,0.006787626148642823,-0.1807682063159278,-0.8147281612253753,-0.01868853093334487,-0.18778331556654662,-0.9220093369152216,-0.042117679785947965,-0.05182030836725278,-0.5398043652165806,0.010300418319405667,-0.09544459025057896,-0.7467259055043761,-0.0075947688508633164,-0.12378632694990273,-0.8752533153247751,-0.03686510096662689,-0.14766194254081422,-0.987135985486933,-0.061306581064472454,0.02660412727365296,-0.5292962539772715,-0.013748269425167388,0.019429031320243817,-0.7453397745580661,-0.039256302223206516,0.01196282110110354,-0.8924580084427822,-0.06386809508867393,0.0004634691713140746,-1.023883392784186,-0.08398573840606716,0.10743224005728862,-0.4859131520484018,-0.0422117527363555,0.10694988014837584,-0.6591700442016719,-0.06868507934297478,0.09602377288135348,-0.7772701976010181,-0.08168354513625145,0.07918997201375737,-0.8925493854634143,-0.09253725072859278,0.0,0.0,0.0,0.0,0.0,0.0,0.0,0.0,0.0,0.0,0.0,0.0,0.0,0.0,0.0,0.0,0.0,0.0,0.0,0.0,0.0,0.0,0.0,0.0,0.0,0.0,0.0,0.0,0.0,0.0,0.0,0.0,0.0,0.0,0.0,0.0,0.0,0.0,0.0,0.0,0.0,0.0,0.0,0.0,0.0,0.0,0.0,0.0,0.0,0.0,0.0,0.0,0.0,0.0,0.0,0.0,0.0,0.0,0.0,0.0,0.0,0.0,0.0,VULCAN
0.0,0.0,0.0,-0.13310997618626091,-0.09788630194609894,-0.04128935262488877,-0.21229038491951166,-0.2820677399195332,-0.056392482074063374,-0.2582062656583571,-0.4369220279341428,-0.0720581844423192,-0.3106372240734039,-0.5610690085032386,-0.08651065209818809,-0.09841430503744414,-0.5158666241673631,0.00041630217948705257,-0.13013063187382568,-0.7063304779464651,-0.028446582097853064,-0.14681388153875072,-0.8210894914504991,-0.061764596950825285,-0.15644877919062494,-0.9307126456350748,-0.09055169796201949,-0.02214941007480388,-0.5373622180325501,-0.012326617273097449,-0.06171298556327832,-0.7457992013103769,-0.041232690522532076,-0.08565316497284592,-0.8756056818802038,-0.07634242709406423,-0.10483068318575507,-0.9890090461596923,-0.1042671303772356,0.053161904458306715,-0.513743160475542,-0.03456215654572608,0.05177314332953018,-0.725624630039785,-0.0707614504746382,0.048234198747238465,-0.8696026723807773,-0.09998055504788238,0.040663417833490624,-0.9963390159785349,-0.1214602670138992,0.1301465667883961,-0.4551942248789494,-0.061766017006187425,0.1366111738036197,-0.627594186794207,-0.0962404776109109,0.1274468408438027,-0.7404484630003332,-0.11283800137373404,0.11023337658798181,-0.8451212208825606,-0.1252009882093015,0.0,0.0,0.0,0.0,0.0,0.0,0.0,0.0,0.0,0.0,0.0,0.0,0.0,0.0,0.0,0.0,0.0,0.0,0.0,0.0,0.0,0.0,0.0,0.0,0.0,0.0,0.0,0.0,0.0,0.0,0.0,0.0,0.0,0.0,0.0,0.0,0.0,0.0,0.0,0.0,0.0,0.0,0.0,0.0,0.0,0.0,0.0,0.0,0.0,0.0,0.0,0.0,0.0,0.0,0.0,0.0,0.0,0.0,0.0,0.0,0.0,0.0,0.0,VULCAN
0.0,0.0,0.0,-0.13552872982064904,-0.09770866934909796,-0.04203241560239293,-0.21547823702601615,-0.2826238869133957,-0.05821191924395025,-0.25095614462468546,-0.43940851334188596,-0.07473315476922587,-0.3003575151518852,-0.5651204209555538,-0.09116405007113774,-0.10670777327841778,-0.5090924118885104,-0.011903744205347495,-0.13087050492961902,-0.7121419989481913,-0.046487027749894,-0.13934151473080758,-0.8314612760442329,-0.08172293178837428,-0.1436778166654521,-0.9456593211106856,-0.1121354105990672,-0.030614778155770194,-0.5216929767162901,-0.027314323221311228,-0.05705060310975853,-0.7333238558668773,-0.06221024237593152,-0.07945661935244461,-0.8656696850846799,-0.10114528097745329,-0.10171795306103486,-0.9859703047169981,-0.13234808741097423,0.04293841381960209,-0.4896222765859019,-0.05167010105562128,0.0483160212269581,-0.6973137376254775,-0.09190998122794719,0.0449219405464899,-0.8313215448423823,-0.12231802686907173,0.03449478027983914,-0.9541074453936477,-0.14563606699660134,0.11727915549011829,-0.419986164152807,-0.08103806466368793,0.1242768848670152,-0.5817951261903198,-0.12003711074920533,0.12067243013975587,-0.6915016796004188,-0.13914101298985587,0.11023830346378334,-0.7972353646200354,-0.15367336024387931,0.0,0.0,0.0,0.0,0.0,0.0,0.0,0.0,0.0,0.0,0.0,0.0,0.0,0.0,0.0,0.0,0.0,0.0,0.0,0.0,0.0,0.0,0.0,0.0,0.0,0.0,0.0,0.0,0.0,0.0,0.0,0.0,0.0,0.0,0.0,0.0,0.0,0.0,0.0,0.0,0.0,0.0,0.0,0.0,0.0,0.0,0.0,0.0,0.0,0.0,0.0,0.0,0.0,0.0,0.0,0.0,0.0,0.0,0.0,0.0,0.0,0.0,0.0,VULCAN
0.0,0.0,0.0,-0.12132990801244824,-0.10869370072374139,-0.040957609795807044,-0.20076164261612858,-0.2884157192835112,-0.06281181784682771,-0.24543602583413876,-0.4361801708503054,-0.08467757542635512,-0.29140715524094635,-0.5614921660813006,-0.10579396818280078,-0.09230645442619068,-0.5143027667579946,-0.02340575962235834,-0.11967274160280182,-0.7124783236810603,-0.060175693803497146,-0.13519925622628598,-0.828748630384357,-0.09500199652279766,-0.144779557700366,-0.9434193814265661,-0.12418823865994805,-0.016453330062656,-0.5205387916570275,-0.03868555888096921,-0.047017633409643746,-0.7289619721566648,-0.07516257958320778,-0.07056910339503947,-0.8616022621067935,-0.11163865643751474,-0.09272488887257693,-0.9856716058838811,-0.14090273360676633,0.05621494877186845,-0.4815034315089373,-0.06153080726018794,0.06326628536511363,-0.6828663412822362,-0.10001024818150167,0.060645298913419146,-0.8172822757747404,-0.12569281872229837,0.04963954209443172,-0.9415207916849149,-0.14591705903498448,0.1273176216510594,-0.4094446334700721,-0.0891187257820241,0.13320031599614954,-0.5671033780594951,-0.12564476173219236,0.12601289238204647,-0.6798001468046602,-0.14179320729809788,0.11227213804518202,-0.7889947353773026,-0.15416128972476503,0.0,0.0,0.0,0.0,0.0,0.0,0.0,0.0,0.0,0.0,0.0,0.0,0.0,0.0,0.0,0.0,0.0,0.0,0.0,0.0,0.0,0.0,0.0,0.0,0.0,0.0,0.0,0.0,0.0,0.0,0.0,0.0,0.0,0.0,0.0,0.0,0.0,0.0,0.0,0.0,0.0,0.0,0.0,0.0,0.0,0.0,0.0,0.0,0.0,0.0,0.0,0.0,0.0,0.0,0.0,0.0,0.0,0.0,0.0,0.0,0.0,0.0,0.0,VULCAN
0.0,0.0,0.0,-0.12717005714678412,-0.10270457939180705,-0.042849503744016804,-0.20712777156309362,-0.2822997629883642,-0.06289535553210827,-0.243342841303945,-0.43713573495593533,-0.08174112119451929,-0.28612891024244014,-0.562865210256637,-0.09980532483731357,-0.0960743238144964,-0.5086145725184654,-0.030163325790507733,-0.12173245472302942,-0.7086438445921205,-0.06457439245701774,-0.13410797184732537,-0.8233867130515391,-0.09622074347621785,-0.1426687410178044,-0.937581578511798,-0.12331325653211057,-0.01408269342249974,-0.5191943250569556,-0.04305294570950824,-0.044706271921601475,-0.7301014092588253,-0.07772111654858366,-0.0650412837318963,-0.8625691645169705,-0.1130142384993399,-0.08553729512574612,-0.9862471839536037,-0.1414208728800583,0.06499216019315242,-0.4800245544567729,-0.06281627789344278,0.08379823889528153,-0.6780592567908396,-0.10261124033434872,0.09055536238145905,-0.8114294867113119,-0.1296274608014203,0.08623189840820168,-0.9359139854752118,-0.1502093643175973,0.1408410372433581,-0.405570098532889,-0.08668520686021809,0.15410800734336313,-0.5604218326974516,-0.12538868900880185,0.1522110921174659,-0.6702864789571712,-0.14176303403034998,0.14219208269976377,-0.7799195512851524,-0.15372208250425196,0.0,0.0,0.0,0.0,0.0,0.0,0.0,0.0,0.0,0.0,0.0,0.0,0.0,0.0,0.0,0.0,0.0,0.0,0.0,0.0,0.0,0.0,0.0,0.0,0.0,0.0,0.0,0.0,0.0,0.0,0.0,0.0,0.0,0.0,0.0,0.0,0.0,0.0,0.0,0.0,0.0,0.0,0.0,0.0,0.0,0.0,0.0,0.0,0.0,0.0,0.0,0.0,0.0,0.0,0.0,0.0,0.0,0.0,0.0,0.0,0.0,0.0,0.0,VULCAN
0.0,0.0,0.0,-0.12711532439131315,-0.10917697210197541,-0.04976427685594876,-0.2081470821414253,-0.2833051859562122,-0.07534246804504517,-0.2438302893442105,-0.44042107067715747,-0.09834524682703714,-0.27111665675257113,-0.579988835268379,-0.11990170587721487,-0.09356482185664147,-0.5087586410231844,-0.03885290115147981,-0.11691885938856038,-0.7122908605559012,-0.0780708635367398,-0.12560382848016005,-0.8288918313983561,-0.11288529367007176,-0.12995390848279983,-0.9459743043981905,-0.14189076354913438,-0.009567785304638265,-0.5172215986468224,-0.04893629423808885,-0.038141022326786435,-0.7281532873298963,-0.08760249259908454,-0.054910047809827216,-0.8601786387633463,-0.12552135559553235,-0.0722842195263472,-0.9851685426541712,-0.15562112379790619,0.0710160272654448,-0.4745281583278069,-0.06625952347461456,0.09501231670524142,-0.6670573002445039,-0.10939032514035756,0.10866571069566561,-0.7984787506013338,-0.13752957052152792,0.10996540542510098,-0.9228027446039596,-0.15827044404682325,0.14900418584723416,-0.3975675031860732,-0.08799417225354708,0.1666884016216478,-0.5514742451342902,-0.12878203229776294,0.1687935883231772,-0.6600466935812159,-0.14542679112627446,0.16218504280966378,-0.769263012639936,-0.1571155454956301,0.0,0.0,0.0,0.0,0.0,0.0,0.0,0.0,0.0,0.0,0.0,0.0,0.0,0.0,0.0,0.0,0.0,0.0,0.0,0.0,0.0,0.0,0.0,0.0,0.0,0.0,0.0,0.0,0.0,0.0,0.0,0.0,0.0,0.0,0.0,0.0,0.0,0.0,0.0,0.0,0.0,0.0,0.0,0.0,0.0,0.0,0.0,0.0,0.0,0.0,0.0,0.0,0.0,0.0,0.0,0.0,0.0,0.0,0.0,0.0,0.0,0.0,0.0,VULCAN
0.0,0.0,0.0,-0.12240883324642034,-0.1148029206302978,-0.06507569672964558,-0.19740821206830858,-0.27047199776063163,-0.10102020594260613,-0.22616501851327078,-0.42235577886632325,-0.13142916937250007,-0.23977008378987114,-0.5665241666321138,-0.15928579011632266,-0.0881646965246449,-0.49403645808157776,-0.053917949215628765,-0.10774389029628796,-0.6974762760249128,-0.10151199758968056,-0.11364685632087465,-0.8139474743508832,-0.14127467962796564,-0.11459347357897391,-0.9321869167000717,-0.17271479018728692,0.0022399234748304714,-0.5027330072412463,-0.05886278784352253,-0.02225573679963787,-0.715424076678061,-0.10478644059123335,-0.033899793778653015,-0.8495721108658278,-0.14636284514089534,-0.046436639993242976,-0.9828364140445706,-0.1785391321087553,0.08510614397118005,-0.4610261951836252,-0.07251351896368703,0.11563171577614018,-0.6471292191798521,-0.12354758364223226,0.1323088883624827,-0.7752570517346528,-0.15460110668748503,0.13490749154188278,-0.8970141488391035,-0.1756340806534216,0.16391506097797579,-0.38460891065461017,-0.09150128874208492,0.1853047270520086,-0.5353642583002132,-0.13694026934812178,0.19410762891477626,-0.639816558502422,-0.15454473714815858,0.19369824920836157,-0.7450562075764714,-0.1660337453104773,0.0,0.0,0.0,0.0,0.0,0.0,0.0,0.0,0.0,0.0,0.0,0.0,0.0,0.0,0.0,0.0,0.0,0.0,0.0,0.0,0.0,0.0,0.0,0.0,0.0,0.0,0.0,0.0,0.0,0.0,0.0,0.0,0.0,0.0,0.0,0.0,0.0,0.0,0.0,0.0,0.0,0.0,0.0,0.0,0.0,0.0,0.0,0.0,0.0,0.0,0.0,0.0,0.0,0.0,0.0,0.0,0.0,0.0,0.0,0.0,0.0,0.0,0.0,VULCAN
0.0,0.0,0.0,-0.13615098343916307,-0.10410069860117298,-0.06017311695070385,-0.21856571091730026,-0.26948156724679373,-0.08953400026487839,-0.24738127283042527,-0.4322125726440495,-0.1145682501156461,-0.2675708221632076,-0.5795336255951453,-0.1374986853785623,-0.11377460066495992,-0.4981232951000473,-0.04137901559144504,-0.1416192115821994,-0.7000262915200457,-0.08514620149868148,-0.15205499542939832,-0.8167287513570126,-0.12368254390530639,-0.15765637166578006,-0.9354164785151018,-0.15515031378310118,-0.027681450455193483,-0.5172420641596985,-0.047183289270094866,-0.05845264883390173,-0.7253680489271316,-0.08950591135836676,-0.07340503982843147,-0.8536729598590057,-0.13055182349642502,-0.08893860253890057,-0.9825526203686016,-0.16334097215708634,0.05297729911185168,-0.4852977128095372,-0.06211671190712886,0.0721993310672015,-0.6756727803721645,-0.1100801849217061,0.08553932027039754,-0.8090139193772619,-0.14350162011374998,0.08680390922954435,-0.9370381637933641,-0.1676188951327862,0.13325313663585672,-0.4191021271929914,-0.0824187957002521,0.1503497587687789,-0.5775304907409619,-0.1264192649834278,0.15427883564747957,-0.6858648408947249,-0.14760333169800594,0.1499330192254237,-0.7945735190453955,-0.16291410661857106,0.0,0.0,0.0,0.0,0.0,0.0,0.0,0.0,0.0,0.0,0.0,0.0,0.0,0.0,0.0,0.0,0.0,0.0,0.0,0.0,0.0,0.0,0.0,0.0,0.0,0.0,0.0,0.0,0.0,0.0,0.0,0.0,0.0,0.0,0.0,0.0,0.0,0.0,0.0,0.0,0.0,0.0,0.0,0.0,0.0,0.0,0.0,0.0,0.0,0.0,0.0,0.0,0.0,0.0,0.0,0.0,0.0,0.0,0.0,0.0,0.0,0.0,0.0,VULCAN
0.0,0.0,0.0,-0.14292870164870486,-0.08459867046496339,-0.05122207498226368,-0.2426469165539039,-0.24878920097762353,-0.07356700258480067,-0.2882575954286568,-0.4135468177174863,-0.09268271854662934,-0.3308324041520438,-0.5535710408940451,-0.10975478629129012,-0.14849498421369478,-0.49251848821443245,-0.031066056940123234,-0.19328464405672996,-0.693217683821553,-0.0672745149874211,-0.21249073653887393,-0.8081693289711654,-0.09947106900274884,-0.227255608046099,-0.9233659262161635,-0.1262959997638774,-0.06091654049062331,-0.518125483512183,-0.039376011221760265,-0.11148190262313064,-0.72370172479741,-0.07527426467522878,-0.13884566779732546,-0.8536913070738645,-0.11028505486494215,-0.16499840386869566,-0.9765727882295699,-0.13813441283875016,0.024960254085225956,-0.4957373565837113,-0.05624699324239456,0.028128882545461892,-0.6921966813176992,-0.09871253260402317,0.028337651493920236,-0.8304076472589417,-0.12705726128720302,0.018564817788219872,-0.9583155922678347,-0.1474341161056945,0.11176023952854097,-0.44000333603680025,-0.07785080083954478,0.11352501395007882,-0.6022109520047204,-0.11812907791758727,0.10686223886246585,-0.7141441678004068,-0.13585080723217982,0.09233262288787074,-0.8265888284732545,-0.14821693458481092,0.0,0.0,0.0,0.0,0.0,0.0,0.0,0.0,0.0,0.0,0.0,0.0,0.0,0.0,0.0,0.0,0.0,0.0,0.0,0.0,0.0,0.0,0.0,0.0,0.0,0.0,0.0,0.0,0.0,0.0,0.0,0.0,0.0,0.0,0.0,0.0,0.0,0.0,0.0,0.0,0.0,0.0,0.0,0.0,0.0,0.0,0.0,0.0,0.0,0.0,0.0,0.0,0.0,0.0,0.0,0.0,0.0,0.0,0.0,0.0,0.0,0.0,0.0,VULCAN
